Diagnostic session: C:\Users\Tyler\AppData\Local\NovaCore\Logs\20260926-012949-949-4844-1cab0d8ddfdb443fb5aa74160be7894c
Earth route policy: scene=sol; owner=NCSM1; physicalGeneration=4; focus=None; altitude=; site=land; anchoredInstantiated=false; manualAcceptance=passed.
Physical surface authority: generation=4; mode=M12DNaturalTerrainCandidate.
Scene: sol; bodies=10; instant=843658259901570; rate=1:1; physical body radii plus screen-space markers; trajectory paths=9 x 128 segments.
Solar startup: UTC=2026-09-26T01:29:50.7192043+00:00; SimulationInstant=843658259901570 ticks (843658259.90157 ET seconds from J2000).
Controls: LMB/RMB drag orbit or surface yaw/pitch, wheel zoom, E attach/detach surface-relative camera, surface WASD with Shift fast/Ctrl slow, 1-0 focus, ,/. rate, Space pause, R Solar Map/home.
Runtime fingerprint: cwd=E:\NovaCore; process=E:\NovaCore\tools\NovaCore.App\bin\Release\net10.0-windows\NovaCore.exe; base=E:\NovaCore\tools\NovaCore.App\bin\Release\net10.0-windows\
Runtime managed: path=E:\NovaCore\tools\NovaCore.App\bin\Release\net10.0-windows\NovaCore.Triangle.dll; bytes=351744; sha256=f6e5511d1762c0e84bbf725cc16e04246423bc33985e6c560d58fb69b137c543
Runtime native-resolved: path=E:\NovaCore\tools\NovaCore.App\bin\Release\net10.0-windows\NovaCore.Native.dll; bytes=449024; sha256=79719b00774a7a3683d5c1820efda249ef3848adab1a4f00285b89ec1e50243a
Runtime production-fragment: path=E:\NovaCore\tools\NovaCore.App\bin\Release\net10.0-windows\shaders\planetary_production.frag.spv; bytes=152228; sha256=8c59838abb3d7ee6418695ea40f044ca1f04f5c3c9216296d5cc19bba6110d6b
Runtime production-tess-control: path=E:\NovaCore\tools\NovaCore.App\bin\Release\net10.0-windows\shaders\production_spherical_billboard.tesc.spv; bytes=15444; sha256=5c8bd5d3915e0fe8ef9e597cf17c2ef0e2101656d732392a6b5f9b7fe80d301c
Runtime production-tess-evaluation: path=E:\NovaCore\tools\NovaCore.App\bin\Release\net10.0-windows\shaders\production_spherical_billboard.tese.spv; bytes=22836; sha256=d0bc5d7a450f336d45c26c499b0b3a79ecc0258e1ffb9dee0b5bcfb8aa21d31e
Runtime distant-fragment: path=E:\NovaCore\tools\NovaCore.App\bin\Release\net10.0-windows\shaders\distant_planet.frag.spv; bytes=35760; sha256=04137afb1c632dfb7074480377d9f93136ab3127d382baeef07d52b09409eba8
Runtime terrain-v5: global=E:\NovaCore\.novacore\cache\terrain\v1\sha256\38\38ec671f475896f2c0a674e952f4121f117b18b1446bd363e3596bada4bf47ae.nccube; sha256=38ec671f475896f2c0a674e952f4121f117b18b1446bd363e3596bada4bf47ae; local=E:\NovaCore\.novacore\cache\terrain\v1\sha256\c4\c45c6d94e004e1a2927dc65d405a347b1800c619b22b2eb6b3543f3c445d3afe.nccube; localSha256=c45c6d94e004e1a2927dc65d405a347b1800c619b22b2eb6b3543f3c445d3afe; elevationOracle=E:\NovaCore\assets\earth\runtime\earth_elevation_8192x4096.r16; elevationOracleLoaded=True; elevationSha256=4600bc01767eb81404756af62c0ee87b4bc459b82de15dca6989df34fef76317
New Earth Renderer topology route: production=true; format=NCSM1; directory=E:\NovaCore\assets\planetary-nested-scale-mesh; persistentScaleResources=true; displacedTriangleCull=true.
Earth route: NCSM1 available; preparation deferred until Earth focus; anchoredOwner=false.
[native] Loaded runtime paths: module=E:\NovaCore\tools\NovaCore.App\bin\Release\net10.0-windows\NovaCore.Native.dll; cwd=E:\NovaCore; productionFragment=E:\NovaCore\tools\NovaCore.App\bin\Release\net10.0-windows\shaders/planetary_production.frag.spv; distantFragment=E:\NovaCore\tools\NovaCore.App\bin\Release\net10.0-windows\shaders/distant_planet.frag.spv
[native] GPU: AMD Radeon RX 6800 XT | Vulkan 1.4 | vendor=1002 device=73bf driverRaw=8388961 maxTessellation=64
[native] Vulkan validation layer: disabled (Release)
[native] REUSABLE_VISUAL_MESHES count=30 vertices=4448 indices=6408 gpu_buffer_bytes=239136
[native] Production cube pack: terrain-v5; maxLevel=2; records=126; raw transactional payloads; physicalSlots=256; immutableGlobalRecords=126; uploadBudget=2
[native] EXHAUST_PRESENTATION_STORAGE targets=2 allocated_bytes=8258272 extent=1280x602 physics_bytes=0
[native] PREPARED_VISUAL_SUBMISSION capacity=4096 bytes=327776 initial_active=1
[native] Earth terrain-v5 material roots ready: mask=0x3F; renderer-lifetime pinned=true
[native] Production cache extent seeded: records=126; controlHighWater=126; offset=104
[native] Earth terrain-v5 complete L0-L2 hierarchy synchronously resident before first submitted presentation frame: records=126; terrainBindings=126; injectedBatchDelayMs=0; milliseconds=85.445
[native] Native host callback is active
[native] Renderer health: completedFrame=0; extent=1280x602; applicationMode=1; surfaceMode=0; patches=0; billboardOwner=0; camera=(0,0,0); fenceMs=0.004
[native] Planetary context transition: epoch=1; body=2; surfaceMode=0; terrainVersion=0; physicalGeneration=4; regime=0; productionEligible=false; owner=bounded-sphere
[native] EXHAUST_PRESENTATION_STORAGE targets=2 allocated_bytes=8258272 extent=1280x602 physics_bytes=0
[native] PREPARED_VISUAL_SUBMISSION capacity=4096 bytes=327776 initial_active=1
[native] Swapchain recreated after resize
[native] GPU timings: total=0.142 ms; anchoredCompute=0.000; anchoredDraw=0.000; background=0.115; preSurface=0.000; scene=0.129; toneMap=0.013; regionalCompute=0.002; materialsOverlays=0.012
APPLICATION_QUALIFY step=0 frame=8 parts=0
[native] Planetary context transition: epoch=2; body=0; surfaceMode=0; terrainVersion=0; physicalGeneration=4; regime=0; productionEligible=false; owner=bounded-sphere
[native] EXHAUST_PRESENTATION_STORAGE targets=2 allocated_bytes=4956896 extent=660x602 physics_bytes=0
[native] PREPARED_VISUAL_SUBMISSION capacity=4096 bytes=327776 initial_active=1
[native] Swapchain recreated after resize
APPLICATION_QUALIFY step=1 frame=16 parts=0
APPLICATION_QUALIFY step=2 frame=24 parts=0
APPLICATION_QUALIFY step=3 frame=32 parts=1
APPLICATION_QUALIFY step=4 frame=40 parts=1
APPLICATION_QUALIFY step=5 frame=48 parts=2
APPLICATION_QUALIFY step=6 frame=56 parts=2
APPLICATION_QUALIFY step=7 frame=64 parts=3
APPLICATION_QUALIFY step=8 frame=72 parts=3
APPLICATION_QUALIFY step=9 frame=80 parts=4
APPLICATION_QUALIFY step=10 frame=88 parts=4
APPLICATION_QUALIFY step=11 frame=96 parts=12
APPLICATION_QUALIFY step=12 frame=104 parts=5
APPLICATION_QUALIFY step=13 frame=112 parts=5
APPLICATION_QUALIFY step=14 frame=120 parts=12
[native] GPU timings: total=0.031 ms; anchoredCompute=0.000; anchoredDraw=0.000; background=0.010; preSurface=0.000; scene=0.022; toneMap=0.009; regionalCompute=0.002; materialsOverlays=0.010
APPLICATION_QUALIFY step=15 frame=128 parts=12
APPLICATION_QUALIFY step=16 frame=136 parts=0
FLORIDA_PRESENTATION_READY site=82c74a661ff5199252015446daa8743583139f4a202d759ebb64790ad0f836c3 body=6 terrain=TerrainAuthorityVersion { SourceId = 2, Version = 5, IsValid = True } facility=AnchoredSurfaceObjectId { Value = 5639455913931657284, IsValid = True } displayEpoch=843658260008366 east=0 support=authored-base-footing-union coldMs=0.6971
MODULAR_FLIGHT_READY source=deacb1eb5597a2e6d8d66d5c30ba3a6ac728a8af82ec799b9e936018b66e77c7 compiled=7c81e40416a491b79f9d79f18b944437b692afa2ae72e545b7b72c1066cea5bb vehicle=ConstructionVehicleIdentity { Vessel = SpacecraftId { Value = 1 }, Generation = 1 } parts=12 epoch=843658260008366 mass=1304 physical=continuous-64Hz main=OFF controls=neutral
Z: ignite · X: cutoff · W/S pitch · A/D yaw · Q/E roll · mouse orbit · wheel zoom · F: craft · 1–0: celestial focus. Physical flight runs at 1x. In NovaCore, Menu returns to retained construction.
APPLICATION_LAUNCH process=4844 source=deacb1eb5597a2e6d8d66d5c30ba3a6ac728a8af82ec799b9e936018b66e77c7 compiled=7c81e40416a491b79f9d79f18b944437b692afa2ae72e545b7b72c1066cea5bb epoch=843658260008366 sourceRevision=25 dirty=False
P2S5C2 replacement: generation=1; level=17; pupil=1; active=712106; reused=0; new=712106; reuse=0.000%; prepareMs=0.242400; topologyUpload=1
[native] Production cache extent seeded: records=126; controlHighWater=126; offset=104
[native] Planetary context transition: epoch=3; body=6; surfaceMode=2; terrainVersion=5; physicalGeneration=4; regime=2; productionEligible=true; owner=terrain-v5
[native] Earth material state: epoch=3; body=6; terrainVersion=5; material=10; response=(0.580000,0.160000,0.000000); rootPayloadMask=0x3F; sharedAlbedoElevationLand=true; owner=terrain-v5; sunDirectionInput=(-1.49849e+11,-6.26755e+09,-2.71712e+09)
[native] Production surface: terrain-v5 body-fixed relaxed cube-sphere; real NCCUBE payloads; dynamic hierarchy enabled
[native] Earth focus frame: frame=136; epoch=3; focusedBody=6; cameraTargetBody=6; radius=6371008.799999997; distance=6371043.498913824; altitude=19.563982010; surfaceMode=2; terrainVersion=5; regime=2; roots=0x3F; activePatches=0; distantOwner=0; globalOwner=1; dynamicOwner=0; candidateOwner=0; material=terrain-v5-root; fingerprint=10/0.580000/0.160000/0.000000; center=(-3319541.25,4507501.5,-3041918.75); orientation=(0.687916636,0.165415332,0.163629323,0.687483728); presentationRadius=6371009.000000000; draws=0/1/0/0
[native] Earth Vulkan submission: terrainFrame=136; swapchainImage=0; recordSerial=136; submitSerial=136; presentSerial=136; serializedFence=true; globalDraw=1; dynamicHierarchyDraw=0; candidateIndirectDraw=0; visibleEarthOwners=1
[native] NCSM1 regional GPU work: kind=demand; ms=1.178320; frame=136
[native] GPU planetary: roots=6; candidates=46; refined=10; culled=31; frustum=9; horizon=22; active=5; splits=0; merges=0; balanced=0; parentFallbacks=0; pendingChildren=0; min=2; max=2; overflow=0; indirectInstances=5; terrainHits=5; terrainMisses=0; terrainGenerated=0; terrainEvictions=0; terrainResident=126/8192; residentBeforeDemand=126
[native] Production residency: requests=0; diskLoads=0; ready=0; failed=0; queued=0; pendingUploads=0; uploads=126; uploadBytes=61471872; queueDrops=0; digestFailures=0
[native] Production shader input: patch=0 face=2 level=2 x=1 y=0 terrainSlot=63 layer=64 height=532.157959 bodyDirection=(-0.159344360,0.836193010,0.524776738) clip=(1055841.72,-237323.859,0.239999995,3628761.94) ndc=(0.290964725,-0.0654007792,6.61382583e-08)
[native] Production shader input: patch=1 face=2 level=2 x=2 y=0 terrainSlot=66 layer=67 height=302.128174 bodyDirection=(0.159344360,0.836193010,0.524776738) clip=(3437172.69,47693.0518,0.239999995,2278268.22) ndc=(1.5086778,0.0209339055,1.05343169e-07)
[native] Production shader input: patch=2 face=4 level=2 x=0 y=3 terrainSlot=104 layer=105 height=-4347.219238 bodyDirection=(-0.478033079,0.478033079,0.736864133) clip=(-4105445.95,492071.445,0.239999995,3082973.45) ndc=(-1.33165141,0.159609368,7.78469224e-08)
[native] Production shader input: patch=3 face=4 level=2 x=1 y=3 terrainSlot=105 layer=106 height=703.135254 bodyDirection=(-0.159344360,0.524776738,0.836193010) clip=(-1893318.69,-378754.236,0.239999995,1535220.79) ndc=(-1.23325499,-0.246709945,1.56329302e-07)
[native] Production shader input: patch=4 face=4 level=2 x=2 y=3 terrainSlot=108 layer=109 height=-458.381348 bodyDirection=(0.159344360,0.524776738,0.836193010) clip=(488111.28,-92188.1921,0.239999995,185047.094) ndc=(2.63776787,-0.498187732,1.29696711e-06)
[native] Earth focus frame: frame=137; epoch=3; focusedBody=6; cameraTargetBody=6; radius=6371008.799999997; distance=6371043.498669653; altitude=19.563737869; surfaceMode=2; terrainVersion=5; regime=2; roots=0x3F; activePatches=5; distantOwner=0; globalOwner=1; dynamicOwner=0; candidateOwner=0; material=terrain-v5-root; fingerprint=10/0.580000/0.160000/0.000000; center=(-3319546.25,4507498,-3041918.75); orientation=(0.687916577,0.165415719,0.163629711,0.687483668); presentationRadius=6371009.000000000; draws=0/1/0/0
[native] Earth Vulkan submission: terrainFrame=137; swapchainImage=1; recordSerial=137; submitSerial=137; presentSerial=137; serializedFence=true; globalDraw=1; dynamicHierarchyDraw=0; candidateIndirectDraw=0; visibleEarthOwners=1
[native] EXHAUST_PRESENTATION_STORAGE targets=2 allocated_bytes=8258272 extent=1280x602 physics_bytes=0
[native] PREPARED_VISUAL_SUBMISSION capacity=4096 bytes=327776 initial_active=64
[native] Swapchain recreated after resize
[native] NCSM1 regional GPU work: kind=demand; ms=1.500080; frame=137
[native] Earth focus frame: frame=138; epoch=3; focusedBody=6; cameraTargetBody=6; radius=6371008.799999997; distance=6371043.498613342; altitude=19.563680649; surfaceMode=2; terrainVersion=5; regime=2; roots=0x3F; activePatches=0; distantOwner=0; globalOwner=1; dynamicOwner=0; candidateOwner=0; material=terrain-v5-root; fingerprint=10/0.580000/0.160000/0.000000; center=(-3319567,4507483,-3041918.75); orientation=(0.687916219,0.165417284,0.16363129,0.687483251); presentationRadius=6371009.000000000; draws=0/1/0/0
[native] Earth Vulkan submission: terrainFrame=138; swapchainImage=0; recordSerial=138; submitSerial=138; presentSerial=138; serializedFence=true; globalDraw=1; dynamicHierarchyDraw=0; candidateIndirectDraw=0; visibleEarthOwners=1
[native] NCSM1 regional GPU work: kind=demand; ms=1.321400; frame=138
[native] GPU planetary: roots=6; candidates=46; refined=10; culled=30; frustum=8; horizon=22; active=6; splits=0; merges=0; balanced=0; parentFallbacks=0; pendingChildren=0; min=2; max=2; overflow=0; indirectInstances=6; terrainHits=6; terrainMisses=0; terrainGenerated=0; terrainEvictions=0; terrainResident=126/8192; residentBeforeDemand=126
[native] Production residency: requests=0; diskLoads=0; ready=0; failed=0; queued=0; pendingUploads=0; uploads=126; uploadBytes=61471872; queueDrops=0; digestFailures=0
[native] Earth focus frame: frame=139; epoch=3; focusedBody=6; cameraTargetBody=6; radius=6371008.799999997; distance=6371043.498615350; altitude=19.563682556; surfaceMode=2; terrainVersion=5; regime=2; roots=0x3F; activePatches=6; distantOwner=0; globalOwner=1; dynamicOwner=0; candidateOwner=0; material=terrain-v5-root; fingerprint=10/0.580000/0.160000/0.000000; center=(-3319587.5,4507467.5,-3041918.75); orientation=(0.687915802,0.165418848,0.163632855,0.687482893); presentationRadius=6371009.000000000; draws=0/1/0/0
[native] Earth Vulkan submission: terrainFrame=139; swapchainImage=1; recordSerial=139; submitSerial=139; presentSerial=139; serializedFence=true; globalDraw=1; dynamicHierarchyDraw=0; candidateIndirectDraw=0; visibleEarthOwners=1
[native] NCSM1 regional GPU work: kind=demand; ms=1.498720; frame=139
[native] GPU planetary: roots=6; candidates=46; refined=10; culled=30; frustum=8; horizon=22; active=6; splits=0; merges=0; balanced=0; parentFallbacks=0; pendingChildren=0; min=2; max=2; overflow=0; indirectInstances=6; terrainHits=6; terrainMisses=0; terrainGenerated=0; terrainEvictions=0; terrainResident=126/8192; residentBeforeDemand=126
[native] Production residency: requests=0; diskLoads=0; ready=0; failed=0; queued=0; pendingUploads=0; uploads=126; uploadBytes=61471872; queueDrops=0; digestFailures=0
[native] Earth focus frame: frame=140; epoch=3; focusedBody=6; cameraTargetBody=6; radius=6371008.799999997; distance=6371043.498608201; altitude=19.563674927; surfaceMode=2; terrainVersion=5; regime=2; roots=0x3F; activePatches=6; distantOwner=0; globalOwner=1; dynamicOwner=0; candidateOwner=0; material=terrain-v5-root; fingerprint=10/0.580000/0.160000/0.000000; center=(-3319602.75,4507456.5,-3041918.75); orientation=(0.687915564,0.165420026,0.163634032,0.687482595); presentationRadius=6371009.000000000; draws=0/1/0/0
[native] Earth Vulkan submission: terrainFrame=140; swapchainImage=2; recordSerial=140; submitSerial=140; presentSerial=140; serializedFence=true; globalDraw=1; dynamicHierarchyDraw=0; candidateIndirectDraw=0; visibleEarthOwners=1
[native] NCSM1 regional GPU work: kind=demand; ms=1.499240; frame=140
[native] GPU planetary: roots=6; candidates=46; refined=10; culled=30; frustum=8; horizon=22; active=6; splits=0; merges=0; balanced=0; parentFallbacks=0; pendingChildren=0; min=2; max=2; overflow=0; indirectInstances=6; terrainHits=6; terrainMisses=0; terrainGenerated=0; terrainEvictions=0; terrainResident=126/8192; residentBeforeDemand=126
[native] Production residency: requests=0; diskLoads=0; ready=0; failed=0; queued=0; pendingUploads=0; uploads=126; uploadBytes=61471872; queueDrops=0; digestFailures=0
[native] Earth focus frame: frame=141; epoch=3; focusedBody=6; cameraTargetBody=6; radius=6371008.799999997; distance=6371043.498604245; altitude=19.563671112; surfaceMode=2; terrainVersion=5; regime=2; roots=0x3F; activePatches=6; distantOwner=0; globalOwner=1; dynamicOwner=0; candidateOwner=0; material=terrain-v5-root; fingerprint=10/0.580000/0.160000/0.000000; center=(-3319608,4507452.5,-3041918.75); orientation=(0.687915444,0.165420413,0.163634419,0.687482536); presentationRadius=6371009.000000000; draws=0/1/0/0
[native] Earth Vulkan submission: terrainFrame=141; swapchainImage=0; recordSerial=141; submitSerial=141; presentSerial=141; serializedFence=true; globalDraw=1; dynamicHierarchyDraw=0; candidateIndirectDraw=0; visibleEarthOwners=1
[native] NCSM1 regional GPU work: kind=demand; ms=1.502640; frame=141
[native] GPU planetary: roots=6; candidates=46; refined=10; culled=30; frustum=8; horizon=22; active=6; splits=0; merges=0; balanced=0; parentFallbacks=0; pendingChildren=0; min=2; max=2; overflow=0; indirectInstances=6; terrainHits=6; terrainMisses=0; terrainGenerated=0; terrainEvictions=0; terrainResident=126/8192; residentBeforeDemand=126
[native] Production residency: requests=0; diskLoads=0; ready=0; failed=0; queued=0; pendingUploads=0; uploads=126; uploadBytes=61471872; queueDrops=0; digestFailures=0
[native] Earth focus frame: frame=142; epoch=3; focusedBody=6; cameraTargetBody=6; radius=6371008.799999997; distance=6371043.498604245; altitude=19.563671112; surfaceMode=2; terrainVersion=5; regime=2; roots=0x3F; activePatches=6; distantOwner=0; globalOwner=1; dynamicOwner=0; candidateOwner=0; material=terrain-v5-root; fingerprint=10/0.580000/0.160000/0.000000; center=(-3319608,4507452.5,-3041918.75); orientation=(0.687915444,0.165420413,0.163634419,0.687482536); presentationRadius=6371009.000000000; draws=0/1/0/0
[native] Earth Vulkan submission: terrainFrame=142; swapchainImage=1; recordSerial=142; submitSerial=142; presentSerial=142; serializedFence=true; globalDraw=1; dynamicHierarchyDraw=0; candidateIndirectDraw=0; visibleEarthOwners=1
[native] NCSM1 regional GPU work: kind=demand; ms=1.500200; frame=142
[native] Earth focus frame: frame=143; epoch=3; focusedBody=6; cameraTargetBody=6; radius=6371008.799999997; distance=6371043.498604245; altitude=19.563671112; surfaceMode=2; terrainVersion=5; regime=2; roots=0x3F; activePatches=6; distantOwner=0; globalOwner=1; dynamicOwner=0; candidateOwner=0; material=terrain-v5-root; fingerprint=10/0.580000/0.160000/0.000000; center=(-3319608,4507452.5,-3041918.75); orientation=(0.687915444,0.165420413,0.163634419,0.687482536); presentationRadius=6371009.000000000; draws=0/1/0/0
[native] Earth Vulkan submission: terrainFrame=143; swapchainImage=2; recordSerial=143; submitSerial=143; presentSerial=143; serializedFence=true; globalDraw=1; dynamicHierarchyDraw=0; candidateIndirectDraw=0; visibleEarthOwners=1
[native] NCSM1 regional GPU work: kind=demand; ms=1.503960; frame=143
APPLICATION_QUALIFY step=17 frame=144 parts=12
[native] Earth focus frame: frame=144; epoch=3; focusedBody=6; cameraTargetBody=6; radius=6371008.799999997; distance=6371043.498620387; altitude=19.563688278; surfaceMode=2; terrainVersion=5; regime=2; roots=0x3F; activePatches=6; distantOwner=0; globalOwner=1; dynamicOwner=0; candidateOwner=0; material=terrain-v5-root; fingerprint=10/0.580000/0.160000/0.000000; center=(-3319613.25,4507449,-3041918.5); orientation=(0.687915325,0.165420815,0.163634807,0.687482417); presentationRadius=6371009.000000000; draws=0/1/0/0
[native] Earth Vulkan submission: terrainFrame=144; swapchainImage=0; recordSerial=144; submitSerial=144; presentSerial=144; serializedFence=true; globalDraw=1; dynamicHierarchyDraw=0; candidateIndirectDraw=0; visibleEarthOwners=1
[native] NCSM1 regional GPU work: kind=demand; ms=1.498960; frame=144
[native] GPU planetary: roots=6; candidates=46; refined=10; culled=30; frustum=8; horizon=22; active=6; splits=0; merges=0; balanced=0; parentFallbacks=0; pendingChildren=0; min=2; max=2; overflow=0; indirectInstances=6; terrainHits=6; terrainMisses=0; terrainGenerated=0; terrainEvictions=0; terrainResident=126/8192; residentBeforeDemand=126
[native] Production residency: requests=0; diskLoads=0; ready=0; failed=0; queued=0; pendingUploads=0; uploads=126; uploadBytes=61471872; queueDrops=0; digestFailures=0
[native] Earth focus frame: frame=145; epoch=3; focusedBody=6; cameraTargetBody=6; radius=6371008.799999997; distance=6371043.498620119; altitude=19.563688278; surfaceMode=2; terrainVersion=5; regime=2; roots=0x3F; activePatches=6; distantOwner=0; globalOwner=1; dynamicOwner=0; candidateOwner=0; material=terrain-v5-root; fingerprint=10/0.580000/0.160000/0.000000; center=(-3319618.25,4507445,-3041918.5); orientation=(0.687915266,0.165421203,0.163635209,0.687482297); presentationRadius=6371009.000000000; draws=0/1/0/0
[native] Earth Vulkan submission: terrainFrame=145; swapchainImage=1; recordSerial=145; submitSerial=145; presentSerial=145; serializedFence=true; globalDraw=1; dynamicHierarchyDraw=0; candidateIndirectDraw=0; visibleEarthOwners=1
[native] NCSM1 regional GPU work: kind=demand; ms=1.467960; frame=145
[native] Earth focus frame: frame=146; epoch=3; focusedBody=6; cameraTargetBody=6; radius=6371008.799999997; distance=6371043.498620119; altitude=19.563688278; surfaceMode=2; terrainVersion=5; regime=2; roots=0x3F; activePatches=6; distantOwner=0; globalOwner=1; dynamicOwner=0; candidateOwner=0; material=terrain-v5-root; fingerprint=10/0.580000/0.160000/0.000000; center=(-3319618.25,4507445,-3041918.5); orientation=(0.687915266,0.165421203,0.163635209,0.687482297); presentationRadius=6371009.000000000; draws=0/1/0/0
[native] Earth Vulkan submission: terrainFrame=146; swapchainImage=2; recordSerial=146; submitSerial=146; presentSerial=146; serializedFence=true; globalDraw=1; dynamicHierarchyDraw=0; candidateIndirectDraw=0; visibleEarthOwners=1
[native] NCSM1 regional GPU work: kind=demand; ms=1.443360; frame=146
[native] Earth focus frame: frame=147; epoch=3; focusedBody=6; cameraTargetBody=6; radius=6371008.799999997; distance=6371043.498608437; altitude=19.563676834; surfaceMode=2; terrainVersion=5; regime=2; roots=0x3F; activePatches=6; distantOwner=0; globalOwner=1; dynamicOwner=0; candidateOwner=0; material=terrain-v5-root; fingerprint=10/0.580000/0.160000/0.000000; center=(-3319623.5,4507441.5,-3041918.5); orientation=(0.687915146,0.16542159,0.163635597,0.687482238); presentationRadius=6371009.000000000; draws=0/1/0/0
[native] Earth Vulkan submission: terrainFrame=147; swapchainImage=0; recordSerial=147; submitSerial=147; presentSerial=147; serializedFence=true; globalDraw=1; dynamicHierarchyDraw=0; candidateIndirectDraw=0; visibleEarthOwners=1
[native] NCSM1 regional GPU work: kind=demand; ms=1.440440; frame=147
[native] GPU planetary: roots=6; candidates=46; refined=10; culled=30; frustum=8; horizon=22; active=6; splits=0; merges=0; balanced=0; parentFallbacks=0; pendingChildren=0; min=2; max=2; overflow=0; indirectInstances=6; terrainHits=6; terrainMisses=0; terrainGenerated=0; terrainEvictions=0; terrainResident=126/8192; residentBeforeDemand=126
[native] Production residency: requests=0; diskLoads=0; ready=0; failed=0; queued=0; pendingUploads=0; uploads=126; uploadBytes=61471872; queueDrops=0; digestFailures=0
[native] Earth focus frame: frame=148; epoch=3; focusedBody=6; cameraTargetBody=6; radius=6371008.799999997; distance=6371043.498608437; altitude=19.563676834; surfaceMode=2; terrainVersion=5; regime=2; roots=0x3F; activePatches=6; distantOwner=0; globalOwner=1; dynamicOwner=0; candidateOwner=0; material=terrain-v5-root; fingerprint=10/0.580000/0.160000/0.000000; center=(-3319623.5,4507441.5,-3041918.5); orientation=(0.687915146,0.16542159,0.163635597,0.687482238); presentationRadius=6371009.000000000; draws=0/1/0/0
[native] Earth Vulkan submission: terrainFrame=148; swapchainImage=1; recordSerial=148; submitSerial=148; presentSerial=148; serializedFence=true; globalDraw=1; dynamicHierarchyDraw=0; candidateIndirectDraw=0; visibleEarthOwners=1
[native] NCSM1 regional GPU work: kind=demand; ms=1.438960; frame=148
[native] Earth focus frame: frame=149; epoch=3; focusedBody=6; cameraTargetBody=6; radius=6371008.799999997; distance=6371043.498608437; altitude=19.563676834; surfaceMode=2; terrainVersion=5; regime=2; roots=0x3F; activePatches=6; distantOwner=0; globalOwner=1; dynamicOwner=0; candidateOwner=0; material=terrain-v5-root; fingerprint=10/0.580000/0.160000/0.000000; center=(-3319623.5,4507441.5,-3041918.5); orientation=(0.687915146,0.16542159,0.163635597,0.687482238); presentationRadius=6371009.000000000; draws=0/1/0/0
[native] Earth Vulkan submission: terrainFrame=149; swapchainImage=2; recordSerial=149; submitSerial=149; presentSerial=149; serializedFence=true; globalDraw=1; dynamicHierarchyDraw=0; candidateIndirectDraw=0; visibleEarthOwners=1
[native] NCSM1 regional GPU work: kind=demand; ms=1.438560; frame=149
[native] Earth focus frame: frame=150; epoch=3; focusedBody=6; cameraTargetBody=6; radius=6371008.799999997; distance=6371043.498608437; altitude=19.563676834; surfaceMode=2; terrainVersion=5; regime=2; roots=0x3F; activePatches=6; distantOwner=0; globalOwner=1; dynamicOwner=0; candidateOwner=0; material=terrain-v5-root; fingerprint=10/0.580000/0.160000/0.000000; center=(-3319623.5,4507441.5,-3041918.5); orientation=(0.687915146,0.16542159,0.163635597,0.687482238); presentationRadius=6371009.000000000; draws=0/1/0/0
[native] Earth Vulkan submission: terrainFrame=150; swapchainImage=0; recordSerial=150; submitSerial=150; presentSerial=150; serializedFence=true; globalDraw=1; dynamicHierarchyDraw=0; candidateIndirectDraw=0; visibleEarthOwners=1
[native] NCSM1 regional GPU work: kind=demand; ms=1.438840; frame=150
[native] Earth focus frame: frame=151; epoch=3; focusedBody=6; cameraTargetBody=6; radius=6371008.799999997; distance=6371043.498613048; altitude=19.563680649; surfaceMode=2; terrainVersion=5; regime=2; roots=0x3F; activePatches=6; distantOwner=0; globalOwner=1; dynamicOwner=0; candidateOwner=0; material=terrain-v5-root; fingerprint=10/0.580000/0.160000/0.000000; center=(-3319628.5,4507437.5,-3041918.5); orientation=(0.687915087,0.165421978,0.163635984,0.687482119); presentationRadius=6371009.000000000; draws=0/1/0/0
[native] Earth Vulkan submission: terrainFrame=151; swapchainImage=1; recordSerial=151; submitSerial=151; presentSerial=151; serializedFence=true; globalDraw=1; dynamicHierarchyDraw=0; candidateIndirectDraw=0; visibleEarthOwners=1
[native] NCSM1 regional GPU work: kind=demand; ms=1.438360; frame=151
[native] GPU planetary: roots=6; candidates=46; refined=10; culled=30; frustum=8; horizon=22; active=6; splits=0; merges=0; balanced=0; parentFallbacks=0; pendingChildren=0; min=2; max=2; overflow=0; indirectInstances=6; terrainHits=6; terrainMisses=0; terrainGenerated=0; terrainEvictions=0; terrainResident=126/8192; residentBeforeDemand=126
[native] Production residency: requests=0; diskLoads=0; ready=0; failed=0; queued=0; pendingUploads=0; uploads=126; uploadBytes=61471872; queueDrops=0; digestFailures=0
APPLICATION_QUALIFY step=18 frame=152 parts=12
[native] Earth focus frame: frame=152; epoch=3; focusedBody=6; cameraTargetBody=6; radius=6371008.799999997; distance=6371043.498613048; altitude=19.563680649; surfaceMode=2; terrainVersion=5; regime=2; roots=0x3F; activePatches=6; distantOwner=0; globalOwner=1; dynamicOwner=0; candidateOwner=0; material=terrain-v5-root; fingerprint=10/0.580000/0.160000/0.000000; center=(-3319628.5,4507437.5,-3041918.5); orientation=(0.687915087,0.165421978,0.163635984,0.687482119); presentationRadius=6371009.000000000; draws=0/1/0/0
[native] Earth Vulkan submission: terrainFrame=152; swapchainImage=2; recordSerial=152; submitSerial=152; presentSerial=152; serializedFence=true; globalDraw=1; dynamicHierarchyDraw=0; candidateIndirectDraw=0; visibleEarthOwners=1
[native] NCSM1 regional GPU work: kind=demand; ms=1.437840; frame=152
[native] Earth focus frame: frame=153; epoch=3; focusedBody=6; cameraTargetBody=6; radius=6371008.799999997; distance=6371043.498613048; altitude=19.563680649; surfaceMode=2; terrainVersion=5; regime=2; roots=0x3F; activePatches=6; distantOwner=0; globalOwner=1; dynamicOwner=0; candidateOwner=0; material=terrain-v5-root; fingerprint=10/0.580000/0.160000/0.000000; center=(-3319628.5,4507437.5,-3041918.5); orientation=(0.687915087,0.165421978,0.163635984,0.687482119); presentationRadius=6371009.000000000; draws=0/1/0/0
[native] Earth Vulkan submission: terrainFrame=153; swapchainImage=0; recordSerial=153; submitSerial=153; presentSerial=153; serializedFence=true; globalDraw=1; dynamicHierarchyDraw=0; candidateIndirectDraw=0; visibleEarthOwners=1
[native] NCSM1 regional GPU work: kind=demand; ms=1.439400; frame=153
[native] Earth focus frame: frame=154; epoch=3; focusedBody=6; cameraTargetBody=6; radius=6371008.799999997; distance=6371043.498603412; altitude=19.563671112; surfaceMode=2; terrainVersion=5; regime=2; roots=0x3F; activePatches=6; distantOwner=0; globalOwner=1; dynamicOwner=0; candidateOwner=0; material=terrain-v5-root; fingerprint=10/0.580000/0.160000/0.000000; center=(-3319633.75,4507433.5,-3041918.5); orientation=(0.687914968,0.16542238,0.163636386,0.687482059); presentationRadius=6371009.000000000; draws=0/1/0/0
[native] Earth Vulkan submission: terrainFrame=154; swapchainImage=1; recordSerial=154; submitSerial=154; presentSerial=154; serializedFence=true; globalDraw=1; dynamicHierarchyDraw=0; candidateIndirectDraw=0; visibleEarthOwners=1
[native] NCSM1 regional GPU work: kind=demand; ms=1.438800; frame=154
[native] GPU planetary: roots=6; candidates=46; refined=10; culled=30; frustum=8; horizon=22; active=6; splits=0; merges=0; balanced=0; parentFallbacks=0; pendingChildren=0; min=2; max=2; overflow=0; indirectInstances=6; terrainHits=6; terrainMisses=0; terrainGenerated=0; terrainEvictions=0; terrainResident=126/8192; residentBeforeDemand=126
[native] Production residency: requests=0; diskLoads=0; ready=0; failed=0; queued=0; pendingUploads=0; uploads=126; uploadBytes=61471872; queueDrops=0; digestFailures=0
[native] Earth focus frame: frame=155; epoch=3; focusedBody=6; cameraTargetBody=6; radius=6371008.799999997; distance=6371043.498603412; altitude=19.563671112; surfaceMode=2; terrainVersion=5; regime=2; roots=0x3F; activePatches=6; distantOwner=0; globalOwner=1; dynamicOwner=0; candidateOwner=0; material=terrain-v5-root; fingerprint=10/0.580000/0.160000/0.000000; center=(-3319633.75,4507433.5,-3041918.5); orientation=(0.687914968,0.16542238,0.163636386,0.687482059); presentationRadius=6371009.000000000; draws=0/1/0/0
[native] Earth Vulkan submission: terrainFrame=155; swapchainImage=2; recordSerial=155; submitSerial=155; presentSerial=155; serializedFence=true; globalDraw=1; dynamicHierarchyDraw=0; candidateIndirectDraw=0; visibleEarthOwners=1
[native] NCSM1 regional GPU work: kind=demand; ms=1.438640; frame=155
[native] Earth focus frame: frame=156; epoch=3; focusedBody=6; cameraTargetBody=6; radius=6371008.799999997; distance=6371043.498603412; altitude=19.563671112; surfaceMode=2; terrainVersion=5; regime=2; roots=0x3F; activePatches=6; distantOwner=0; globalOwner=1; dynamicOwner=0; candidateOwner=0; material=terrain-v5-root; fingerprint=10/0.580000/0.160000/0.000000; center=(-3319633.75,4507433.5,-3041918.5); orientation=(0.687914968,0.16542238,0.163636386,0.687482059); presentationRadius=6371009.000000000; draws=0/1/0/0
[native] Earth Vulkan submission: terrainFrame=156; swapchainImage=0; recordSerial=156; submitSerial=156; presentSerial=156; serializedFence=true; globalDraw=1; dynamicHierarchyDraw=0; candidateIndirectDraw=0; visibleEarthOwners=1
[native] NCSM1 regional GPU work: kind=demand; ms=1.439040; frame=156
[native] Earth focus frame: frame=157; epoch=3; focusedBody=6; cameraTargetBody=6; radius=6371008.799999997; distance=6371043.498614611; altitude=19.563682556; surfaceMode=2; terrainVersion=5; regime=2; roots=0x3F; activePatches=6; distantOwner=0; globalOwner=1; dynamicOwner=0; candidateOwner=0; material=terrain-v5-root; fingerprint=10/0.580000/0.160000/0.000000; center=(-3319638.75,4507430,-3041918.5); orientation=(0.687914908,0.165422767,0.163636774,0.68748194); presentationRadius=6371009.000000000; draws=0/1/0/0
[native] Earth Vulkan submission: terrainFrame=157; swapchainImage=1; recordSerial=157; submitSerial=157; presentSerial=157; serializedFence=true; globalDraw=1; dynamicHierarchyDraw=0; candidateIndirectDraw=0; visibleEarthOwners=1
[native] NCSM1 regional GPU work: kind=demand; ms=0.947480; frame=157
[native] NCSM1 regional demand: incoming=1; pupil=1; generation=1; required=670; anchoredPatches=0; unresolved=1; demandMs=282.010
[native] GPU planetary: roots=6; candidates=46; refined=10; culled=30; frustum=8; horizon=22; active=6; splits=0; merges=0; balanced=0; parentFallbacks=0; pendingChildren=0; min=2; max=2; overflow=0; indirectInstances=6; terrainHits=6; terrainMisses=0; terrainGenerated=0; terrainEvictions=0; terrainResident=126/8192; residentBeforeDemand=126
[native] Production residency: requests=0; diskLoads=0; ready=0; failed=0; queued=0; pendingUploads=0; uploads=126; uploadBytes=61471872; queueDrops=0; digestFailures=0
[native] Earth focus frame: frame=158; epoch=3; focusedBody=6; cameraTargetBody=6; radius=6371008.799999997; distance=6371043.498614611; altitude=19.563682556; surfaceMode=2; terrainVersion=5; regime=2; roots=0x3F; activePatches=6; distantOwner=0; globalOwner=1; dynamicOwner=0; candidateOwner=0; material=terrain-v5-root; fingerprint=10/0.580000/0.160000/0.000000; center=(-3319638.75,4507430,-3041918.5); orientation=(0.687914908,0.165422767,0.163636774,0.68748194); presentationRadius=6371009.000000000; draws=0/1/0/0
[native] Earth Vulkan submission: terrainFrame=158; swapchainImage=2; recordSerial=158; submitSerial=158; presentSerial=158; serializedFence=true; globalDraw=1; dynamicHierarchyDraw=0; candidateIndirectDraw=0; visibleEarthOwners=1
[native] Earth focus frame: frame=159; epoch=3; focusedBody=6; cameraTargetBody=6; radius=6371008.799999997; distance=6371043.498614611; altitude=19.563682556; surfaceMode=2; terrainVersion=5; regime=2; roots=0x3F; activePatches=6; distantOwner=0; globalOwner=1; dynamicOwner=0; candidateOwner=0; material=terrain-v5-root; fingerprint=10/0.580000/0.160000/0.000000; center=(-3319638.75,4507430,-3041918.5); orientation=(0.687914908,0.165422767,0.163636774,0.68748194); presentationRadius=6371009.000000000; draws=0/1/0/0
[native] Earth Vulkan submission: terrainFrame=159; swapchainImage=0; recordSerial=159; submitSerial=159; presentSerial=159; serializedFence=true; globalDraw=1; dynamicHierarchyDraw=0; candidateIndirectDraw=0; visibleEarthOwners=1
[native] Earth focus frame: frame=160; epoch=3; focusedBody=6; cameraTargetBody=6; radius=6371008.799999997; distance=6371043.498625528; altitude=19.563692093; surfaceMode=2; terrainVersion=5; regime=2; roots=0x3F; activePatches=6; distantOwner=0; globalOwner=1; dynamicOwner=0; candidateOwner=0; material=terrain-v5-root; fingerprint=10/0.580000/0.160000/0.000000; center=(-3319644,4507426,-3041918.5); orientation=(0.687914789,0.165423155,0.163637161,0.687481821); presentationRadius=6371009.000000000; draws=0/1/0/0
[native] Earth Vulkan submission: terrainFrame=160; swapchainImage=1; recordSerial=160; submitSerial=160; presentSerial=160; serializedFence=true; globalDraw=1; dynamicHierarchyDraw=0; candidateIndirectDraw=0; visibleEarthOwners=1
[native] GPU planetary: roots=6; candidates=46; refined=10; culled=30; frustum=8; horizon=22; active=6; splits=0; merges=0; balanced=0; parentFallbacks=0; pendingChildren=0; min=2; max=2; overflow=0; indirectInstances=6; terrainHits=6; terrainMisses=0; terrainGenerated=0; terrainEvictions=0; terrainResident=126/8192; residentBeforeDemand=126
[native] Production residency: requests=0; diskLoads=0; ready=0; failed=0; queued=0; pendingUploads=0; uploads=126; uploadBytes=61471872; queueDrops=0; digestFailures=0
[native] Earth focus frame: frame=161; epoch=3; focusedBody=6; cameraTargetBody=6; radius=6371008.799999997; distance=6371043.498625528; altitude=19.563692093; surfaceMode=2; terrainVersion=5; regime=2; roots=0x3F; activePatches=6; distantOwner=0; globalOwner=1; dynamicOwner=0; candidateOwner=0; material=terrain-v5-root; fingerprint=10/0.580000/0.160000/0.000000; center=(-3319644,4507426,-3041918.5); orientation=(0.687914789,0.165423155,0.163637161,0.687481821); presentationRadius=6371009.000000000; draws=0/1/0/0
[native] Earth Vulkan submission: terrainFrame=161; swapchainImage=2; recordSerial=161; submitSerial=161; presentSerial=161; serializedFence=true; globalDraw=1; dynamicHierarchyDraw=0; candidateIndirectDraw=0; visibleEarthOwners=1
[native] Earth focus frame: frame=162; epoch=3; focusedBody=6; cameraTargetBody=6; radius=6371008.799999997; distance=6371043.498625528; altitude=19.563692093; surfaceMode=2; terrainVersion=5; regime=2; roots=0x3F; activePatches=6; distantOwner=0; globalOwner=1; dynamicOwner=0; candidateOwner=0; material=terrain-v5-root; fingerprint=10/0.580000/0.160000/0.000000; center=(-3319644,4507426,-3041918.5); orientation=(0.687914789,0.165423155,0.163637161,0.687481821); presentationRadius=6371009.000000000; draws=0/1/0/0
[native] Earth Vulkan submission: terrainFrame=162; swapchainImage=0; recordSerial=162; submitSerial=162; presentSerial=162; serializedFence=true; globalDraw=1; dynamicHierarchyDraw=0; candidateIndirectDraw=0; visibleEarthOwners=1
[native] Earth focus frame: frame=163; epoch=3; focusedBody=6; cameraTargetBody=6; radius=6371008.799999997; distance=6371043.498625476; altitude=19.563692093; surfaceMode=2; terrainVersion=5; regime=2; roots=0x3F; activePatches=6; distantOwner=0; globalOwner=1; dynamicOwner=0; candidateOwner=0; material=terrain-v5-root; fingerprint=10/0.580000/0.160000/0.000000; center=(-3319649,4507422.5,-3041918.5); orientation=(0.687914729,0.165423557,0.163637549,0.687481761); presentationRadius=6371009.000000000; draws=0/1/0/0
[native] Earth Vulkan submission: terrainFrame=163; swapchainImage=1; recordSerial=163; submitSerial=163; presentSerial=163; serializedFence=true; globalDraw=1; dynamicHierarchyDraw=0; candidateIndirectDraw=0; visibleEarthOwners=1
[native] Earth focus frame: frame=164; epoch=3; focusedBody=6; cameraTargetBody=6; radius=6371008.799999997; distance=6371043.498625476; altitude=19.563692093; surfaceMode=2; terrainVersion=5; regime=2; roots=0x3F; activePatches=6; distantOwner=0; globalOwner=1; dynamicOwner=0; candidateOwner=0; material=terrain-v5-root; fingerprint=10/0.580000/0.160000/0.000000; center=(-3319649,4507422.5,-3041918.5); orientation=(0.687914729,0.165423557,0.163637549,0.687481761); presentationRadius=6371009.000000000; draws=0/1/0/0
[native] Earth Vulkan submission: terrainFrame=164; swapchainImage=2; recordSerial=164; submitSerial=164; presentSerial=164; serializedFence=true; globalDraw=1; dynamicHierarchyDraw=0; candidateIndirectDraw=0; visibleEarthOwners=1
[native] Earth focus frame: frame=165; epoch=3; focusedBody=6; cameraTargetBody=6; radius=6371008.799999997; distance=6371043.498609016; altitude=19.563676834; surfaceMode=2; terrainVersion=5; regime=2; roots=0x3F; activePatches=6; distantOwner=0; globalOwner=1; dynamicOwner=0; candidateOwner=0; material=terrain-v5-root; fingerprint=10/0.580000/0.160000/0.000000; center=(-3319654.25,4507418.5,-3041918.5); orientation=(0.68791461,0.165423945,0.163637951,0.687481642); presentationRadius=6371009.000000000; draws=0/1/0/0
[native] Earth Vulkan submission: terrainFrame=165; swapchainImage=0; recordSerial=165; submitSerial=165; presentSerial=165; serializedFence=true; globalDraw=1; dynamicHierarchyDraw=0; candidateIndirectDraw=0; visibleEarthOwners=1
[native] GPU planetary: roots=6; candidates=46; refined=10; culled=30; frustum=8; horizon=22; active=6; splits=0; merges=0; balanced=0; parentFallbacks=0; pendingChildren=0; min=2; max=2; overflow=0; indirectInstances=6; terrainHits=6; terrainMisses=0; terrainGenerated=0; terrainEvictions=0; terrainResident=126/8192; residentBeforeDemand=126
[native] Production residency: requests=0; diskLoads=0; ready=0; failed=0; queued=0; pendingUploads=0; uploads=126; uploadBytes=61471872; queueDrops=0; digestFailures=0
[native] Earth focus frame: frame=166; epoch=3; focusedBody=6; cameraTargetBody=6; radius=6371008.799999997; distance=6371043.498609016; altitude=19.563676834; surfaceMode=2; terrainVersion=5; regime=2; roots=0x3F; activePatches=6; distantOwner=0; globalOwner=1; dynamicOwner=0; candidateOwner=0; material=terrain-v5-root; fingerprint=10/0.580000/0.160000/0.000000; center=(-3319654.25,4507418.5,-3041918.5); orientation=(0.68791461,0.165423945,0.163637951,0.687481642); presentationRadius=6371009.000000000; draws=0/1/0/0
[native] Earth Vulkan submission: terrainFrame=166; swapchainImage=1; recordSerial=166; submitSerial=166; presentSerial=166; serializedFence=true; globalDraw=1; dynamicHierarchyDraw=0; candidateIndirectDraw=0; visibleEarthOwners=1
[native] Earth focus frame: frame=167; epoch=3; focusedBody=6; cameraTargetBody=6; radius=6371008.799999997; distance=6371043.498609016; altitude=19.563676834; surfaceMode=2; terrainVersion=5; regime=2; roots=0x3F; activePatches=6; distantOwner=0; globalOwner=1; dynamicOwner=0; candidateOwner=0; material=terrain-v5-root; fingerprint=10/0.580000/0.160000/0.000000; center=(-3319654.25,4507418.5,-3041918.5); orientation=(0.68791461,0.165423945,0.163637951,0.687481642); presentationRadius=6371009.000000000; draws=0/1/0/0
[native] Earth Vulkan submission: terrainFrame=167; swapchainImage=2; recordSerial=167; submitSerial=167; presentSerial=167; serializedFence=true; globalDraw=1; dynamicHierarchyDraw=0; candidateIndirectDraw=0; visibleEarthOwners=1
[native] Earth focus frame: frame=168; epoch=3; focusedBody=6; cameraTargetBody=6; radius=6371008.799999997; distance=6371043.498613848; altitude=19.563680649; surfaceMode=2; terrainVersion=5; regime=2; roots=0x3F; activePatches=6; distantOwner=0; globalOwner=1; dynamicOwner=0; candidateOwner=0; material=terrain-v5-root; fingerprint=10/0.580000/0.160000/0.000000; center=(-3319659.25,4507415,-3041918.5); orientation=(0.687914491,0.165424332,0.163638338,0.687481582); presentationRadius=6371009.000000000; draws=0/1/0/0
[native] Earth Vulkan submission: terrainFrame=168; swapchainImage=0; recordSerial=168; submitSerial=168; presentSerial=168; serializedFence=true; globalDraw=1; dynamicHierarchyDraw=0; candidateIndirectDraw=0; visibleEarthOwners=1
[native] GPU planetary: roots=6; candidates=46; refined=10; culled=30; frustum=8; horizon=22; active=6; splits=0; merges=0; balanced=0; parentFallbacks=0; pendingChildren=0; min=2; max=2; overflow=0; indirectInstances=6; terrainHits=6; terrainMisses=0; terrainGenerated=0; terrainEvictions=0; terrainResident=126/8192; residentBeforeDemand=126
[native] Production residency: requests=0; diskLoads=0; ready=0; failed=0; queued=0; pendingUploads=0; uploads=126; uploadBytes=61471872; queueDrops=0; digestFailures=0
[native] Earth focus frame: frame=169; epoch=3; focusedBody=6; cameraTargetBody=6; radius=6371008.799999997; distance=6371043.498613848; altitude=19.563680649; surfaceMode=2; terrainVersion=5; regime=2; roots=0x3F; activePatches=6; distantOwner=0; globalOwner=1; dynamicOwner=0; candidateOwner=0; material=terrain-v5-root; fingerprint=10/0.580000/0.160000/0.000000; center=(-3319659.25,4507415,-3041918.5); orientation=(0.687914491,0.165424332,0.163638338,0.687481582); presentationRadius=6371009.000000000; draws=0/1/0/0
[native] Earth Vulkan submission: terrainFrame=169; swapchainImage=1; recordSerial=169; submitSerial=169; presentSerial=169; serializedFence=true; globalDraw=1; dynamicHierarchyDraw=0; candidateIndirectDraw=0; visibleEarthOwners=1
[native] Earth focus frame: frame=170; epoch=3; focusedBody=6; cameraTargetBody=6; radius=6371008.799999997; distance=6371043.498613848; altitude=19.563680649; surfaceMode=2; terrainVersion=5; regime=2; roots=0x3F; activePatches=6; distantOwner=0; globalOwner=1; dynamicOwner=0; candidateOwner=0; material=terrain-v5-root; fingerprint=10/0.580000/0.160000/0.000000; center=(-3319659.25,4507415,-3041918.5); orientation=(0.687914491,0.165424332,0.163638338,0.687481582); presentationRadius=6371009.000000000; draws=0/1/0/0
[native] Earth Vulkan submission: terrainFrame=170; swapchainImage=2; recordSerial=170; submitSerial=170; presentSerial=170; serializedFence=true; globalDraw=1; dynamicHierarchyDraw=0; candidateIndirectDraw=0; visibleEarthOwners=1
[native] Earth focus frame: frame=171; epoch=3; focusedBody=6; cameraTargetBody=6; radius=6371008.799999997; distance=6371043.498603232; altitude=19.563671112; surfaceMode=2; terrainVersion=5; regime=2; roots=0x3F; activePatches=6; distantOwner=0; globalOwner=1; dynamicOwner=0; candidateOwner=0; material=terrain-v5-root; fingerprint=10/0.580000/0.160000/0.000000; center=(-3319664.5,4507411,-3041918.5); orientation=(0.687914431,0.165424719,0.163638726,0.687481463); presentationRadius=6371009.000000000; draws=0/1/0/0
[native] Earth Vulkan submission: terrainFrame=171; swapchainImage=0; recordSerial=171; submitSerial=171; presentSerial=171; serializedFence=true; globalDraw=1; dynamicHierarchyDraw=0; candidateIndirectDraw=0; visibleEarthOwners=1
[native] GPU planetary: roots=6; candidates=46; refined=10; culled=30; frustum=8; horizon=22; active=6; splits=0; merges=0; balanced=0; parentFallbacks=0; pendingChildren=0; min=2; max=2; overflow=0; indirectInstances=6; terrainHits=6; terrainMisses=0; terrainGenerated=0; terrainEvictions=0; terrainResident=126/8192; residentBeforeDemand=126
[native] Production residency: requests=0; diskLoads=0; ready=0; failed=0; queued=0; pendingUploads=0; uploads=126; uploadBytes=61471872; queueDrops=0; digestFailures=0
[native] Earth focus frame: frame=172; epoch=3; focusedBody=6; cameraTargetBody=6; radius=6371008.799999997; distance=6371043.498603232; altitude=19.563671112; surfaceMode=2; terrainVersion=5; regime=2; roots=0x3F; activePatches=6; distantOwner=0; globalOwner=1; dynamicOwner=0; candidateOwner=0; material=terrain-v5-root; fingerprint=10/0.580000/0.160000/0.000000; center=(-3319664.5,4507411,-3041918.5); orientation=(0.687914431,0.165424719,0.163638726,0.687481463); presentationRadius=6371009.000000000; draws=0/1/0/0
[native] Earth Vulkan submission: terrainFrame=172; swapchainImage=1; recordSerial=172; submitSerial=172; presentSerial=172; serializedFence=true; globalDraw=1; dynamicHierarchyDraw=0; candidateIndirectDraw=0; visibleEarthOwners=1
[native] Earth focus frame: frame=173; epoch=3; focusedBody=6; cameraTargetBody=6; radius=6371008.799999997; distance=6371043.498603232; altitude=19.563671112; surfaceMode=2; terrainVersion=5; regime=2; roots=0x3F; activePatches=6; distantOwner=0; globalOwner=1; dynamicOwner=0; candidateOwner=0; material=terrain-v5-root; fingerprint=10/0.580000/0.160000/0.000000; center=(-3319664.5,4507411,-3041918.5); orientation=(0.687914431,0.165424719,0.163638726,0.687481463); presentationRadius=6371009.000000000; draws=0/1/0/0
[native] Earth Vulkan submission: terrainFrame=173; swapchainImage=2; recordSerial=173; submitSerial=173; presentSerial=173; serializedFence=true; globalDraw=1; dynamicHierarchyDraw=0; candidateIndirectDraw=0; visibleEarthOwners=1
[native] Earth focus frame: frame=174; epoch=3; focusedBody=6; cameraTargetBody=6; radius=6371008.799999997; distance=6371043.498611139; altitude=19.563678741; surfaceMode=2; terrainVersion=5; regime=2; roots=0x3F; activePatches=6; distantOwner=0; globalOwner=1; dynamicOwner=0; candidateOwner=0; material=terrain-v5-root; fingerprint=10/0.580000/0.160000/0.000000; center=(-3319669.5,4507407.5,-3041918.5); orientation=(0.687914312,0.165425122,0.163639128,0.687481403); presentationRadius=6371009.000000000; draws=0/1/0/0
[native] Earth Vulkan submission: terrainFrame=174; swapchainImage=0; recordSerial=174; submitSerial=174; presentSerial=174; serializedFence=true; globalDraw=1; dynamicHierarchyDraw=0; candidateIndirectDraw=0; visibleEarthOwners=1
[native] GPU planetary: roots=6; candidates=46; refined=10; culled=30; frustum=8; horizon=22; active=6; splits=0; merges=0; balanced=0; parentFallbacks=0; pendingChildren=0; min=2; max=2; overflow=0; indirectInstances=6; terrainHits=6; terrainMisses=0; terrainGenerated=0; terrainEvictions=0; terrainResident=126/8192; residentBeforeDemand=126
[native] Production residency: requests=0; diskLoads=0; ready=0; failed=0; queued=0; pendingUploads=0; uploads=126; uploadBytes=61471872; queueDrops=0; digestFailures=0
[native] Earth focus frame: frame=175; epoch=3; focusedBody=6; cameraTargetBody=6; radius=6371008.799999997; distance=6371043.498611139; altitude=19.563678741; surfaceMode=2; terrainVersion=5; regime=2; roots=0x3F; activePatches=6; distantOwner=0; globalOwner=1; dynamicOwner=0; candidateOwner=0; material=terrain-v5-root; fingerprint=10/0.580000/0.160000/0.000000; center=(-3319669.5,4507407.5,-3041918.5); orientation=(0.687914312,0.165425122,0.163639128,0.687481403); presentationRadius=6371009.000000000; draws=0/1/0/0
[native] Earth Vulkan submission: terrainFrame=175; swapchainImage=1; recordSerial=175; submitSerial=175; presentSerial=175; serializedFence=true; globalDraw=1; dynamicHierarchyDraw=0; candidateIndirectDraw=0; visibleEarthOwners=1
[native] Earth focus frame: frame=176; epoch=3; focusedBody=6; cameraTargetBody=6; radius=6371008.799999997; distance=6371043.498611139; altitude=19.563678741; surfaceMode=2; terrainVersion=5; regime=2; roots=0x3F; activePatches=6; distantOwner=0; globalOwner=1; dynamicOwner=0; candidateOwner=0; material=terrain-v5-root; fingerprint=10/0.580000/0.160000/0.000000; center=(-3319669.5,4507407.5,-3041918.5); orientation=(0.687914312,0.165425122,0.163639128,0.687481403); presentationRadius=6371009.000000000; draws=0/1/0/0
[native] Earth Vulkan submission: terrainFrame=176; swapchainImage=2; recordSerial=176; submitSerial=176; presentSerial=176; serializedFence=true; globalDraw=1; dynamicHierarchyDraw=0; candidateIndirectDraw=0; visibleEarthOwners=1
[native] Earth focus frame: frame=177; epoch=3; focusedBody=6; cameraTargetBody=6; radius=6371008.799999997; distance=6371043.498620114; altitude=19.563688278; surfaceMode=2; terrainVersion=5; regime=2; roots=0x3F; activePatches=6; distantOwner=0; globalOwner=1; dynamicOwner=0; candidateOwner=0; material=terrain-v5-root; fingerprint=10/0.580000/0.160000/0.000000; center=(-3319674.75,4507403.5,-3041918.5); orientation=(0.687914252,0.165425509,0.163639516,0.687481284); presentationRadius=6371009.000000000; draws=0/1/0/0
[native] Earth Vulkan submission: terrainFrame=177; swapchainImage=0; recordSerial=177; submitSerial=177; presentSerial=177; serializedFence=true; globalDraw=1; dynamicHierarchyDraw=0; candidateIndirectDraw=0; visibleEarthOwners=1
[native] GPU planetary: roots=6; candidates=46; refined=10; culled=30; frustum=8; horizon=22; active=6; splits=0; merges=0; balanced=0; parentFallbacks=0; pendingChildren=0; min=2; max=2; overflow=0; indirectInstances=6; terrainHits=6; terrainMisses=0; terrainGenerated=0; terrainEvictions=0; terrainResident=126/8192; residentBeforeDemand=126
[native] Production residency: requests=0; diskLoads=0; ready=0; failed=0; queued=0; pendingUploads=0; uploads=126; uploadBytes=61471872; queueDrops=0; digestFailures=0
[native] Earth focus frame: frame=178; epoch=3; focusedBody=6; cameraTargetBody=6; radius=6371008.799999997; distance=6371043.498620114; altitude=19.563688278; surfaceMode=2; terrainVersion=5; regime=2; roots=0x3F; activePatches=6; distantOwner=0; globalOwner=1; dynamicOwner=0; candidateOwner=0; material=terrain-v5-root; fingerprint=10/0.580000/0.160000/0.000000; center=(-3319674.75,4507403.5,-3041918.5); orientation=(0.687914252,0.165425509,0.163639516,0.687481284); presentationRadius=6371009.000000000; draws=0/1/0/0
[native] Earth Vulkan submission: terrainFrame=178; swapchainImage=1; recordSerial=178; submitSerial=178; presentSerial=178; serializedFence=true; globalDraw=1; dynamicHierarchyDraw=0; candidateIndirectDraw=0; visibleEarthOwners=1
[native] Earth focus frame: frame=179; epoch=3; focusedBody=6; cameraTargetBody=6; radius=6371008.799999997; distance=6371043.498617447; altitude=19.563684464; surfaceMode=2; terrainVersion=5; regime=2; roots=0x3F; activePatches=6; distantOwner=0; globalOwner=1; dynamicOwner=0; candidateOwner=0; material=terrain-v5-root; fingerprint=10/0.580000/0.160000/0.000000; center=(-3319680,4507400,-3041918.5); orientation=(0.687914133,0.165425897,0.163639903,0.687481165); presentationRadius=6371009.000000000; draws=0/1/0/0
[native] Earth Vulkan submission: terrainFrame=179; swapchainImage=2; recordSerial=179; submitSerial=179; presentSerial=179; serializedFence=true; globalDraw=1; dynamicHierarchyDraw=0; candidateIndirectDraw=0; visibleEarthOwners=1
[native] GPU planetary: roots=6; candidates=46; refined=10; culled=30; frustum=8; horizon=22; active=6; splits=0; merges=0; balanced=0; parentFallbacks=0; pendingChildren=0; min=2; max=2; overflow=0; indirectInstances=6; terrainHits=6; terrainMisses=0; terrainGenerated=0; terrainEvictions=0; terrainResident=126/8192; residentBeforeDemand=126
[native] Production residency: requests=0; diskLoads=0; ready=0; failed=0; queued=0; pendingUploads=0; uploads=126; uploadBytes=61471872; queueDrops=0; digestFailures=0
[native] Earth focus frame: frame=180; epoch=3; focusedBody=6; cameraTargetBody=6; radius=6371008.799999997; distance=6371043.498617447; altitude=19.563684464; surfaceMode=2; terrainVersion=5; regime=2; roots=0x3F; activePatches=6; distantOwner=0; globalOwner=1; dynamicOwner=0; candidateOwner=0; material=terrain-v5-root; fingerprint=10/0.580000/0.160000/0.000000; center=(-3319680,4507400,-3041918.5); orientation=(0.687914133,0.165425897,0.163639903,0.687481165); presentationRadius=6371009.000000000; draws=0/1/0/0
[native] Earth Vulkan submission: terrainFrame=180; swapchainImage=0; recordSerial=180; submitSerial=180; presentSerial=180; serializedFence=true; globalDraw=1; dynamicHierarchyDraw=0; candidateIndirectDraw=0; visibleEarthOwners=1
[native] Earth focus frame: frame=181; epoch=3; focusedBody=6; cameraTargetBody=6; radius=6371008.799999997; distance=6371043.498617447; altitude=19.563684464; surfaceMode=2; terrainVersion=5; regime=2; roots=0x3F; activePatches=6; distantOwner=0; globalOwner=1; dynamicOwner=0; candidateOwner=0; material=terrain-v5-root; fingerprint=10/0.580000/0.160000/0.000000; center=(-3319680,4507400,-3041918.5); orientation=(0.687914133,0.165425897,0.163639903,0.687481165); presentationRadius=6371009.000000000; draws=0/1/0/0
[native] Earth Vulkan submission: terrainFrame=181; swapchainImage=1; recordSerial=181; submitSerial=181; presentSerial=181; serializedFence=true; globalDraw=1; dynamicHierarchyDraw=0; candidateIndirectDraw=0; visibleEarthOwners=1
[native] Earth focus frame: frame=182; epoch=3; focusedBody=6; cameraTargetBody=6; radius=6371008.799999997; distance=6371043.498614497; altitude=19.563682556; surfaceMode=2; terrainVersion=5; regime=2; roots=0x3F; activePatches=6; distantOwner=0; globalOwner=1; dynamicOwner=0; candidateOwner=0; material=terrain-v5-root; fingerprint=10/0.580000/0.160000/0.000000; center=(-3319685,4507396,-3041918.5); orientation=(0.687914073,0.165426299,0.163640305,0.687481105); presentationRadius=6371009.000000000; draws=0/1/0/0
[native] Earth Vulkan submission: terrainFrame=182; swapchainImage=2; recordSerial=182; submitSerial=182; presentSerial=182; serializedFence=true; globalDraw=1; dynamicHierarchyDraw=0; candidateIndirectDraw=0; visibleEarthOwners=1
[native] GPU planetary: roots=6; candidates=46; refined=10; culled=30; frustum=8; horizon=22; active=6; splits=0; merges=0; balanced=0; parentFallbacks=0; pendingChildren=0; min=2; max=2; overflow=0; indirectInstances=6; terrainHits=6; terrainMisses=0; terrainGenerated=0; terrainEvictions=0; terrainResident=126/8192; residentBeforeDemand=126
[native] Production residency: requests=0; diskLoads=0; ready=0; failed=0; queued=0; pendingUploads=0; uploads=126; uploadBytes=61471872; queueDrops=0; digestFailures=0
[native] Earth focus frame: frame=183; epoch=3; focusedBody=6; cameraTargetBody=6; radius=6371008.799999997; distance=6371043.498614497; altitude=19.563682556; surfaceMode=2; terrainVersion=5; regime=2; roots=0x3F; activePatches=6; distantOwner=0; globalOwner=1; dynamicOwner=0; candidateOwner=0; material=terrain-v5-root; fingerprint=10/0.580000/0.160000/0.000000; center=(-3319685,4507396,-3041918.5); orientation=(0.687914073,0.165426299,0.163640305,0.687481105); presentationRadius=6371009.000000000; draws=0/1/0/0
[native] Earth Vulkan submission: terrainFrame=183; swapchainImage=0; recordSerial=183; submitSerial=183; presentSerial=183; serializedFence=true; globalDraw=1; dynamicHierarchyDraw=0; candidateIndirectDraw=0; visibleEarthOwners=1
[native] Earth focus frame: frame=184; epoch=3; focusedBody=6; cameraTargetBody=6; radius=6371008.799999997; distance=6371043.498614497; altitude=19.563682556; surfaceMode=2; terrainVersion=5; regime=2; roots=0x3F; activePatches=6; distantOwner=0; globalOwner=1; dynamicOwner=0; candidateOwner=0; material=terrain-v5-root; fingerprint=10/0.580000/0.160000/0.000000; center=(-3319685,4507396,-3041918.5); orientation=(0.687914073,0.165426299,0.163640305,0.687481105); presentationRadius=6371009.000000000; draws=0/1/0/0
[native] Earth Vulkan submission: terrainFrame=184; swapchainImage=1; recordSerial=184; submitSerial=184; presentSerial=184; serializedFence=true; globalDraw=1; dynamicHierarchyDraw=0; candidateIndirectDraw=0; visibleEarthOwners=1
[native] Earth focus frame: frame=185; epoch=3; focusedBody=6; cameraTargetBody=6; radius=6371008.799999997; distance=6371043.498616483; altitude=19.563684464; surfaceMode=2; terrainVersion=5; regime=2; roots=0x3F; activePatches=6; distantOwner=0; globalOwner=1; dynamicOwner=0; candidateOwner=0; material=terrain-v5-root; fingerprint=10/0.580000/0.160000/0.000000; center=(-3319690.25,4507392,-3041918.5); orientation=(0.687913954,0.165426686,0.163640693,0.687480986); presentationRadius=6371009.000000000; draws=0/1/0/0
[native] Earth Vulkan submission: terrainFrame=185; swapchainImage=2; recordSerial=185; submitSerial=185; presentSerial=185; serializedFence=true; globalDraw=1; dynamicHierarchyDraw=0; candidateIndirectDraw=0; visibleEarthOwners=1
[native] GPU planetary: roots=6; candidates=46; refined=10; culled=30; frustum=8; horizon=22; active=6; splits=0; merges=0; balanced=0; parentFallbacks=0; pendingChildren=0; min=2; max=2; overflow=0; indirectInstances=6; terrainHits=6; terrainMisses=0; terrainGenerated=0; terrainEvictions=0; terrainResident=126/8192; residentBeforeDemand=126
[native] Production residency: requests=0; diskLoads=0; ready=0; failed=0; queued=0; pendingUploads=0; uploads=126; uploadBytes=61471872; queueDrops=0; digestFailures=0
[native] Earth focus frame: frame=186; epoch=3; focusedBody=6; cameraTargetBody=6; radius=6371008.799999997; distance=6371043.498616483; altitude=19.563684464; surfaceMode=2; terrainVersion=5; regime=2; roots=0x3F; activePatches=6; distantOwner=0; globalOwner=1; dynamicOwner=0; candidateOwner=0; material=terrain-v5-root; fingerprint=10/0.580000/0.160000/0.000000; center=(-3319690.25,4507392,-3041918.5); orientation=(0.687913954,0.165426686,0.163640693,0.687480986); presentationRadius=6371009.000000000; draws=0/1/0/0
[native] Earth Vulkan submission: terrainFrame=186; swapchainImage=0; recordSerial=186; submitSerial=186; presentSerial=186; serializedFence=true; globalDraw=1; dynamicHierarchyDraw=0; candidateIndirectDraw=0; visibleEarthOwners=1
[native] Earth focus frame: frame=187; epoch=3; focusedBody=6; cameraTargetBody=6; radius=6371008.799999997; distance=6371043.498616483; altitude=19.563684464; surfaceMode=2; terrainVersion=5; regime=2; roots=0x3F; activePatches=6; distantOwner=0; globalOwner=1; dynamicOwner=0; candidateOwner=0; material=terrain-v5-root; fingerprint=10/0.580000/0.160000/0.000000; center=(-3319690.25,4507392,-3041918.5); orientation=(0.687913954,0.165426686,0.163640693,0.687480986); presentationRadius=6371009.000000000; draws=0/1/0/0
[native] Earth Vulkan submission: terrainFrame=187; swapchainImage=1; recordSerial=187; submitSerial=187; presentSerial=187; serializedFence=true; globalDraw=1; dynamicHierarchyDraw=0; candidateIndirectDraw=0; visibleEarthOwners=1
[native] Earth focus frame: frame=188; epoch=3; focusedBody=6; cameraTargetBody=6; radius=6371008.799999997; distance=6371043.498603251; altitude=19.563671112; surfaceMode=2; terrainVersion=5; regime=2; roots=0x3F; activePatches=6; distantOwner=0; globalOwner=1; dynamicOwner=0; candidateOwner=0; material=terrain-v5-root; fingerprint=10/0.580000/0.160000/0.000000; center=(-3319695.25,4507388.5,-3041918.5); orientation=(0.687913835,0.165427074,0.16364108,0.687480927); presentationRadius=6371009.000000000; draws=0/1/0/0
[native] Earth Vulkan submission: terrainFrame=188; swapchainImage=2; recordSerial=188; submitSerial=188; presentSerial=188; serializedFence=true; globalDraw=1; dynamicHierarchyDraw=0; candidateIndirectDraw=0; visibleEarthOwners=1
[native] GPU planetary: roots=6; candidates=46; refined=10; culled=30; frustum=8; horizon=22; active=6; splits=0; merges=0; balanced=0; parentFallbacks=0; pendingChildren=0; min=2; max=2; overflow=0; indirectInstances=6; terrainHits=6; terrainMisses=0; terrainGenerated=0; terrainEvictions=0; terrainResident=126/8192; residentBeforeDemand=126
[native] Production residency: requests=0; diskLoads=0; ready=0; failed=0; queued=0; pendingUploads=0; uploads=126; uploadBytes=61471872; queueDrops=0; digestFailures=0
[native] Earth focus frame: frame=189; epoch=3; focusedBody=6; cameraTargetBody=6; radius=6371008.799999997; distance=6371043.498603251; altitude=19.563671112; surfaceMode=2; terrainVersion=5; regime=2; roots=0x3F; activePatches=6; distantOwner=0; globalOwner=1; dynamicOwner=0; candidateOwner=0; material=terrain-v5-root; fingerprint=10/0.580000/0.160000/0.000000; center=(-3319695.25,4507388.5,-3041918.5); orientation=(0.687913835,0.165427074,0.16364108,0.687480927); presentationRadius=6371009.000000000; draws=0/1/0/0
[native] Earth Vulkan submission: terrainFrame=189; swapchainImage=0; recordSerial=189; submitSerial=189; presentSerial=189; serializedFence=true; globalDraw=1; dynamicHierarchyDraw=0; candidateIndirectDraw=0; visibleEarthOwners=1
[native] Earth focus frame: frame=190; epoch=3; focusedBody=6; cameraTargetBody=6; radius=6371008.799999997; distance=6371043.498603251; altitude=19.563671112; surfaceMode=2; terrainVersion=5; regime=2; roots=0x3F; activePatches=6; distantOwner=0; globalOwner=1; dynamicOwner=0; candidateOwner=0; material=terrain-v5-root; fingerprint=10/0.580000/0.160000/0.000000; center=(-3319695.25,4507388.5,-3041918.5); orientation=(0.687913835,0.165427074,0.16364108,0.687480927); presentationRadius=6371009.000000000; draws=0/1/0/0
[native] Earth Vulkan submission: terrainFrame=190; swapchainImage=1; recordSerial=190; submitSerial=190; presentSerial=190; serializedFence=true; globalDraw=1; dynamicHierarchyDraw=0; candidateIndirectDraw=0; visibleEarthOwners=1
[native] Earth focus frame: frame=191; epoch=3; focusedBody=6; cameraTargetBody=6; radius=6371008.799999997; distance=6371043.498605642; altitude=19.563673019; surfaceMode=2; terrainVersion=5; regime=2; roots=0x3F; activePatches=6; distantOwner=0; globalOwner=1; dynamicOwner=0; candidateOwner=0; material=terrain-v5-root; fingerprint=10/0.580000/0.160000/0.000000; center=(-3319700.5,4507384.5,-3041918.5); orientation=(0.687913775,0.165427461,0.163641468,0.687480807); presentationRadius=6371009.000000000; draws=0/1/0/0
[native] Earth Vulkan submission: terrainFrame=191; swapchainImage=2; recordSerial=191; submitSerial=191; presentSerial=191; serializedFence=true; globalDraw=1; dynamicHierarchyDraw=0; candidateIndirectDraw=0; visibleEarthOwners=1
[native] GPU planetary: roots=6; candidates=46; refined=10; culled=30; frustum=8; horizon=22; active=6; splits=0; merges=0; balanced=0; parentFallbacks=0; pendingChildren=0; min=2; max=2; overflow=0; indirectInstances=6; terrainHits=6; terrainMisses=0; terrainGenerated=0; terrainEvictions=0; terrainResident=126/8192; residentBeforeDemand=126
[native] Production residency: requests=0; diskLoads=0; ready=0; failed=0; queued=0; pendingUploads=0; uploads=126; uploadBytes=61471872; queueDrops=0; digestFailures=0
[native] Earth focus frame: frame=192; epoch=3; focusedBody=6; cameraTargetBody=6; radius=6371008.799999997; distance=6371043.498605642; altitude=19.563673019; surfaceMode=2; terrainVersion=5; regime=2; roots=0x3F; activePatches=6; distantOwner=0; globalOwner=1; dynamicOwner=0; candidateOwner=0; material=terrain-v5-root; fingerprint=10/0.580000/0.160000/0.000000; center=(-3319700.5,4507384.5,-3041918.5); orientation=(0.687913775,0.165427461,0.163641468,0.687480807); presentationRadius=6371009.000000000; draws=0/1/0/0
[native] Earth Vulkan submission: terrainFrame=192; swapchainImage=0; recordSerial=192; submitSerial=192; presentSerial=192; serializedFence=true; globalDraw=1; dynamicHierarchyDraw=0; candidateIndirectDraw=0; visibleEarthOwners=1
[native] Earth focus frame: frame=193; epoch=3; focusedBody=6; cameraTargetBody=6; radius=6371008.799999997; distance=6371043.498605642; altitude=19.563673019; surfaceMode=2; terrainVersion=5; regime=2; roots=0x3F; activePatches=6; distantOwner=0; globalOwner=1; dynamicOwner=0; candidateOwner=0; material=terrain-v5-root; fingerprint=10/0.580000/0.160000/0.000000; center=(-3319700.5,4507384.5,-3041918.5); orientation=(0.687913775,0.165427461,0.163641468,0.687480807); presentationRadius=6371009.000000000; draws=0/1/0/0
[native] Earth Vulkan submission: terrainFrame=193; swapchainImage=1; recordSerial=193; submitSerial=193; presentSerial=193; serializedFence=true; globalDraw=1; dynamicHierarchyDraw=0; candidateIndirectDraw=0; visibleEarthOwners=1
[native] Earth focus frame: frame=194; epoch=3; focusedBody=6; cameraTargetBody=6; radius=6371008.799999997; distance=6371043.498614159; altitude=19.563682556; surfaceMode=2; terrainVersion=5; regime=2; roots=0x3F; activePatches=6; distantOwner=0; globalOwner=1; dynamicOwner=0; candidateOwner=0; material=terrain-v5-root; fingerprint=10/0.580000/0.160000/0.000000; center=(-3319705.5,4507381,-3041918.25); orientation=(0.687913656,0.165427864,0.16364187,0.687480688); presentationRadius=6371009.000000000; draws=0/1/0/0
[native] Earth Vulkan submission: terrainFrame=194; swapchainImage=2; recordSerial=194; submitSerial=194; presentSerial=194; serializedFence=true; globalDraw=1; dynamicHierarchyDraw=0; candidateIndirectDraw=0; visibleEarthOwners=1
[native] GPU planetary: roots=6; candidates=46; refined=10; culled=30; frustum=8; horizon=22; active=6; splits=0; merges=0; balanced=0; parentFallbacks=0; pendingChildren=0; min=2; max=2; overflow=0; indirectInstances=6; terrainHits=6; terrainMisses=0; terrainGenerated=0; terrainEvictions=0; terrainResident=126/8192; residentBeforeDemand=126
[native] Production residency: requests=0; diskLoads=0; ready=0; failed=0; queued=0; pendingUploads=0; uploads=126; uploadBytes=61471872; queueDrops=0; digestFailures=0
[native] Earth focus frame: frame=195; epoch=3; focusedBody=6; cameraTargetBody=6; radius=6371008.799999997; distance=6371043.498614159; altitude=19.563682556; surfaceMode=2; terrainVersion=5; regime=2; roots=0x3F; activePatches=6; distantOwner=0; globalOwner=1; dynamicOwner=0; candidateOwner=0; material=terrain-v5-root; fingerprint=10/0.580000/0.160000/0.000000; center=(-3319705.5,4507381,-3041918.25); orientation=(0.687913656,0.165427864,0.16364187,0.687480688); presentationRadius=6371009.000000000; draws=0/1/0/0
[native] Earth Vulkan submission: terrainFrame=195; swapchainImage=0; recordSerial=195; submitSerial=195; presentSerial=195; serializedFence=true; globalDraw=1; dynamicHierarchyDraw=0; candidateIndirectDraw=0; visibleEarthOwners=1
[native] Earth focus frame: frame=196; epoch=3; focusedBody=6; cameraTargetBody=6; radius=6371008.799999997; distance=6371043.498614159; altitude=19.563682556; surfaceMode=2; terrainVersion=5; regime=2; roots=0x3F; activePatches=6; distantOwner=0; globalOwner=1; dynamicOwner=0; candidateOwner=0; material=terrain-v5-root; fingerprint=10/0.580000/0.160000/0.000000; center=(-3319705.5,4507381,-3041918.25); orientation=(0.687913656,0.165427864,0.16364187,0.687480688); presentationRadius=6371009.000000000; draws=0/1/0/0
[native] Earth Vulkan submission: terrainFrame=196; swapchainImage=1; recordSerial=196; submitSerial=196; presentSerial=196; serializedFence=true; globalDraw=1; dynamicHierarchyDraw=0; candidateIndirectDraw=0; visibleEarthOwners=1
[native] Earth focus frame: frame=197; epoch=3; focusedBody=6; cameraTargetBody=6; radius=6371008.799999997; distance=6371043.498622843; altitude=19.563690186; surfaceMode=2; terrainVersion=5; regime=2; roots=0x3F; activePatches=6; distantOwner=0; globalOwner=1; dynamicOwner=0; candidateOwner=0; material=terrain-v5-root; fingerprint=10/0.580000/0.160000/0.000000; center=(-3319710.75,4507377,-3041918.25); orientation=(0.687913597,0.165428251,0.163642257,0.687480628); presentationRadius=6371009.000000000; draws=0/1/0/0
[native] Earth Vulkan submission: terrainFrame=197; swapchainImage=2; recordSerial=197; submitSerial=197; presentSerial=197; serializedFence=true; globalDraw=1; dynamicHierarchyDraw=0; candidateIndirectDraw=0; visibleEarthOwners=1
[native] GPU planetary: roots=6; candidates=46; refined=10; culled=30; frustum=8; horizon=22; active=6; splits=0; merges=0; balanced=0; parentFallbacks=0; pendingChildren=0; min=2; max=2; overflow=0; indirectInstances=6; terrainHits=6; terrainMisses=0; terrainGenerated=0; terrainEvictions=0; terrainResident=126/8192; residentBeforeDemand=126
[native] Production residency: requests=0; diskLoads=0; ready=0; failed=0; queued=0; pendingUploads=0; uploads=126; uploadBytes=61471872; queueDrops=0; digestFailures=0
[native] Earth focus frame: frame=198; epoch=3; focusedBody=6; cameraTargetBody=6; radius=6371008.799999997; distance=6371043.498622843; altitude=19.563690186; surfaceMode=2; terrainVersion=5; regime=2; roots=0x3F; activePatches=6; distantOwner=0; globalOwner=1; dynamicOwner=0; candidateOwner=0; material=terrain-v5-root; fingerprint=10/0.580000/0.160000/0.000000; center=(-3319710.75,4507377,-3041918.25); orientation=(0.687913597,0.165428251,0.163642257,0.687480628); presentationRadius=6371009.000000000; draws=0/1/0/0
[native] Earth Vulkan submission: terrainFrame=198; swapchainImage=0; recordSerial=198; submitSerial=198; presentSerial=198; serializedFence=true; globalDraw=1; dynamicHierarchyDraw=0; candidateIndirectDraw=0; visibleEarthOwners=1
[native] Earth focus frame: frame=199; epoch=3; focusedBody=6; cameraTargetBody=6; radius=6371008.799999997; distance=6371043.498622843; altitude=19.563690186; surfaceMode=2; terrainVersion=5; regime=2; roots=0x3F; activePatches=6; distantOwner=0; globalOwner=1; dynamicOwner=0; candidateOwner=0; material=terrain-v5-root; fingerprint=10/0.580000/0.160000/0.000000; center=(-3319710.75,4507377,-3041918.25); orientation=(0.687913597,0.165428251,0.163642257,0.687480628); presentationRadius=6371009.000000000; draws=0/1/0/0
[native] Earth Vulkan submission: terrainFrame=199; swapchainImage=1; recordSerial=199; submitSerial=199; presentSerial=199; serializedFence=true; globalDraw=1; dynamicHierarchyDraw=0; candidateIndirectDraw=0; visibleEarthOwners=1
[native] Earth focus frame: frame=200; epoch=3; focusedBody=6; cameraTargetBody=6; radius=6371008.799999997; distance=6371043.498619887; altitude=19.563688278; surfaceMode=2; terrainVersion=5; regime=2; roots=0x3F; activePatches=6; distantOwner=0; globalOwner=1; dynamicOwner=0; candidateOwner=0; material=terrain-v5-root; fingerprint=10/0.580000/0.160000/0.000000; center=(-3319715.75,4507373.5,-3041918.25); orientation=(0.687913477,0.165428638,0.163642645,0.687480509); presentationRadius=6371009.000000000; draws=0/1/0/0
[native] Earth Vulkan submission: terrainFrame=200; swapchainImage=2; recordSerial=200; submitSerial=200; presentSerial=200; serializedFence=true; globalDraw=1; dynamicHierarchyDraw=0; candidateIndirectDraw=0; visibleEarthOwners=1
[native] GPU planetary: roots=6; candidates=46; refined=10; culled=30; frustum=8; horizon=22; active=6; splits=0; merges=0; balanced=0; parentFallbacks=0; pendingChildren=0; min=2; max=2; overflow=0; indirectInstances=6; terrainHits=6; terrainMisses=0; terrainGenerated=0; terrainEvictions=0; terrainResident=126/8192; residentBeforeDemand=126
[native] Production residency: requests=0; diskLoads=0; ready=0; failed=0; queued=0; pendingUploads=0; uploads=126; uploadBytes=61471872; queueDrops=0; digestFailures=0
[native] Earth focus frame: frame=201; epoch=3; focusedBody=6; cameraTargetBody=6; radius=6371008.799999997; distance=6371043.498619887; altitude=19.563688278; surfaceMode=2; terrainVersion=5; regime=2; roots=0x3F; activePatches=6; distantOwner=0; globalOwner=1; dynamicOwner=0; candidateOwner=0; material=terrain-v5-root; fingerprint=10/0.580000/0.160000/0.000000; center=(-3319715.75,4507373.5,-3041918.25); orientation=(0.687913477,0.165428638,0.163642645,0.687480509); presentationRadius=6371009.000000000; draws=0/1/0/0
[native] Earth Vulkan submission: terrainFrame=201; swapchainImage=0; recordSerial=201; submitSerial=201; presentSerial=201; serializedFence=true; globalDraw=1; dynamicHierarchyDraw=0; candidateIndirectDraw=0; visibleEarthOwners=1
[native] Earth focus frame: frame=202; epoch=3; focusedBody=6; cameraTargetBody=6; radius=6371008.799999997; distance=6371043.498618286; altitude=19.563686371; surfaceMode=2; terrainVersion=5; regime=2; roots=0x3F; activePatches=6; distantOwner=0; globalOwner=1; dynamicOwner=0; candidateOwner=0; material=terrain-v5-root; fingerprint=10/0.580000/0.160000/0.000000; center=(-3319721,4507369.5,-3041918.25); orientation=(0.687913418,0.165429041,0.163643047,0.68748045); presentationRadius=6371009.000000000; draws=0/1/0/0
[native] Earth Vulkan submission: terrainFrame=202; swapchainImage=1; recordSerial=202; submitSerial=202; presentSerial=202; serializedFence=true; globalDraw=1; dynamicHierarchyDraw=0; candidateIndirectDraw=0; visibleEarthOwners=1
[native] GPU planetary: roots=6; candidates=46; refined=10; culled=30; frustum=8; horizon=22; active=6; splits=0; merges=0; balanced=0; parentFallbacks=0; pendingChildren=0; min=2; max=2; overflow=0; indirectInstances=6; terrainHits=6; terrainMisses=0; terrainGenerated=0; terrainEvictions=0; terrainResident=126/8192; residentBeforeDemand=126
[native] Production residency: requests=0; diskLoads=0; ready=0; failed=0; queued=0; pendingUploads=0; uploads=126; uploadBytes=61471872; queueDrops=0; digestFailures=0
[native] Earth focus frame: frame=203; epoch=3; focusedBody=6; cameraTargetBody=6; radius=6371008.799999997; distance=6371043.498618286; altitude=19.563686371; surfaceMode=2; terrainVersion=5; regime=2; roots=0x3F; activePatches=6; distantOwner=0; globalOwner=1; dynamicOwner=0; candidateOwner=0; material=terrain-v5-root; fingerprint=10/0.580000/0.160000/0.000000; center=(-3319721,4507369.5,-3041918.25); orientation=(0.687913418,0.165429041,0.163643047,0.68748045); presentationRadius=6371009.000000000; draws=0/1/0/0
[native] Earth Vulkan submission: terrainFrame=203; swapchainImage=2; recordSerial=203; submitSerial=203; presentSerial=203; serializedFence=true; globalDraw=1; dynamicHierarchyDraw=0; candidateIndirectDraw=0; visibleEarthOwners=1
[native] Earth focus frame: frame=204; epoch=3; focusedBody=6; cameraTargetBody=6; radius=6371008.799999997; distance=6371043.498618286; altitude=19.563686371; surfaceMode=2; terrainVersion=5; regime=2; roots=0x3F; activePatches=6; distantOwner=0; globalOwner=1; dynamicOwner=0; candidateOwner=0; material=terrain-v5-root; fingerprint=10/0.580000/0.160000/0.000000; center=(-3319721,4507369.5,-3041918.25); orientation=(0.687913418,0.165429041,0.163643047,0.68748045); presentationRadius=6371009.000000000; draws=0/1/0/0
[native] Earth Vulkan submission: terrainFrame=204; swapchainImage=0; recordSerial=204; submitSerial=204; presentSerial=204; serializedFence=true; globalDraw=1; dynamicHierarchyDraw=0; candidateIndirectDraw=0; visibleEarthOwners=1
[native] Earth focus frame: frame=205; epoch=3; focusedBody=6; cameraTargetBody=6; radius=6371008.799999997; distance=6371043.498602669; altitude=19.563669205; surfaceMode=2; terrainVersion=5; regime=2; roots=0x3F; activePatches=6; distantOwner=0; globalOwner=1; dynamicOwner=0; candidateOwner=0; material=terrain-v5-root; fingerprint=10/0.580000/0.160000/0.000000; center=(-3319726,4507366,-3041918.25); orientation=(0.687913299,0.165429428,0.163643435,0.68748033); presentationRadius=6371009.000000000; draws=0/1/0/0
[native] Earth Vulkan submission: terrainFrame=205; swapchainImage=1; recordSerial=205; submitSerial=205; presentSerial=205; serializedFence=true; globalDraw=1; dynamicHierarchyDraw=0; candidateIndirectDraw=0; visibleEarthOwners=1
[native] GPU planetary: roots=6; candidates=46; refined=10; culled=30; frustum=8; horizon=22; active=6; splits=0; merges=0; balanced=0; parentFallbacks=0; pendingChildren=0; min=2; max=2; overflow=0; indirectInstances=6; terrainHits=6; terrainMisses=0; terrainGenerated=0; terrainEvictions=0; terrainResident=126/8192; residentBeforeDemand=126
[native] Production residency: requests=0; diskLoads=0; ready=0; failed=0; queued=0; pendingUploads=0; uploads=126; uploadBytes=61471872; queueDrops=0; digestFailures=0
[native] Earth focus frame: frame=206; epoch=3; focusedBody=6; cameraTargetBody=6; radius=6371008.799999997; distance=6371043.498602669; altitude=19.563669205; surfaceMode=2; terrainVersion=5; regime=2; roots=0x3F; activePatches=6; distantOwner=0; globalOwner=1; dynamicOwner=0; candidateOwner=0; material=terrain-v5-root; fingerprint=10/0.580000/0.160000/0.000000; center=(-3319726,4507366,-3041918.25); orientation=(0.687913299,0.165429428,0.163643435,0.68748033); presentationRadius=6371009.000000000; draws=0/1/0/0
[native] Earth Vulkan submission: terrainFrame=206; swapchainImage=2; recordSerial=206; submitSerial=206; presentSerial=206; serializedFence=true; globalDraw=1; dynamicHierarchyDraw=0; candidateIndirectDraw=0; visibleEarthOwners=1
[native] Earth focus frame: frame=207; epoch=3; focusedBody=6; cameraTargetBody=6; radius=6371008.799999997; distance=6371043.498602669; altitude=19.563669205; surfaceMode=2; terrainVersion=5; regime=2; roots=0x3F; activePatches=6; distantOwner=0; globalOwner=1; dynamicOwner=0; candidateOwner=0; material=terrain-v5-root; fingerprint=10/0.580000/0.160000/0.000000; center=(-3319726,4507366,-3041918.25); orientation=(0.687913299,0.165429428,0.163643435,0.68748033); presentationRadius=6371009.000000000; draws=0/1/0/0
[native] Earth Vulkan submission: terrainFrame=207; swapchainImage=0; recordSerial=207; submitSerial=207; presentSerial=207; serializedFence=true; globalDraw=1; dynamicHierarchyDraw=0; candidateIndirectDraw=0; visibleEarthOwners=1
[native] Earth focus frame: frame=208; epoch=3; focusedBody=6; cameraTargetBody=6; radius=6371008.799999997; distance=6371043.498605050; altitude=19.563673019; surfaceMode=2; terrainVersion=5; regime=2; roots=0x3F; activePatches=6; distantOwner=0; globalOwner=1; dynamicOwner=0; candidateOwner=0; material=terrain-v5-root; fingerprint=10/0.580000/0.160000/0.000000; center=(-3319731.25,4507362,-3041918.25); orientation=(0.687913239,0.165429816,0.163643822,0.687480271); presentationRadius=6371009.000000000; draws=0/1/0/0
[native] Earth Vulkan submission: terrainFrame=208; swapchainImage=1; recordSerial=208; submitSerial=208; presentSerial=208; serializedFence=true; globalDraw=1; dynamicHierarchyDraw=0; candidateIndirectDraw=0; visibleEarthOwners=1
[native] GPU planetary: roots=6; candidates=46; refined=10; culled=30; frustum=8; horizon=22; active=6; splits=0; merges=0; balanced=0; parentFallbacks=0; pendingChildren=0; min=2; max=2; overflow=0; indirectInstances=6; terrainHits=6; terrainMisses=0; terrainGenerated=0; terrainEvictions=0; terrainResident=126/8192; residentBeforeDemand=126
[native] Production residency: requests=0; diskLoads=0; ready=0; failed=0; queued=0; pendingUploads=0; uploads=126; uploadBytes=61471872; queueDrops=0; digestFailures=0
[native] Earth focus frame: frame=209; epoch=3; focusedBody=6; cameraTargetBody=6; radius=6371008.799999997; distance=6371043.498605050; altitude=19.563673019; surfaceMode=2; terrainVersion=5; regime=2; roots=0x3F; activePatches=6; distantOwner=0; globalOwner=1; dynamicOwner=0; candidateOwner=0; material=terrain-v5-root; fingerprint=10/0.580000/0.160000/0.000000; center=(-3319731.25,4507362,-3041918.25); orientation=(0.687913239,0.165429816,0.163643822,0.687480271); presentationRadius=6371009.000000000; draws=0/1/0/0
[native] Earth Vulkan submission: terrainFrame=209; swapchainImage=2; recordSerial=209; submitSerial=209; presentSerial=209; serializedFence=true; globalDraw=1; dynamicHierarchyDraw=0; candidateIndirectDraw=0; visibleEarthOwners=1
[native] Earth focus frame: frame=210; epoch=3; focusedBody=6; cameraTargetBody=6; radius=6371008.799999997; distance=6371043.498605050; altitude=19.563673019; surfaceMode=2; terrainVersion=5; regime=2; roots=0x3F; activePatches=6; distantOwner=0; globalOwner=1; dynamicOwner=0; candidateOwner=0; material=terrain-v5-root; fingerprint=10/0.580000/0.160000/0.000000; center=(-3319731.25,4507362,-3041918.25); orientation=(0.687913239,0.165429816,0.163643822,0.687480271); presentationRadius=6371009.000000000; draws=0/1/0/0
[native] Earth Vulkan submission: terrainFrame=210; swapchainImage=0; recordSerial=210; submitSerial=210; presentSerial=210; serializedFence=true; globalDraw=1; dynamicHierarchyDraw=0; candidateIndirectDraw=0; visibleEarthOwners=1
[native] Earth focus frame: frame=211; epoch=3; focusedBody=6; cameraTargetBody=6; radius=6371008.799999997; distance=6371043.498626622; altitude=19.563694000; surfaceMode=2; terrainVersion=5; regime=2; roots=0x3F; activePatches=6; distantOwner=0; globalOwner=1; dynamicOwner=0; candidateOwner=0; material=terrain-v5-root; fingerprint=10/0.580000/0.160000/0.000000; center=(-3319736.5,4507358.5,-3041918.25); orientation=(0.68791312,0.165430203,0.163644224,0.687480152); presentationRadius=6371009.000000000; draws=0/1/0/0
[native] Earth Vulkan submission: terrainFrame=211; swapchainImage=1; recordSerial=211; submitSerial=211; presentSerial=211; serializedFence=true; globalDraw=1; dynamicHierarchyDraw=0; candidateIndirectDraw=0; visibleEarthOwners=1
[native] GPU planetary: roots=6; candidates=46; refined=10; culled=30; frustum=8; horizon=22; active=6; splits=0; merges=0; balanced=0; parentFallbacks=0; pendingChildren=0; min=2; max=2; overflow=0; indirectInstances=6; terrainHits=6; terrainMisses=0; terrainGenerated=0; terrainEvictions=0; terrainResident=126/8192; residentBeforeDemand=126
[native] Production residency: requests=0; diskLoads=0; ready=0; failed=0; queued=0; pendingUploads=0; uploads=126; uploadBytes=61471872; queueDrops=0; digestFailures=0
[native] Earth focus frame: frame=212; epoch=3; focusedBody=6; cameraTargetBody=6; radius=6371008.799999997; distance=6371043.498626622; altitude=19.563694000; surfaceMode=2; terrainVersion=5; regime=2; roots=0x3F; activePatches=6; distantOwner=0; globalOwner=1; dynamicOwner=0; candidateOwner=0; material=terrain-v5-root; fingerprint=10/0.580000/0.160000/0.000000; center=(-3319736.5,4507358.5,-3041918.25); orientation=(0.68791312,0.165430203,0.163644224,0.687480152); presentationRadius=6371009.000000000; draws=0/1/0/0
[native] Earth Vulkan submission: terrainFrame=212; swapchainImage=2; recordSerial=212; submitSerial=212; presentSerial=212; serializedFence=true; globalDraw=1; dynamicHierarchyDraw=0; candidateIndirectDraw=0; visibleEarthOwners=1
[native] Earth focus frame: frame=213; epoch=3; focusedBody=6; cameraTargetBody=6; radius=6371008.799999997; distance=6371043.498617017; altitude=19.563684464; surfaceMode=2; terrainVersion=5; regime=2; roots=0x3F; activePatches=6; distantOwner=0; globalOwner=1; dynamicOwner=0; candidateOwner=0; material=terrain-v5-root; fingerprint=10/0.580000/0.160000/0.000000; center=(-3319741.5,4507354.5,-3041918.25); orientation=(0.687913001,0.165430605,0.163644612,0.687480032); presentationRadius=6371009.000000000; draws=0/1/0/0
[native] Earth Vulkan submission: terrainFrame=213; swapchainImage=0; recordSerial=213; submitSerial=213; presentSerial=213; serializedFence=true; globalDraw=1; dynamicHierarchyDraw=0; candidateIndirectDraw=0; visibleEarthOwners=1
[native] GPU planetary: roots=6; candidates=46; refined=10; culled=30; frustum=8; horizon=22; active=6; splits=0; merges=0; balanced=0; parentFallbacks=0; pendingChildren=0; min=2; max=2; overflow=0; indirectInstances=6; terrainHits=6; terrainMisses=0; terrainGenerated=0; terrainEvictions=0; terrainResident=126/8192; residentBeforeDemand=126
[native] Production residency: requests=0; diskLoads=0; ready=0; failed=0; queued=0; pendingUploads=0; uploads=126; uploadBytes=61471872; queueDrops=0; digestFailures=0
[native] Earth focus frame: frame=214; epoch=3; focusedBody=6; cameraTargetBody=6; radius=6371008.799999997; distance=6371043.498617017; altitude=19.563684464; surfaceMode=2; terrainVersion=5; regime=2; roots=0x3F; activePatches=6; distantOwner=0; globalOwner=1; dynamicOwner=0; candidateOwner=0; material=terrain-v5-root; fingerprint=10/0.580000/0.160000/0.000000; center=(-3319741.5,4507354.5,-3041918.25); orientation=(0.687913001,0.165430605,0.163644612,0.687480032); presentationRadius=6371009.000000000; draws=0/1/0/0
[native] Earth Vulkan submission: terrainFrame=214; swapchainImage=1; recordSerial=214; submitSerial=214; presentSerial=214; serializedFence=true; globalDraw=1; dynamicHierarchyDraw=0; candidateIndirectDraw=0; visibleEarthOwners=1
[native] Earth focus frame: frame=215; epoch=3; focusedBody=6; cameraTargetBody=6; radius=6371008.799999997; distance=6371043.498617017; altitude=19.563684464; surfaceMode=2; terrainVersion=5; regime=2; roots=0x3F; activePatches=6; distantOwner=0; globalOwner=1; dynamicOwner=0; candidateOwner=0; material=terrain-v5-root; fingerprint=10/0.580000/0.160000/0.000000; center=(-3319741.5,4507354.5,-3041918.25); orientation=(0.687913001,0.165430605,0.163644612,0.687480032); presentationRadius=6371009.000000000; draws=0/1/0/0
[native] Earth Vulkan submission: terrainFrame=215; swapchainImage=2; recordSerial=215; submitSerial=215; presentSerial=215; serializedFence=true; globalDraw=1; dynamicHierarchyDraw=0; candidateIndirectDraw=0; visibleEarthOwners=1
[native] Earth focus frame: frame=216; epoch=3; focusedBody=6; cameraTargetBody=6; radius=6371008.799999997; distance=6371043.498611436; altitude=19.563678741; surfaceMode=2; terrainVersion=5; regime=2; roots=0x3F; activePatches=6; distantOwner=0; globalOwner=1; dynamicOwner=0; candidateOwner=0; material=terrain-v5-root; fingerprint=10/0.580000/0.160000/0.000000; center=(-3319746.75,4507350.5,-3041918.25); orientation=(0.687912941,0.165430993,0.163644999,0.687479973); presentationRadius=6371009.000000000; draws=0/1/0/0
[native] Earth Vulkan submission: terrainFrame=216; swapchainImage=0; recordSerial=216; submitSerial=216; presentSerial=216; serializedFence=true; globalDraw=1; dynamicHierarchyDraw=0; candidateIndirectDraw=0; visibleEarthOwners=1
[native] GPU planetary: roots=6; candidates=46; refined=10; culled=30; frustum=8; horizon=22; active=6; splits=0; merges=0; balanced=0; parentFallbacks=0; pendingChildren=0; min=2; max=2; overflow=0; indirectInstances=6; terrainHits=6; terrainMisses=0; terrainGenerated=0; terrainEvictions=0; terrainResident=126/8192; residentBeforeDemand=126
[native] Production residency: requests=0; diskLoads=0; ready=0; failed=0; queued=0; pendingUploads=0; uploads=126; uploadBytes=61471872; queueDrops=0; digestFailures=0
[native] Earth focus frame: frame=217; epoch=3; focusedBody=6; cameraTargetBody=6; radius=6371008.799999997; distance=6371043.498611436; altitude=19.563678741; surfaceMode=2; terrainVersion=5; regime=2; roots=0x3F; activePatches=6; distantOwner=0; globalOwner=1; dynamicOwner=0; candidateOwner=0; material=terrain-v5-root; fingerprint=10/0.580000/0.160000/0.000000; center=(-3319746.75,4507350.5,-3041918.25); orientation=(0.687912941,0.165430993,0.163644999,0.687479973); presentationRadius=6371009.000000000; draws=0/1/0/0
[native] Earth Vulkan submission: terrainFrame=217; swapchainImage=1; recordSerial=217; submitSerial=217; presentSerial=217; serializedFence=true; globalDraw=1; dynamicHierarchyDraw=0; candidateIndirectDraw=0; visibleEarthOwners=1
[native] Earth focus frame: frame=218; epoch=3; focusedBody=6; cameraTargetBody=6; radius=6371008.799999997; distance=6371043.498611436; altitude=19.563678741; surfaceMode=2; terrainVersion=5; regime=2; roots=0x3F; activePatches=6; distantOwner=0; globalOwner=1; dynamicOwner=0; candidateOwner=0; material=terrain-v5-root; fingerprint=10/0.580000/0.160000/0.000000; center=(-3319746.75,4507350.5,-3041918.25); orientation=(0.687912941,0.165430993,0.163644999,0.687479973); presentationRadius=6371009.000000000; draws=0/1/0/0
[native] Earth Vulkan submission: terrainFrame=218; swapchainImage=2; recordSerial=218; submitSerial=218; presentSerial=218; serializedFence=true; globalDraw=1; dynamicHierarchyDraw=0; candidateIndirectDraw=0; visibleEarthOwners=1
[native] Earth focus frame: frame=219; epoch=3; focusedBody=6; cameraTargetBody=6; radius=6371008.799999997; distance=6371043.498605585; altitude=19.563673019; surfaceMode=2; terrainVersion=5; regime=2; roots=0x3F; activePatches=6; distantOwner=0; globalOwner=1; dynamicOwner=0; candidateOwner=0; material=terrain-v5-root; fingerprint=10/0.580000/0.160000/0.000000; center=(-3319751.75,4507347,-3041918.25); orientation=(0.687912822,0.16543138,0.163645387,0.687479854); presentationRadius=6371009.000000000; draws=0/1/0/0
[native] Earth Vulkan submission: terrainFrame=219; swapchainImage=0; recordSerial=219; submitSerial=219; presentSerial=219; serializedFence=true; globalDraw=1; dynamicHierarchyDraw=0; candidateIndirectDraw=0; visibleEarthOwners=1
[native] GPU planetary: roots=6; candidates=46; refined=10; culled=30; frustum=8; horizon=22; active=6; splits=0; merges=0; balanced=0; parentFallbacks=0; pendingChildren=0; min=2; max=2; overflow=0; indirectInstances=6; terrainHits=6; terrainMisses=0; terrainGenerated=0; terrainEvictions=0; terrainResident=126/8192; residentBeforeDemand=126
[native] Production residency: requests=0; diskLoads=0; ready=0; failed=0; queued=0; pendingUploads=0; uploads=126; uploadBytes=61471872; queueDrops=0; digestFailures=0
[native] Earth focus frame: frame=220; epoch=3; focusedBody=6; cameraTargetBody=6; radius=6371008.799999997; distance=6371043.498605585; altitude=19.563673019; surfaceMode=2; terrainVersion=5; regime=2; roots=0x3F; activePatches=6; distantOwner=0; globalOwner=1; dynamicOwner=0; candidateOwner=0; material=terrain-v5-root; fingerprint=10/0.580000/0.160000/0.000000; center=(-3319751.75,4507347,-3041918.25); orientation=(0.687912822,0.16543138,0.163645387,0.687479854); presentationRadius=6371009.000000000; draws=0/1/0/0
[native] Earth Vulkan submission: terrainFrame=220; swapchainImage=1; recordSerial=220; submitSerial=220; presentSerial=220; serializedFence=true; globalDraw=1; dynamicHierarchyDraw=0; candidateIndirectDraw=0; visibleEarthOwners=1
[native] Earth focus frame: frame=221; epoch=3; focusedBody=6; cameraTargetBody=6; radius=6371008.799999997; distance=6371043.498605585; altitude=19.563673019; surfaceMode=2; terrainVersion=5; regime=2; roots=0x3F; activePatches=6; distantOwner=0; globalOwner=1; dynamicOwner=0; candidateOwner=0; material=terrain-v5-root; fingerprint=10/0.580000/0.160000/0.000000; center=(-3319751.75,4507347,-3041918.25); orientation=(0.687912822,0.16543138,0.163645387,0.687479854); presentationRadius=6371009.000000000; draws=0/1/0/0
[native] Earth Vulkan submission: terrainFrame=221; swapchainImage=2; recordSerial=221; submitSerial=221; presentSerial=221; serializedFence=true; globalDraw=1; dynamicHierarchyDraw=0; candidateIndirectDraw=0; visibleEarthOwners=1
[native] Earth focus frame: frame=222; epoch=3; focusedBody=6; cameraTargetBody=6; radius=6371008.799999997; distance=6371043.498604888; altitude=19.563673019; surfaceMode=2; terrainVersion=5; regime=2; roots=0x3F; activePatches=6; distantOwner=0; globalOwner=1; dynamicOwner=0; candidateOwner=0; material=terrain-v5-root; fingerprint=10/0.580000/0.160000/0.000000; center=(-3319757,4507343,-3041918.25); orientation=(0.687912762,0.165431783,0.163645789,0.687479794); presentationRadius=6371009.000000000; draws=0/1/0/0
[native] Earth Vulkan submission: terrainFrame=222; swapchainImage=0; recordSerial=222; submitSerial=222; presentSerial=222; serializedFence=true; globalDraw=1; dynamicHierarchyDraw=0; candidateIndirectDraw=0; visibleEarthOwners=1
[native] Earth focus frame: frame=223; epoch=3; focusedBody=6; cameraTargetBody=6; radius=6371008.799999997; distance=6371043.498604888; altitude=19.563673019; surfaceMode=2; terrainVersion=5; regime=2; roots=0x3F; activePatches=6; distantOwner=0; globalOwner=1; dynamicOwner=0; candidateOwner=0; material=terrain-v5-root; fingerprint=10/0.580000/0.160000/0.000000; center=(-3319757,4507343,-3041918.25); orientation=(0.687912762,0.165431783,0.163645789,0.687479794); presentationRadius=6371009.000000000; draws=0/1/0/0
[native] Earth Vulkan submission: terrainFrame=223; swapchainImage=1; recordSerial=223; submitSerial=223; presentSerial=223; serializedFence=true; globalDraw=1; dynamicHierarchyDraw=0; candidateIndirectDraw=0; visibleEarthOwners=1
[native] Earth focus frame: frame=224; epoch=3; focusedBody=6; cameraTargetBody=6; radius=6371008.799999997; distance=6371043.498605552; altitude=19.563673019; surfaceMode=2; terrainVersion=5; regime=2; roots=0x3F; activePatches=6; distantOwner=0; globalOwner=1; dynamicOwner=0; candidateOwner=0; material=terrain-v5-root; fingerprint=10/0.580000/0.160000/0.000000; center=(-3319762,4507339.5,-3041918.25); orientation=(0.687912643,0.16543217,0.163646176,0.687479675); presentationRadius=6371009.000000000; draws=0/1/0/0
[native] Earth Vulkan submission: terrainFrame=224; swapchainImage=2; recordSerial=224; submitSerial=224; presentSerial=224; serializedFence=true; globalDraw=1; dynamicHierarchyDraw=0; candidateIndirectDraw=0; visibleEarthOwners=1
[native] Earth focus frame: frame=225; epoch=3; focusedBody=6; cameraTargetBody=6; radius=6371008.799999997; distance=6371043.498605552; altitude=19.563673019; surfaceMode=2; terrainVersion=5; regime=2; roots=0x3F; activePatches=6; distantOwner=0; globalOwner=1; dynamicOwner=0; candidateOwner=0; material=terrain-v5-root; fingerprint=10/0.580000/0.160000/0.000000; center=(-3319762,4507339.5,-3041918.25); orientation=(0.687912643,0.16543217,0.163646176,0.687479675); presentationRadius=6371009.000000000; draws=0/1/0/0
[native] Earth Vulkan submission: terrainFrame=225; swapchainImage=0; recordSerial=225; submitSerial=225; presentSerial=225; serializedFence=true; globalDraw=1; dynamicHierarchyDraw=0; candidateIndirectDraw=0; visibleEarthOwners=1
[native] Earth focus frame: frame=226; epoch=3; focusedBody=6; cameraTargetBody=6; radius=6371008.799999997; distance=6371043.498605552; altitude=19.563673019; surfaceMode=2; terrainVersion=5; regime=2; roots=0x3F; activePatches=6; distantOwner=0; globalOwner=1; dynamicOwner=0; candidateOwner=0; material=terrain-v5-root; fingerprint=10/0.580000/0.160000/0.000000; center=(-3319762,4507339.5,-3041918.25); orientation=(0.687912643,0.16543217,0.163646176,0.687479675); presentationRadius=6371009.000000000; draws=0/1/0/0
[native] Earth Vulkan submission: terrainFrame=226; swapchainImage=1; recordSerial=226; submitSerial=226; presentSerial=226; serializedFence=true; globalDraw=1; dynamicHierarchyDraw=0; candidateIndirectDraw=0; visibleEarthOwners=1
[native] Earth focus frame: frame=227; epoch=3; focusedBody=6; cameraTargetBody=6; radius=6371008.799999997; distance=6371043.498621615; altitude=19.563688278; surfaceMode=2; terrainVersion=5; regime=2; roots=0x3F; activePatches=6; distantOwner=0; globalOwner=1; dynamicOwner=0; candidateOwner=0; material=terrain-v5-root; fingerprint=10/0.580000/0.160000/0.000000; center=(-3319767.25,4507335.5,-3041918.25); orientation=(0.687912583,0.165432557,0.163646564,0.687479615); presentationRadius=6371009.000000000; draws=0/1/0/0
[native] Earth Vulkan submission: terrainFrame=227; swapchainImage=2; recordSerial=227; submitSerial=227; presentSerial=227; serializedFence=true; globalDraw=1; dynamicHierarchyDraw=0; candidateIndirectDraw=0; visibleEarthOwners=1
[native] GPU planetary: roots=6; candidates=46; refined=10; culled=30; frustum=8; horizon=22; active=6; splits=0; merges=0; balanced=0; parentFallbacks=0; pendingChildren=0; min=2; max=2; overflow=0; indirectInstances=6; terrainHits=6; terrainMisses=0; terrainGenerated=0; terrainEvictions=0; terrainResident=126/8192; residentBeforeDemand=126
[native] Production residency: requests=0; diskLoads=0; ready=0; failed=0; queued=0; pendingUploads=0; uploads=126; uploadBytes=61471872; queueDrops=0; digestFailures=0
[native] Earth focus frame: frame=228; epoch=3; focusedBody=6; cameraTargetBody=6; radius=6371008.799999997; distance=6371043.498621615; altitude=19.563688278; surfaceMode=2; terrainVersion=5; regime=2; roots=0x3F; activePatches=6; distantOwner=0; globalOwner=1; dynamicOwner=0; candidateOwner=0; material=terrain-v5-root; fingerprint=10/0.580000/0.160000/0.000000; center=(-3319767.25,4507335.5,-3041918.25); orientation=(0.687912583,0.165432557,0.163646564,0.687479615); presentationRadius=6371009.000000000; draws=0/1/0/0
[native] Earth Vulkan submission: terrainFrame=228; swapchainImage=0; recordSerial=228; submitSerial=228; presentSerial=228; serializedFence=true; globalDraw=1; dynamicHierarchyDraw=0; candidateIndirectDraw=0; visibleEarthOwners=1
[native] Earth focus frame: frame=229; epoch=3; focusedBody=6; cameraTargetBody=6; radius=6371008.799999997; distance=6371043.498621615; altitude=19.563688278; surfaceMode=2; terrainVersion=5; regime=2; roots=0x3F; activePatches=6; distantOwner=0; globalOwner=1; dynamicOwner=0; candidateOwner=0; material=terrain-v5-root; fingerprint=10/0.580000/0.160000/0.000000; center=(-3319767.25,4507335.5,-3041918.25); orientation=(0.687912583,0.165432557,0.163646564,0.687479615); presentationRadius=6371009.000000000; draws=0/1/0/0
[native] Earth Vulkan submission: terrainFrame=229; swapchainImage=1; recordSerial=229; submitSerial=229; presentSerial=229; serializedFence=true; globalDraw=1; dynamicHierarchyDraw=0; candidateIndirectDraw=0; visibleEarthOwners=1
[native] Earth focus frame: frame=230; epoch=3; focusedBody=6; cameraTargetBody=6; radius=6371008.799999997; distance=6371043.498612285; altitude=19.563680649; surfaceMode=2; terrainVersion=5; regime=2; roots=0x3F; activePatches=6; distantOwner=0; globalOwner=1; dynamicOwner=0; candidateOwner=0; material=terrain-v5-root; fingerprint=10/0.580000/0.160000/0.000000; center=(-3319772.25,4507332,-3041918.25); orientation=(0.687912464,0.165432945,0.163646966,0.687479496); presentationRadius=6371009.000000000; draws=0/1/0/0
[native] Earth Vulkan submission: terrainFrame=230; swapchainImage=2; recordSerial=230; submitSerial=230; presentSerial=230; serializedFence=true; globalDraw=1; dynamicHierarchyDraw=0; candidateIndirectDraw=0; visibleEarthOwners=1
[native] GPU planetary: roots=6; candidates=46; refined=10; culled=30; frustum=8; horizon=22; active=6; splits=0; merges=0; balanced=0; parentFallbacks=0; pendingChildren=0; min=2; max=2; overflow=0; indirectInstances=6; terrainHits=6; terrainMisses=0; terrainGenerated=0; terrainEvictions=0; terrainResident=126/8192; residentBeforeDemand=126
[native] Production residency: requests=0; diskLoads=0; ready=0; failed=0; queued=0; pendingUploads=0; uploads=126; uploadBytes=61471872; queueDrops=0; digestFailures=0
[native] Earth focus frame: frame=231; epoch=3; focusedBody=6; cameraTargetBody=6; radius=6371008.799999997; distance=6371043.498612285; altitude=19.563680649; surfaceMode=2; terrainVersion=5; regime=2; roots=0x3F; activePatches=6; distantOwner=0; globalOwner=1; dynamicOwner=0; candidateOwner=0; material=terrain-v5-root; fingerprint=10/0.580000/0.160000/0.000000; center=(-3319772.25,4507332,-3041918.25); orientation=(0.687912464,0.165432945,0.163646966,0.687479496); presentationRadius=6371009.000000000; draws=0/1/0/0
[native] Earth Vulkan submission: terrainFrame=231; swapchainImage=0; recordSerial=231; submitSerial=231; presentSerial=231; serializedFence=true; globalDraw=1; dynamicHierarchyDraw=0; candidateIndirectDraw=0; visibleEarthOwners=1
[native] Earth focus frame: frame=232; epoch=3; focusedBody=6; cameraTargetBody=6; radius=6371008.799999997; distance=6371043.498612285; altitude=19.563680649; surfaceMode=2; terrainVersion=5; regime=2; roots=0x3F; activePatches=6; distantOwner=0; globalOwner=1; dynamicOwner=0; candidateOwner=0; material=terrain-v5-root; fingerprint=10/0.580000/0.160000/0.000000; center=(-3319772.25,4507332,-3041918.25); orientation=(0.687912464,0.165432945,0.163646966,0.687479496); presentationRadius=6371009.000000000; draws=0/1/0/0
[native] Earth Vulkan submission: terrainFrame=232; swapchainImage=1; recordSerial=232; submitSerial=232; presentSerial=232; serializedFence=true; globalDraw=1; dynamicHierarchyDraw=0; candidateIndirectDraw=0; visibleEarthOwners=1
[native] Earth focus frame: frame=233; epoch=3; focusedBody=6; cameraTargetBody=6; radius=6371008.799999997; distance=6371043.498616423; altitude=19.563684464; surfaceMode=2; terrainVersion=5; regime=2; roots=0x3F; activePatches=6; distantOwner=0; globalOwner=1; dynamicOwner=0; candidateOwner=0; material=terrain-v5-root; fingerprint=10/0.580000/0.160000/0.000000; center=(-3319777.5,4507328,-3041918.25); orientation=(0.687912345,0.165433347,0.163647354,0.687479377); presentationRadius=6371009.000000000; draws=0/1/0/0
[native] Earth Vulkan submission: terrainFrame=233; swapchainImage=2; recordSerial=233; submitSerial=233; presentSerial=233; serializedFence=true; globalDraw=1; dynamicHierarchyDraw=0; candidateIndirectDraw=0; visibleEarthOwners=1
[native] GPU planetary: roots=6; candidates=46; refined=10; culled=30; frustum=8; horizon=22; active=6; splits=0; merges=0; balanced=0; parentFallbacks=0; pendingChildren=0; min=2; max=2; overflow=0; indirectInstances=6; terrainHits=6; terrainMisses=0; terrainGenerated=0; terrainEvictions=0; terrainResident=126/8192; residentBeforeDemand=126
[native] Production residency: requests=0; diskLoads=0; ready=0; failed=0; queued=0; pendingUploads=0; uploads=126; uploadBytes=61471872; queueDrops=0; digestFailures=0
[native] Earth focus frame: frame=234; epoch=3; focusedBody=6; cameraTargetBody=6; radius=6371008.799999997; distance=6371043.498616423; altitude=19.563684464; surfaceMode=2; terrainVersion=5; regime=2; roots=0x3F; activePatches=6; distantOwner=0; globalOwner=1; dynamicOwner=0; candidateOwner=0; material=terrain-v5-root; fingerprint=10/0.580000/0.160000/0.000000; center=(-3319777.5,4507328,-3041918.25); orientation=(0.687912345,0.165433347,0.163647354,0.687479377); presentationRadius=6371009.000000000; draws=0/1/0/0
[native] NCSM1 regional ready: incoming=1; pupil=1; dependencyDelayMs=704.712; requests=670; resident=670; uploadedBytes=93392640; complete=true; gpuVisibility=hostBarrierBeforePrepare
[native] NCSM1 physical slice: incoming=1; generation=1; pupil=1; first=0; count=65536; total=712106; complete=0; currentOwner=0
[native] Earth Vulkan submission: terrainFrame=234; swapchainImage=0; recordSerial=234; submitSerial=234; presentSerial=234; serializedFence=true; globalDraw=1; dynamicHierarchyDraw=0; candidateIndirectDraw=0; visibleEarthOwners=1
[native] NCSM1 regional GPU work: kind=incomingPhysicalPreparation; ms=3.486120; frame=234
[native] Earth focus frame: frame=235; epoch=3; focusedBody=6; cameraTargetBody=6; radius=6371008.799999997; distance=6371043.498611231; altitude=19.563678741; surfaceMode=2; terrainVersion=5; regime=2; roots=0x3F; activePatches=6; distantOwner=0; globalOwner=1; dynamicOwner=0; candidateOwner=0; material=terrain-v5-root; fingerprint=10/0.580000/0.160000/0.000000; center=(-3319782.5,4507324.5,-3041918.25); orientation=(0.687912285,0.165433735,0.163647741,0.687479317); presentationRadius=6371009.000000000; draws=0/1/0/0
[native] NCSM1 physical slice: incoming=1; generation=1; pupil=1; first=65536; count=65536; total=712106; complete=0; currentOwner=0
[native] Earth Vulkan submission: terrainFrame=235; swapchainImage=1; recordSerial=235; submitSerial=235; presentSerial=235; serializedFence=true; globalDraw=1; dynamicHierarchyDraw=0; candidateIndirectDraw=0; visibleEarthOwners=1
[native] NCSM1 regional GPU work: kind=incomingPhysicalPreparation; ms=3.628760; frame=235
[native] GPU planetary: roots=6; candidates=46; refined=10; culled=30; frustum=8; horizon=22; active=6; splits=0; merges=0; balanced=0; parentFallbacks=0; pendingChildren=0; min=2; max=2; overflow=0; indirectInstances=6; terrainHits=6; terrainMisses=0; terrainGenerated=0; terrainEvictions=0; terrainResident=126/8192; residentBeforeDemand=126
[native] Production residency: requests=0; diskLoads=0; ready=0; failed=0; queued=0; pendingUploads=0; uploads=126; uploadBytes=61471872; queueDrops=0; digestFailures=0
[native] Earth focus frame: frame=236; epoch=3; focusedBody=6; cameraTargetBody=6; radius=6371008.799999997; distance=6371043.498611231; altitude=19.563678741; surfaceMode=2; terrainVersion=5; regime=2; roots=0x3F; activePatches=6; distantOwner=0; globalOwner=1; dynamicOwner=0; candidateOwner=0; material=terrain-v5-root; fingerprint=10/0.580000/0.160000/0.000000; center=(-3319782.5,4507324.5,-3041918.25); orientation=(0.687912285,0.165433735,0.163647741,0.687479317); presentationRadius=6371009.000000000; draws=0/1/0/0
[native] NCSM1 physical slice: incoming=1; generation=1; pupil=1; first=131072; count=65536; total=712106; complete=0; currentOwner=0
[native] Earth Vulkan submission: terrainFrame=236; swapchainImage=2; recordSerial=236; submitSerial=236; presentSerial=236; serializedFence=true; globalDraw=1; dynamicHierarchyDraw=0; candidateIndirectDraw=0; visibleEarthOwners=1
[native] NCSM1 regional GPU work: kind=incomingPhysicalPreparation; ms=3.798720; frame=236
[native] Earth focus frame: frame=237; epoch=3; focusedBody=6; cameraTargetBody=6; radius=6371008.799999997; distance=6371043.498611231; altitude=19.563678741; surfaceMode=2; terrainVersion=5; regime=2; roots=0x3F; activePatches=6; distantOwner=0; globalOwner=1; dynamicOwner=0; candidateOwner=0; material=terrain-v5-root; fingerprint=10/0.580000/0.160000/0.000000; center=(-3319782.5,4507324.5,-3041918.25); orientation=(0.687912285,0.165433735,0.163647741,0.687479317); presentationRadius=6371009.000000000; draws=0/1/0/0
[native] NCSM1 physical slice: incoming=1; generation=1; pupil=1; first=196608; count=65536; total=712106; complete=0; currentOwner=0
[native] Earth Vulkan submission: terrainFrame=237; swapchainImage=0; recordSerial=237; submitSerial=237; presentSerial=237; serializedFence=true; globalDraw=1; dynamicHierarchyDraw=0; candidateIndirectDraw=0; visibleEarthOwners=1
[native] NCSM1 regional GPU work: kind=incomingPhysicalPreparation; ms=3.813160; frame=237
[native] Earth focus frame: frame=238; epoch=3; focusedBody=6; cameraTargetBody=6; radius=6371008.799999997; distance=6371043.498606277; altitude=19.563673019; surfaceMode=2; terrainVersion=5; regime=2; roots=0x3F; activePatches=6; distantOwner=0; globalOwner=1; dynamicOwner=0; candidateOwner=0; material=terrain-v5-root; fingerprint=10/0.580000/0.160000/0.000000; center=(-3319787.75,4507320.5,-3041918.25); orientation=(0.687912166,0.165434122,0.163648143,0.687479198); presentationRadius=6371009.000000000; draws=0/1/0/0
[native] NCSM1 physical slice: incoming=1; generation=1; pupil=1; first=262144; count=65536; total=712106; complete=0; currentOwner=0
[native] Earth Vulkan submission: terrainFrame=238; swapchainImage=1; recordSerial=238; submitSerial=238; presentSerial=238; serializedFence=true; globalDraw=1; dynamicHierarchyDraw=0; candidateIndirectDraw=0; visibleEarthOwners=1
[native] NCSM1 regional GPU work: kind=incomingPhysicalPreparation; ms=3.826640; frame=238
[native] GPU planetary: roots=6; candidates=46; refined=10; culled=30; frustum=8; horizon=22; active=6; splits=0; merges=0; balanced=0; parentFallbacks=0; pendingChildren=0; min=2; max=2; overflow=0; indirectInstances=6; terrainHits=6; terrainMisses=0; terrainGenerated=0; terrainEvictions=0; terrainResident=126/8192; residentBeforeDemand=126
[native] Production residency: requests=0; diskLoads=0; ready=0; failed=0; queued=0; pendingUploads=0; uploads=126; uploadBytes=61471872; queueDrops=0; digestFailures=0
[native] Earth focus frame: frame=239; epoch=3; focusedBody=6; cameraTargetBody=6; radius=6371008.799999997; distance=6371043.498606277; altitude=19.563673019; surfaceMode=2; terrainVersion=5; regime=2; roots=0x3F; activePatches=6; distantOwner=0; globalOwner=1; dynamicOwner=0; candidateOwner=0; material=terrain-v5-root; fingerprint=10/0.580000/0.160000/0.000000; center=(-3319787.75,4507320.5,-3041918.25); orientation=(0.687912166,0.165434122,0.163648143,0.687479198); presentationRadius=6371009.000000000; draws=0/1/0/0
[native] NCSM1 physical slice: incoming=1; generation=1; pupil=1; first=327680; count=65536; total=712106; complete=0; currentOwner=0
[native] Earth Vulkan submission: terrainFrame=239; swapchainImage=2; recordSerial=239; submitSerial=239; presentSerial=239; serializedFence=true; globalDraw=1; dynamicHierarchyDraw=0; candidateIndirectDraw=0; visibleEarthOwners=1
[native] NCSM1 regional GPU work: kind=incomingPhysicalPreparation; ms=3.809000; frame=239
[native] Earth focus frame: frame=240; epoch=3; focusedBody=6; cameraTargetBody=6; radius=6371008.799999997; distance=6371043.498620964; altitude=19.563688278; surfaceMode=2; terrainVersion=5; regime=2; roots=0x3F; activePatches=6; distantOwner=0; globalOwner=1; dynamicOwner=0; candidateOwner=0; material=terrain-v5-root; fingerprint=10/0.580000/0.160000/0.000000; center=(-3319793,4507317,-3041918.25); orientation=(0.687912107,0.165434524,0.163648531,0.687479138); presentationRadius=6371009.000000000; draws=0/1/0/0
[native] NCSM1 physical slice: incoming=1; generation=1; pupil=1; first=393216; count=65536; total=712106; complete=0; currentOwner=0
[native] Earth Vulkan submission: terrainFrame=240; swapchainImage=0; recordSerial=240; submitSerial=240; presentSerial=240; serializedFence=true; globalDraw=1; dynamicHierarchyDraw=0; candidateIndirectDraw=0; visibleEarthOwners=1
[native] NCSM1 regional GPU work: kind=incomingPhysicalPreparation; ms=3.760840; frame=240
[native] GPU planetary: roots=6; candidates=46; refined=10; culled=30; frustum=8; horizon=22; active=6; splits=0; merges=0; balanced=0; parentFallbacks=0; pendingChildren=0; min=2; max=2; overflow=0; indirectInstances=6; terrainHits=6; terrainMisses=0; terrainGenerated=0; terrainEvictions=0; terrainResident=126/8192; residentBeforeDemand=126
[native] Production residency: requests=0; diskLoads=0; ready=0; failed=0; queued=0; pendingUploads=0; uploads=126; uploadBytes=61471872; queueDrops=0; digestFailures=0
[native] Earth focus frame: frame=241; epoch=3; focusedBody=6; cameraTargetBody=6; radius=6371008.799999997; distance=6371043.498620964; altitude=19.563688278; surfaceMode=2; terrainVersion=5; regime=2; roots=0x3F; activePatches=6; distantOwner=0; globalOwner=1; dynamicOwner=0; candidateOwner=0; material=terrain-v5-root; fingerprint=10/0.580000/0.160000/0.000000; center=(-3319793,4507317,-3041918.25); orientation=(0.687912107,0.165434524,0.163648531,0.687479138); presentationRadius=6371009.000000000; draws=0/1/0/0
[native] NCSM1 physical slice: incoming=1; generation=1; pupil=1; first=458752; count=65536; total=712106; complete=0; currentOwner=0
[native] Earth Vulkan submission: terrainFrame=241; swapchainImage=1; recordSerial=241; submitSerial=241; presentSerial=241; serializedFence=true; globalDraw=1; dynamicHierarchyDraw=0; candidateIndirectDraw=0; visibleEarthOwners=1
[native] NCSM1 regional GPU work: kind=incomingPhysicalPreparation; ms=3.736160; frame=241
[native] Earth focus frame: frame=242; epoch=3; focusedBody=6; cameraTargetBody=6; radius=6371008.799999997; distance=6371043.498620147; altitude=19.563688278; surfaceMode=2; terrainVersion=5; regime=2; roots=0x3F; activePatches=6; distantOwner=0; globalOwner=1; dynamicOwner=0; candidateOwner=0; material=terrain-v5-root; fingerprint=10/0.580000/0.160000/0.000000; center=(-3319798,4507313,-3041918.25); orientation=(0.687911987,0.165434912,0.163648918,0.687479019); presentationRadius=6371009.000000000; draws=0/1/0/0
[native] NCSM1 physical slice: incoming=1; generation=1; pupil=1; first=524288; count=65536; total=712106; complete=0; currentOwner=0
[native] Earth Vulkan submission: terrainFrame=242; swapchainImage=2; recordSerial=242; submitSerial=242; presentSerial=242; serializedFence=true; globalDraw=1; dynamicHierarchyDraw=0; candidateIndirectDraw=0; visibleEarthOwners=1
[native] NCSM1 regional GPU work: kind=incomingPhysicalPreparation; ms=3.740600; frame=242
[native] Earth focus frame: frame=243; epoch=3; focusedBody=6; cameraTargetBody=6; radius=6371008.799999997; distance=6371043.498620147; altitude=19.563688278; surfaceMode=2; terrainVersion=5; regime=2; roots=0x3F; activePatches=6; distantOwner=0; globalOwner=1; dynamicOwner=0; candidateOwner=0; material=terrain-v5-root; fingerprint=10/0.580000/0.160000/0.000000; center=(-3319798,4507313,-3041918.25); orientation=(0.687911987,0.165434912,0.163648918,0.687479019); presentationRadius=6371009.000000000; draws=0/1/0/0
[native] NCSM1 physical slice: incoming=1; generation=1; pupil=1; first=589824; count=65536; total=712106; complete=0; currentOwner=0
[native] Earth Vulkan submission: terrainFrame=243; swapchainImage=0; recordSerial=243; submitSerial=243; presentSerial=243; serializedFence=true; globalDraw=1; dynamicHierarchyDraw=0; candidateIndirectDraw=0; visibleEarthOwners=1
[native] NCSM1 regional GPU work: kind=incomingPhysicalPreparation; ms=3.886080; frame=243
[native] GPU timings: total=4.496 ms; anchoredCompute=0.000; anchoredDraw=0.000; background=0.112; preSurface=0.000; scene=4.482; toneMap=0.013; regionalCompute=3.909; materialsOverlays=0.461
[native] Earth focus frame: frame=244; epoch=3; focusedBody=6; cameraTargetBody=6; radius=6371008.799999997; distance=6371043.498623814; altitude=19.563692093; surfaceMode=2; terrainVersion=5; regime=2; roots=0x3F; activePatches=6; distantOwner=0; globalOwner=1; dynamicOwner=0; candidateOwner=0; material=terrain-v5-root; fingerprint=10/0.580000/0.160000/0.000000; center=(-3319803.25,4507309,-3041918); orientation=(0.687911928,0.165435299,0.163649306,0.6874789); presentationRadius=6371009.000000000; draws=0/1/0/0
[native] NCSM1 physical slice: incoming=1; generation=1; pupil=1; first=655360; count=56746; total=712106; complete=1; currentOwner=0
[native] Earth Vulkan submission: terrainFrame=244; swapchainImage=1; recordSerial=244; submitSerial=244; presentSerial=244; serializedFence=true; globalDraw=1; dynamicHierarchyDraw=0; candidateIndirectDraw=0; visibleEarthOwners=1
[native] NCSM1 regional GPU work: kind=incomingPhysicalPreparation; ms=3.321760; frame=244
[native] Production billboard resource residency: generation=1; level=17; topologyFamily=1; topologyUpload=1; topologyReused=0; topologyUploads=1; topologyReuseHits=0; residentTopologyLevels=1; residentTopologyBytes=28484192; peakTopologyBytes=28484192; workAllocations=1; workReuses=0; workingBytes=68362300; peakWorkingBytes=68362300; currentIncomingSlots=1+0; spareSlots=0
[native] Production spherical billboard publication: generation=1; level=17; topologyFamily=1; hash=0xBCE444AFFB2D713B; topologyResident=true; topologyReused=0; topologyUploads=1; physicalReady=true; normalsReady=true; cullReady=true; compactReady=true; tesDrawReady=true; indirectValid=true; fenceComplete=true; inputTriangles=1424208; postHorizonTriangles=1184036; horizonRejected=240172; postScreenConeTriangles=323360; screenConeRejected=860676; compactedIndices=970080; visibleTriangles=323360; zeroVisible=0; noOpIndirect=0; indirectDraws=1; invalidDraws=0; zeroOwner=0; overlapOwner=0; staleGenerationDraws=0; atomicFrameBoundary=true; publications=1; deferredRetirements=0
[native] GPU planetary: roots=6; candidates=46; refined=10; culled=30; frustum=8; horizon=22; active=6; splits=0; merges=0; balanced=0; parentFallbacks=0; pendingChildren=0; min=2; max=2; overflow=0; indirectInstances=6; terrainHits=6; terrainMisses=0; terrainGenerated=0; terrainEvictions=0; terrainResident=126/8192; residentBeforeDemand=126
[native] Production residency: requests=0; diskLoads=0; ready=0; failed=0; queued=0; pendingUploads=0; uploads=126; uploadBytes=61471872; queueDrops=0; digestFailures=0
P2S5C2 publication: count=1; current=L17; pupilError=0.000000000E+000rad; topologyUploads=1; owners=1; zeroOwner=0; overlap=0; stale=0
[native] Earth focus frame: frame=245; epoch=3; focusedBody=6; cameraTargetBody=6; radius=6371008.799999997; distance=6371043.498623814; altitude=19.563692093; surfaceMode=2; terrainVersion=5; regime=2; roots=0x3F; activePatches=6; distantOwner=0; globalOwner=0; dynamicOwner=0; candidateOwner=1; material=production-billboard; fingerprint=10/0.580000/0.160000/0.000000; center=(-3319803.25,4507309,-3041918); orientation=(0.687911928,0.165435299,0.163649306,0.6874789); presentationRadius=6371009.000000000; draws=0/0/0/1
[native] Earth Vulkan submission: terrainFrame=245; swapchainImage=2; recordSerial=245; submitSerial=245; presentSerial=245; serializedFence=true; globalDraw=0; dynamicHierarchyDraw=0; candidateIndirectDraw=1; visibleEarthOwners=1
[native] GPU anchored refinement: submittedFrame=245; generation=1; level=17; topologyFamily=1; inputTriangles=1424208; postHorizonTriangles=1184036; horizonRejected=240172; postScreenConeTriangles=323360; screenConeRejected=860676; tcsPatches=323360; tcsScreenRejected=0; refinedVertices=1502910; clippingOutputPrimitives=82721; fragmentInvocations=203334; compactedIndices=970080; indirectDraws=1; maximumOuterTesFactor=64.000000; maximumInnerTesFactor=63.993599; maximumTesFactor=64; rasterDiagnostic=0x0; countersAndQueryFrameMatch=true; CPUFinalRaster=false
[native] Earth focus frame: frame=246; epoch=3; focusedBody=6; cameraTargetBody=6; radius=6371008.799999997; distance=6371043.498610622; altitude=19.563678741; surfaceMode=2; terrainVersion=5; regime=2; roots=0x3F; activePatches=6; distantOwner=0; globalOwner=0; dynamicOwner=0; candidateOwner=1; material=production-billboard; fingerprint=10/0.580000/0.160000/0.000000; center=(-3319808.25,4507305.5,-3041918); orientation=(0.687911808,0.165435687,0.163649708,0.68747884); presentationRadius=6371009.000000000; draws=0/0/0/1
[native] Earth Vulkan submission: terrainFrame=246; swapchainImage=0; recordSerial=246; submitSerial=246; presentSerial=246; serializedFence=true; globalDraw=0; dynamicHierarchyDraw=0; candidateIndirectDraw=1; visibleEarthOwners=1
[native] Earth focus frame: frame=247; epoch=3; focusedBody=6; cameraTargetBody=6; radius=6371008.799999997; distance=6371043.498610622; altitude=19.563678741; surfaceMode=2; terrainVersion=5; regime=2; roots=0x3F; activePatches=6; distantOwner=0; globalOwner=0; dynamicOwner=0; candidateOwner=1; material=production-billboard; fingerprint=10/0.580000/0.160000/0.000000; center=(-3319808.25,4507305.5,-3041918); orientation=(0.687911808,0.165435687,0.163649708,0.68747884); presentationRadius=6371009.000000000; draws=0/0/0/1
[native] Earth Vulkan submission: terrainFrame=247; swapchainImage=1; recordSerial=247; submitSerial=247; presentSerial=247; serializedFence=true; globalDraw=0; dynamicHierarchyDraw=0; candidateIndirectDraw=1; visibleEarthOwners=1
[native] Earth focus frame: frame=248; epoch=3; focusedBody=6; cameraTargetBody=6; radius=6371008.799999997; distance=6371043.498610622; altitude=19.563678741; surfaceMode=2; terrainVersion=5; regime=2; roots=0x3F; activePatches=6; distantOwner=0; globalOwner=0; dynamicOwner=0; candidateOwner=1; material=production-billboard; fingerprint=10/0.580000/0.160000/0.000000; center=(-3319808.25,4507305.5,-3041918); orientation=(0.687911808,0.165435687,0.163649708,0.68747884); presentationRadius=6371009.000000000; draws=0/0/0/1
[native] Earth Vulkan submission: terrainFrame=248; swapchainImage=2; recordSerial=248; submitSerial=248; presentSerial=248; serializedFence=true; globalDraw=0; dynamicHierarchyDraw=0; candidateIndirectDraw=1; visibleEarthOwners=1
[native] Earth focus frame: frame=249; epoch=3; focusedBody=6; cameraTargetBody=6; radius=6371008.799999997; distance=6371043.498610622; altitude=19.563678741; surfaceMode=2; terrainVersion=5; regime=2; roots=0x3F; activePatches=6; distantOwner=0; globalOwner=0; dynamicOwner=0; candidateOwner=1; material=production-billboard; fingerprint=10/0.580000/0.160000/0.000000; center=(-3319808.25,4507305.5,-3041918); orientation=(0.687911808,0.165435687,0.163649708,0.68747884); presentationRadius=6371009.000000000; draws=0/0/0/1
[native] Earth Vulkan submission: terrainFrame=249; swapchainImage=0; recordSerial=249; submitSerial=249; presentSerial=249; serializedFence=true; globalDraw=0; dynamicHierarchyDraw=0; candidateIndirectDraw=1; visibleEarthOwners=1
[native] Earth focus frame: frame=250; epoch=3; focusedBody=6; cameraTargetBody=6; radius=6371008.799999997; distance=6371043.498618041; altitude=19.563686371; surfaceMode=2; terrainVersion=5; regime=2; roots=0x3F; activePatches=6; distantOwner=0; globalOwner=0; dynamicOwner=0; candidateOwner=1; material=production-billboard; fingerprint=10/0.580000/0.160000/0.000000; center=(-3319813.5,4507301.5,-3041918); orientation=(0.687911689,0.165436089,0.163650095,0.687478721); presentationRadius=6371009.000000000; draws=0/0/0/1
[native] Earth Vulkan submission: terrainFrame=250; swapchainImage=1; recordSerial=250; submitSerial=250; presentSerial=250; serializedFence=true; globalDraw=0; dynamicHierarchyDraw=0; candidateIndirectDraw=1; visibleEarthOwners=1
[native] Earth focus frame: frame=251; epoch=3; focusedBody=6; cameraTargetBody=6; radius=6371008.799999997; distance=6371043.498618041; altitude=19.563686371; surfaceMode=2; terrainVersion=5; regime=2; roots=0x3F; activePatches=6; distantOwner=0; globalOwner=0; dynamicOwner=0; candidateOwner=1; material=production-billboard; fingerprint=10/0.580000/0.160000/0.000000; center=(-3319813.5,4507301.5,-3041918); orientation=(0.687911689,0.165436089,0.163650095,0.687478721); presentationRadius=6371009.000000000; draws=0/0/0/1
[native] Earth Vulkan submission: terrainFrame=251; swapchainImage=2; recordSerial=251; submitSerial=251; presentSerial=251; serializedFence=true; globalDraw=0; dynamicHierarchyDraw=0; candidateIndirectDraw=1; visibleEarthOwners=1
[native] Earth focus frame: frame=252; epoch=3; focusedBody=6; cameraTargetBody=6; radius=6371008.799999997; distance=6371043.498618041; altitude=19.563686371; surfaceMode=2; terrainVersion=5; regime=2; roots=0x3F; activePatches=6; distantOwner=0; globalOwner=0; dynamicOwner=0; candidateOwner=1; material=production-billboard; fingerprint=10/0.580000/0.160000/0.000000; center=(-3319813.5,4507301.5,-3041918); orientation=(0.687911689,0.165436089,0.163650095,0.687478721); presentationRadius=6371009.000000000; draws=0/0/0/1
[native] Earth Vulkan submission: terrainFrame=252; swapchainImage=0; recordSerial=252; submitSerial=252; presentSerial=252; serializedFence=true; globalDraw=0; dynamicHierarchyDraw=0; candidateIndirectDraw=1; visibleEarthOwners=1
[native] Earth focus frame: frame=253; epoch=3; focusedBody=6; cameraTargetBody=6; radius=6371008.799999997; distance=6371043.498611145; altitude=19.563678741; surfaceMode=2; terrainVersion=5; regime=2; roots=0x3F; activePatches=6; distantOwner=0; globalOwner=0; dynamicOwner=0; candidateOwner=1; material=production-billboard; fingerprint=10/0.580000/0.160000/0.000000; center=(-3319818.5,4507298,-3041918); orientation=(0.68791163,0.165436476,0.163650483,0.687478662); presentationRadius=6371009.000000000; draws=0/0/0/1
[native] Earth Vulkan submission: terrainFrame=253; swapchainImage=1; recordSerial=253; submitSerial=253; presentSerial=253; serializedFence=true; globalDraw=0; dynamicHierarchyDraw=0; candidateIndirectDraw=1; visibleEarthOwners=1
[native] Earth focus frame: frame=254; epoch=3; focusedBody=6; cameraTargetBody=6; radius=6371008.799999997; distance=6371043.498611145; altitude=19.563678741; surfaceMode=2; terrainVersion=5; regime=2; roots=0x3F; activePatches=6; distantOwner=0; globalOwner=0; dynamicOwner=0; candidateOwner=1; material=production-billboard; fingerprint=10/0.580000/0.160000/0.000000; center=(-3319818.5,4507298,-3041918); orientation=(0.68791163,0.165436476,0.163650483,0.687478662); presentationRadius=6371009.000000000; draws=0/0/0/1
[native] Earth Vulkan submission: terrainFrame=254; swapchainImage=2; recordSerial=254; submitSerial=254; presentSerial=254; serializedFence=true; globalDraw=0; dynamicHierarchyDraw=0; candidateIndirectDraw=1; visibleEarthOwners=1
[native] Earth focus frame: frame=255; epoch=3; focusedBody=6; cameraTargetBody=6; radius=6371008.799999997; distance=6371043.498611145; altitude=19.563678741; surfaceMode=2; terrainVersion=5; regime=2; roots=0x3F; activePatches=6; distantOwner=0; globalOwner=0; dynamicOwner=0; candidateOwner=1; material=production-billboard; fingerprint=10/0.580000/0.160000/0.000000; center=(-3319818.5,4507298,-3041918); orientation=(0.68791163,0.165436476,0.163650483,0.687478662); presentationRadius=6371009.000000000; draws=0/0/0/1
[native] Earth Vulkan submission: terrainFrame=255; swapchainImage=0; recordSerial=255; submitSerial=255; presentSerial=255; serializedFence=true; globalDraw=0; dynamicHierarchyDraw=0; candidateIndirectDraw=1; visibleEarthOwners=1
[native] Earth focus frame: frame=256; epoch=3; focusedBody=6; cameraTargetBody=6; radius=6371008.799999997; distance=6371043.498622478; altitude=19.563690186; surfaceMode=2; terrainVersion=5; regime=2; roots=0x3F; activePatches=6; distantOwner=0; globalOwner=0; dynamicOwner=0; candidateOwner=1; material=production-billboard; fingerprint=10/0.580000/0.160000/0.000000; center=(-3319823.75,4507294,-3041918); orientation=(0.68791151,0.165436864,0.163650885,0.687478542); presentationRadius=6371009.000000000; draws=0/0/0/1
[native] Earth Vulkan submission: terrainFrame=256; swapchainImage=1; recordSerial=256; submitSerial=256; presentSerial=256; serializedFence=true; globalDraw=0; dynamicHierarchyDraw=0; candidateIndirectDraw=1; visibleEarthOwners=1
[native] Earth focus frame: frame=257; epoch=3; focusedBody=6; cameraTargetBody=6; radius=6371008.799999997; distance=6371043.498622478; altitude=19.563690186; surfaceMode=2; terrainVersion=5; regime=2; roots=0x3F; activePatches=6; distantOwner=0; globalOwner=0; dynamicOwner=0; candidateOwner=1; material=production-billboard; fingerprint=10/0.580000/0.160000/0.000000; center=(-3319823.75,4507294,-3041918); orientation=(0.68791151,0.165436864,0.163650885,0.687478542); presentationRadius=6371009.000000000; draws=0/0/0/1
[native] Earth Vulkan submission: terrainFrame=257; swapchainImage=2; recordSerial=257; submitSerial=257; presentSerial=257; serializedFence=true; globalDraw=0; dynamicHierarchyDraw=0; candidateIndirectDraw=1; visibleEarthOwners=1
[native] Earth focus frame: frame=258; epoch=3; focusedBody=6; cameraTargetBody=6; radius=6371008.799999997; distance=6371043.498622478; altitude=19.563690186; surfaceMode=2; terrainVersion=5; regime=2; roots=0x3F; activePatches=6; distantOwner=0; globalOwner=0; dynamicOwner=0; candidateOwner=1; material=production-billboard; fingerprint=10/0.580000/0.160000/0.000000; center=(-3319823.75,4507294,-3041918); orientation=(0.68791151,0.165436864,0.163650885,0.687478542); presentationRadius=6371009.000000000; draws=0/0/0/1
[native] Earth Vulkan submission: terrainFrame=258; swapchainImage=0; recordSerial=258; submitSerial=258; presentSerial=258; serializedFence=true; globalDraw=0; dynamicHierarchyDraw=0; candidateIndirectDraw=1; visibleEarthOwners=1
[native] Earth focus frame: frame=259; epoch=3; focusedBody=6; cameraTargetBody=6; radius=6371008.799999997; distance=6371043.498620235; altitude=19.563688278; surfaceMode=2; terrainVersion=5; regime=2; roots=0x3F; activePatches=6; distantOwner=0; globalOwner=0; dynamicOwner=0; candidateOwner=1; material=production-billboard; fingerprint=10/0.580000/0.160000/0.000000; center=(-3319828.75,4507290.5,-3041918); orientation=(0.687911451,0.165437266,0.163651273,0.687478483); presentationRadius=6371009.000000000; draws=0/0/0/1
[native] Earth Vulkan submission: terrainFrame=259; swapchainImage=1; recordSerial=259; submitSerial=259; presentSerial=259; serializedFence=true; globalDraw=0; dynamicHierarchyDraw=0; candidateIndirectDraw=1; visibleEarthOwners=1
[native] Earth focus frame: frame=260; epoch=3; focusedBody=6; cameraTargetBody=6; radius=6371008.799999997; distance=6371043.498620235; altitude=19.563688278; surfaceMode=2; terrainVersion=5; regime=2; roots=0x3F; activePatches=6; distantOwner=0; globalOwner=0; dynamicOwner=0; candidateOwner=1; material=production-billboard; fingerprint=10/0.580000/0.160000/0.000000; center=(-3319828.75,4507290.5,-3041918); orientation=(0.687911451,0.165437266,0.163651273,0.687478483); presentationRadius=6371009.000000000; draws=0/0/0/1
[native] Earth Vulkan submission: terrainFrame=260; swapchainImage=2; recordSerial=260; submitSerial=260; presentSerial=260; serializedFence=true; globalDraw=0; dynamicHierarchyDraw=0; candidateIndirectDraw=1; visibleEarthOwners=1
[native] Earth focus frame: frame=261; epoch=3; focusedBody=6; cameraTargetBody=6; radius=6371008.799999997; distance=6371043.498617487; altitude=19.563684464; surfaceMode=2; terrainVersion=5; regime=2; roots=0x3F; activePatches=6; distantOwner=0; globalOwner=0; dynamicOwner=0; candidateOwner=1; material=production-billboard; fingerprint=10/0.580000/0.160000/0.000000; center=(-3319834,4507286.5,-3041918); orientation=(0.687911332,0.165437654,0.16365166,0.687478364); presentationRadius=6371009.000000000; draws=0/0/0/1
[native] Earth Vulkan submission: terrainFrame=261; swapchainImage=0; recordSerial=261; submitSerial=261; presentSerial=261; serializedFence=true; globalDraw=0; dynamicHierarchyDraw=0; candidateIndirectDraw=1; visibleEarthOwners=1
[native] Earth focus frame: frame=262; epoch=3; focusedBody=6; cameraTargetBody=6; radius=6371008.799999997; distance=6371043.498617487; altitude=19.563684464; surfaceMode=2; terrainVersion=5; regime=2; roots=0x3F; activePatches=6; distantOwner=0; globalOwner=0; dynamicOwner=0; candidateOwner=1; material=production-billboard; fingerprint=10/0.580000/0.160000/0.000000; center=(-3319834,4507286.5,-3041918); orientation=(0.687911332,0.165437654,0.16365166,0.687478364); presentationRadius=6371009.000000000; draws=0/0/0/1
[native] Earth Vulkan submission: terrainFrame=262; swapchainImage=1; recordSerial=262; submitSerial=262; presentSerial=262; serializedFence=true; globalDraw=0; dynamicHierarchyDraw=0; candidateIndirectDraw=1; visibleEarthOwners=1
[native] Earth focus frame: frame=263; epoch=3; focusedBody=6; cameraTargetBody=6; radius=6371008.799999997; distance=6371043.498617487; altitude=19.563684464; surfaceMode=2; terrainVersion=5; regime=2; roots=0x3F; activePatches=6; distantOwner=0; globalOwner=0; dynamicOwner=0; candidateOwner=1; material=production-billboard; fingerprint=10/0.580000/0.160000/0.000000; center=(-3319834,4507286.5,-3041918); orientation=(0.687911332,0.165437654,0.16365166,0.687478364); presentationRadius=6371009.000000000; draws=0/0/0/1
[native] Earth Vulkan submission: terrainFrame=263; swapchainImage=2; recordSerial=263; submitSerial=263; presentSerial=263; serializedFence=true; globalDraw=0; dynamicHierarchyDraw=0; candidateIndirectDraw=1; visibleEarthOwners=1
[native] Earth focus frame: frame=264; epoch=3; focusedBody=6; cameraTargetBody=6; radius=6371008.799999997; distance=6371043.498605249; altitude=19.563673019; surfaceMode=2; terrainVersion=5; regime=2; roots=0x3F; activePatches=6; distantOwner=0; globalOwner=0; dynamicOwner=0; candidateOwner=1; material=production-billboard; fingerprint=10/0.580000/0.160000/0.000000; center=(-3319839,4507283,-3041918); orientation=(0.687911272,0.165438041,0.163652062,0.687478244); presentationRadius=6371009.000000000; draws=0/0/0/1
[native] Earth Vulkan submission: terrainFrame=264; swapchainImage=0; recordSerial=264; submitSerial=264; presentSerial=264; serializedFence=true; globalDraw=0; dynamicHierarchyDraw=0; candidateIndirectDraw=1; visibleEarthOwners=1
[native] Earth focus frame: frame=265; epoch=3; focusedBody=6; cameraTargetBody=6; radius=6371008.799999997; distance=6371043.498605249; altitude=19.563673019; surfaceMode=2; terrainVersion=5; regime=2; roots=0x3F; activePatches=6; distantOwner=0; globalOwner=0; dynamicOwner=0; candidateOwner=1; material=production-billboard; fingerprint=10/0.580000/0.160000/0.000000; center=(-3319839,4507283,-3041918); orientation=(0.687911272,0.165438041,0.163652062,0.687478244); presentationRadius=6371009.000000000; draws=0/0/0/1
[native] Earth Vulkan submission: terrainFrame=265; swapchainImage=1; recordSerial=265; submitSerial=265; presentSerial=265; serializedFence=true; globalDraw=0; dynamicHierarchyDraw=0; candidateIndirectDraw=1; visibleEarthOwners=1
[native] Earth focus frame: frame=266; epoch=3; focusedBody=6; cameraTargetBody=6; radius=6371008.799999997; distance=6371043.498605249; altitude=19.563673019; surfaceMode=2; terrainVersion=5; regime=2; roots=0x3F; activePatches=6; distantOwner=0; globalOwner=0; dynamicOwner=0; candidateOwner=1; material=production-billboard; fingerprint=10/0.580000/0.160000/0.000000; center=(-3319839,4507283,-3041918); orientation=(0.687911272,0.165438041,0.163652062,0.687478244); presentationRadius=6371009.000000000; draws=0/0/0/1
[native] Earth Vulkan submission: terrainFrame=266; swapchainImage=2; recordSerial=266; submitSerial=266; presentSerial=266; serializedFence=true; globalDraw=0; dynamicHierarchyDraw=0; candidateIndirectDraw=1; visibleEarthOwners=1
[native] Earth focus frame: frame=267; epoch=3; focusedBody=6; cameraTargetBody=6; radius=6371008.799999997; distance=6371043.498608348; altitude=19.563674927; surfaceMode=2; terrainVersion=5; regime=2; roots=0x3F; activePatches=6; distantOwner=0; globalOwner=0; dynamicOwner=0; candidateOwner=1; material=production-billboard; fingerprint=10/0.580000/0.160000/0.000000; center=(-3319844.25,4507279,-3041918); orientation=(0.687911153,0.165438429,0.16365245,0.687478185); presentationRadius=6371009.000000000; draws=0/0/0/1
[native] Earth Vulkan submission: terrainFrame=267; swapchainImage=0; recordSerial=267; submitSerial=267; presentSerial=267; serializedFence=true; globalDraw=0; dynamicHierarchyDraw=0; candidateIndirectDraw=1; visibleEarthOwners=1
[native] Earth focus frame: frame=268; epoch=3; focusedBody=6; cameraTargetBody=6; radius=6371008.799999997; distance=6371043.498608348; altitude=19.563674927; surfaceMode=2; terrainVersion=5; regime=2; roots=0x3F; activePatches=6; distantOwner=0; globalOwner=0; dynamicOwner=0; candidateOwner=1; material=production-billboard; fingerprint=10/0.580000/0.160000/0.000000; center=(-3319844.25,4507279,-3041918); orientation=(0.687911153,0.165438429,0.16365245,0.687478185); presentationRadius=6371009.000000000; draws=0/0/0/1
[native] Earth Vulkan submission: terrainFrame=268; swapchainImage=1; recordSerial=268; submitSerial=268; presentSerial=268; serializedFence=true; globalDraw=0; dynamicHierarchyDraw=0; candidateIndirectDraw=1; visibleEarthOwners=1
[native] Earth focus frame: frame=269; epoch=3; focusedBody=6; cameraTargetBody=6; radius=6371008.799999997; distance=6371043.498608348; altitude=19.563674927; surfaceMode=2; terrainVersion=5; regime=2; roots=0x3F; activePatches=6; distantOwner=0; globalOwner=0; dynamicOwner=0; candidateOwner=1; material=production-billboard; fingerprint=10/0.580000/0.160000/0.000000; center=(-3319844.25,4507279,-3041918); orientation=(0.687911153,0.165438429,0.16365245,0.687478185); presentationRadius=6371009.000000000; draws=0/0/0/1
[native] Earth Vulkan submission: terrainFrame=269; swapchainImage=2; recordSerial=269; submitSerial=269; presentSerial=269; serializedFence=true; globalDraw=0; dynamicHierarchyDraw=0; candidateIndirectDraw=1; visibleEarthOwners=1
[native] Earth focus frame: frame=270; epoch=3; focusedBody=6; cameraTargetBody=6; radius=6371008.799999997; distance=6371043.498614736; altitude=19.563682556; surfaceMode=2; terrainVersion=5; regime=2; roots=0x3F; activePatches=6; distantOwner=0; globalOwner=0; dynamicOwner=0; candidateOwner=1; material=production-billboard; fingerprint=10/0.580000/0.160000/0.000000; center=(-3319849.25,4507275.5,-3041918); orientation=(0.687911093,0.165438831,0.163652837,0.687478065); presentationRadius=6371009.000000000; draws=0/0/0/1
[native] Earth Vulkan submission: terrainFrame=270; swapchainImage=0; recordSerial=270; submitSerial=270; presentSerial=270; serializedFence=true; globalDraw=0; dynamicHierarchyDraw=0; candidateIndirectDraw=1; visibleEarthOwners=1
[native] Earth focus frame: frame=271; epoch=3; focusedBody=6; cameraTargetBody=6; radius=6371008.799999997; distance=6371043.498614736; altitude=19.563682556; surfaceMode=2; terrainVersion=5; regime=2; roots=0x3F; activePatches=6; distantOwner=0; globalOwner=0; dynamicOwner=0; candidateOwner=1; material=production-billboard; fingerprint=10/0.580000/0.160000/0.000000; center=(-3319849.25,4507275.5,-3041918); orientation=(0.687911093,0.165438831,0.163652837,0.687478065); presentationRadius=6371009.000000000; draws=0/0/0/1
[native] Earth Vulkan submission: terrainFrame=271; swapchainImage=1; recordSerial=271; submitSerial=271; presentSerial=271; serializedFence=true; globalDraw=0; dynamicHierarchyDraw=0; candidateIndirectDraw=1; visibleEarthOwners=1
[native] Earth focus frame: frame=272; epoch=3; focusedBody=6; cameraTargetBody=6; radius=6371008.799999997; distance=6371043.498614736; altitude=19.563682556; surfaceMode=2; terrainVersion=5; regime=2; roots=0x3F; activePatches=6; distantOwner=0; globalOwner=0; dynamicOwner=0; candidateOwner=1; material=production-billboard; fingerprint=10/0.580000/0.160000/0.000000; center=(-3319849.25,4507275.5,-3041918); orientation=(0.687911093,0.165438831,0.163652837,0.687478065); presentationRadius=6371009.000000000; draws=0/0/0/1
[native] Earth Vulkan submission: terrainFrame=272; swapchainImage=2; recordSerial=272; submitSerial=272; presentSerial=272; serializedFence=true; globalDraw=0; dynamicHierarchyDraw=0; candidateIndirectDraw=1; visibleEarthOwners=1
[native] Earth focus frame: frame=273; epoch=3; focusedBody=6; cameraTargetBody=6; radius=6371008.799999997; distance=6371043.498623451; altitude=19.563690186; surfaceMode=2; terrainVersion=5; regime=2; roots=0x3F; activePatches=6; distantOwner=0; globalOwner=0; dynamicOwner=0; candidateOwner=1; material=production-billboard; fingerprint=10/0.580000/0.160000/0.000000; center=(-3319854.5,4507271.5,-3041918); orientation=(0.687910974,0.165439218,0.163653225,0.687478006); presentationRadius=6371009.000000000; draws=0/0/0/1
[native] Earth Vulkan submission: terrainFrame=273; swapchainImage=0; recordSerial=273; submitSerial=273; presentSerial=273; serializedFence=true; globalDraw=0; dynamicHierarchyDraw=0; candidateIndirectDraw=1; visibleEarthOwners=1
[native] Earth focus frame: frame=274; epoch=3; focusedBody=6; cameraTargetBody=6; radius=6371008.799999997; distance=6371043.498623451; altitude=19.563690186; surfaceMode=2; terrainVersion=5; regime=2; roots=0x3F; activePatches=6; distantOwner=0; globalOwner=0; dynamicOwner=0; candidateOwner=1; material=production-billboard; fingerprint=10/0.580000/0.160000/0.000000; center=(-3319854.5,4507271.5,-3041918); orientation=(0.687910974,0.165439218,0.163653225,0.687478006); presentationRadius=6371009.000000000; draws=0/0/0/1
[native] Earth Vulkan submission: terrainFrame=274; swapchainImage=1; recordSerial=274; submitSerial=274; presentSerial=274; serializedFence=true; globalDraw=0; dynamicHierarchyDraw=0; candidateIndirectDraw=1; visibleEarthOwners=1
[native] Earth focus frame: frame=275; epoch=3; focusedBody=6; cameraTargetBody=6; radius=6371008.799999997; distance=6371043.498623451; altitude=19.563690186; surfaceMode=2; terrainVersion=5; regime=2; roots=0x3F; activePatches=6; distantOwner=0; globalOwner=0; dynamicOwner=0; candidateOwner=1; material=production-billboard; fingerprint=10/0.580000/0.160000/0.000000; center=(-3319854.5,4507271.5,-3041918); orientation=(0.687910974,0.165439218,0.163653225,0.687478006); presentationRadius=6371009.000000000; draws=0/0/0/1
[native] Earth Vulkan submission: terrainFrame=275; swapchainImage=2; recordSerial=275; submitSerial=275; presentSerial=275; serializedFence=true; globalDraw=0; dynamicHierarchyDraw=0; candidateIndirectDraw=1; visibleEarthOwners=1
[native] Earth focus frame: frame=276; epoch=3; focusedBody=6; cameraTargetBody=6; radius=6371008.799999997; distance=6371043.498620233; altitude=19.563688278; surfaceMode=2; terrainVersion=5; regime=2; roots=0x3F; activePatches=6; distantOwner=0; globalOwner=0; dynamicOwner=0; candidateOwner=1; material=production-billboard; fingerprint=10/0.580000/0.160000/0.000000; center=(-3319859.75,4507267.5,-3041918); orientation=(0.687910855,0.165439606,0.163653627,0.687477887); presentationRadius=6371009.000000000; draws=0/0/0/1
[native] Earth Vulkan submission: terrainFrame=276; swapchainImage=0; recordSerial=276; submitSerial=276; presentSerial=276; serializedFence=true; globalDraw=0; dynamicHierarchyDraw=0; candidateIndirectDraw=1; visibleEarthOwners=1
[native] Earth focus frame: frame=277; epoch=3; focusedBody=6; cameraTargetBody=6; radius=6371008.799999997; distance=6371043.498620233; altitude=19.563688278; surfaceMode=2; terrainVersion=5; regime=2; roots=0x3F; activePatches=6; distantOwner=0; globalOwner=0; dynamicOwner=0; candidateOwner=1; material=production-billboard; fingerprint=10/0.580000/0.160000/0.000000; center=(-3319859.75,4507267.5,-3041918); orientation=(0.687910855,0.165439606,0.163653627,0.687477887); presentationRadius=6371009.000000000; draws=0/0/0/1
[native] Earth Vulkan submission: terrainFrame=277; swapchainImage=1; recordSerial=277; submitSerial=277; presentSerial=277; serializedFence=true; globalDraw=0; dynamicHierarchyDraw=0; candidateIndirectDraw=1; visibleEarthOwners=1
[native] Earth focus frame: frame=278; epoch=3; focusedBody=6; cameraTargetBody=6; radius=6371008.799999997; distance=6371043.498616058; altitude=19.563684464; surfaceMode=2; terrainVersion=5; regime=2; roots=0x3F; activePatches=6; distantOwner=0; globalOwner=0; dynamicOwner=0; candidateOwner=1; material=production-billboard; fingerprint=10/0.580000/0.160000/0.000000; center=(-3319864.75,4507264,-3041918); orientation=(0.687910795,0.165440008,0.163654014,0.687477767); presentationRadius=6371009.000000000; draws=0/0/0/1
[native] Earth Vulkan submission: terrainFrame=278; swapchainImage=2; recordSerial=278; submitSerial=278; presentSerial=278; serializedFence=true; globalDraw=0; dynamicHierarchyDraw=0; candidateIndirectDraw=1; visibleEarthOwners=1
[native] Earth focus frame: frame=279; epoch=3; focusedBody=6; cameraTargetBody=6; radius=6371008.799999997; distance=6371043.498616058; altitude=19.563684464; surfaceMode=2; terrainVersion=5; regime=2; roots=0x3F; activePatches=6; distantOwner=0; globalOwner=0; dynamicOwner=0; candidateOwner=1; material=production-billboard; fingerprint=10/0.580000/0.160000/0.000000; center=(-3319864.75,4507264,-3041918); orientation=(0.687910795,0.165440008,0.163654014,0.687477767); presentationRadius=6371009.000000000; draws=0/0/0/1
[native] Earth Vulkan submission: terrainFrame=279; swapchainImage=0; recordSerial=279; submitSerial=279; presentSerial=279; serializedFence=true; globalDraw=0; dynamicHierarchyDraw=0; candidateIndirectDraw=1; visibleEarthOwners=1
[native] Earth focus frame: frame=280; epoch=3; focusedBody=6; cameraTargetBody=6; radius=6371008.799999997; distance=6371043.498616058; altitude=19.563684464; surfaceMode=2; terrainVersion=5; regime=2; roots=0x3F; activePatches=6; distantOwner=0; globalOwner=0; dynamicOwner=0; candidateOwner=1; material=production-billboard; fingerprint=10/0.580000/0.160000/0.000000; center=(-3319864.75,4507264,-3041918); orientation=(0.687910795,0.165440008,0.163654014,0.687477767); presentationRadius=6371009.000000000; draws=0/0/0/1
[native] Earth Vulkan submission: terrainFrame=280; swapchainImage=1; recordSerial=280; submitSerial=280; presentSerial=280; serializedFence=true; globalDraw=0; dynamicHierarchyDraw=0; candidateIndirectDraw=1; visibleEarthOwners=1
[native] Earth focus frame: frame=281; epoch=3; focusedBody=6; cameraTargetBody=6; radius=6371008.799999997; distance=6371043.498616816; altitude=19.563684464; surfaceMode=2; terrainVersion=5; regime=2; roots=0x3F; activePatches=6; distantOwner=0; globalOwner=0; dynamicOwner=0; candidateOwner=1; material=production-billboard; fingerprint=10/0.580000/0.160000/0.000000; center=(-3319870,4507260,-3041918); orientation=(0.687910676,0.165440395,0.163654402,0.687477708); presentationRadius=6371009.000000000; draws=0/0/0/1
[native] Earth Vulkan submission: terrainFrame=281; swapchainImage=2; recordSerial=281; submitSerial=281; presentSerial=281; serializedFence=true; globalDraw=0; dynamicHierarchyDraw=0; candidateIndirectDraw=1; visibleEarthOwners=1
[native] Earth focus frame: frame=282; epoch=3; focusedBody=6; cameraTargetBody=6; radius=6371008.799999997; distance=6371043.498616816; altitude=19.563684464; surfaceMode=2; terrainVersion=5; regime=2; roots=0x3F; activePatches=6; distantOwner=0; globalOwner=0; dynamicOwner=0; candidateOwner=1; material=production-billboard; fingerprint=10/0.580000/0.160000/0.000000; center=(-3319870,4507260,-3041918); orientation=(0.687910676,0.165440395,0.163654402,0.687477708); presentationRadius=6371009.000000000; draws=0/0/0/1
[native] Earth Vulkan submission: terrainFrame=282; swapchainImage=0; recordSerial=282; submitSerial=282; presentSerial=282; serializedFence=true; globalDraw=0; dynamicHierarchyDraw=0; candidateIndirectDraw=1; visibleEarthOwners=1
[native] Earth focus frame: frame=283; epoch=3; focusedBody=6; cameraTargetBody=6; radius=6371008.799999997; distance=6371043.498616816; altitude=19.563684464; surfaceMode=2; terrainVersion=5; regime=2; roots=0x3F; activePatches=6; distantOwner=0; globalOwner=0; dynamicOwner=0; candidateOwner=1; material=production-billboard; fingerprint=10/0.580000/0.160000/0.000000; center=(-3319870,4507260,-3041918); orientation=(0.687910676,0.165440395,0.163654402,0.687477708); presentationRadius=6371009.000000000; draws=0/0/0/1
[native] Earth Vulkan submission: terrainFrame=283; swapchainImage=1; recordSerial=283; submitSerial=283; presentSerial=283; serializedFence=true; globalDraw=0; dynamicHierarchyDraw=0; candidateIndirectDraw=1; visibleEarthOwners=1
[native] Earth focus frame: frame=284; epoch=3; focusedBody=6; cameraTargetBody=6; radius=6371008.799999997; distance=6371043.498616621; altitude=19.563684464; surfaceMode=2; terrainVersion=5; regime=2; roots=0x3F; activePatches=6; distantOwner=0; globalOwner=0; dynamicOwner=0; candidateOwner=1; material=production-billboard; fingerprint=10/0.580000/0.160000/0.000000; center=(-3319875,4507256.5,-3041918); orientation=(0.687910616,0.165440783,0.163654804,0.687477589); presentationRadius=6371009.000000000; draws=0/0/0/1
[native] Earth Vulkan submission: terrainFrame=284; swapchainImage=2; recordSerial=284; submitSerial=284; presentSerial=284; serializedFence=true; globalDraw=0; dynamicHierarchyDraw=0; candidateIndirectDraw=1; visibleEarthOwners=1
[native] Earth focus frame: frame=285; epoch=3; focusedBody=6; cameraTargetBody=6; radius=6371008.799999997; distance=6371043.498616621; altitude=19.563684464; surfaceMode=2; terrainVersion=5; regime=2; roots=0x3F; activePatches=6; distantOwner=0; globalOwner=0; dynamicOwner=0; candidateOwner=1; material=production-billboard; fingerprint=10/0.580000/0.160000/0.000000; center=(-3319875,4507256.5,-3041918); orientation=(0.687910616,0.165440783,0.163654804,0.687477589); presentationRadius=6371009.000000000; draws=0/0/0/1
[native] Earth Vulkan submission: terrainFrame=285; swapchainImage=0; recordSerial=285; submitSerial=285; presentSerial=285; serializedFence=true; globalDraw=0; dynamicHierarchyDraw=0; candidateIndirectDraw=1; visibleEarthOwners=1
[native] Earth focus frame: frame=286; epoch=3; focusedBody=6; cameraTargetBody=6; radius=6371008.799999997; distance=6371043.498616621; altitude=19.563684464; surfaceMode=2; terrainVersion=5; regime=2; roots=0x3F; activePatches=6; distantOwner=0; globalOwner=0; dynamicOwner=0; candidateOwner=1; material=production-billboard; fingerprint=10/0.580000/0.160000/0.000000; center=(-3319875,4507256.5,-3041918); orientation=(0.687910616,0.165440783,0.163654804,0.687477589); presentationRadius=6371009.000000000; draws=0/0/0/1
[native] Earth Vulkan submission: terrainFrame=286; swapchainImage=1; recordSerial=286; submitSerial=286; presentSerial=286; serializedFence=true; globalDraw=0; dynamicHierarchyDraw=0; candidateIndirectDraw=1; visibleEarthOwners=1
[native] Earth focus frame: frame=287; epoch=3; focusedBody=6; cameraTargetBody=6; radius=6371008.799999997; distance=6371043.498606130; altitude=19.563673019; surfaceMode=2; terrainVersion=5; regime=2; roots=0x3F; activePatches=6; distantOwner=0; globalOwner=0; dynamicOwner=0; candidateOwner=1; material=production-billboard; fingerprint=10/0.580000/0.160000/0.000000; center=(-3319880.25,4507252.5,-3041918); orientation=(0.687910497,0.16544117,0.163655192,0.687477529); presentationRadius=6371009.000000000; draws=0/0/0/1
[native] Earth Vulkan submission: terrainFrame=287; swapchainImage=2; recordSerial=287; submitSerial=287; presentSerial=287; serializedFence=true; globalDraw=0; dynamicHierarchyDraw=0; candidateIndirectDraw=1; visibleEarthOwners=1
[native] Earth focus frame: frame=288; epoch=3; focusedBody=6; cameraTargetBody=6; radius=6371008.799999997; distance=6371043.498606130; altitude=19.563673019; surfaceMode=2; terrainVersion=5; regime=2; roots=0x3F; activePatches=6; distantOwner=0; globalOwner=0; dynamicOwner=0; candidateOwner=1; material=production-billboard; fingerprint=10/0.580000/0.160000/0.000000; center=(-3319880.25,4507252.5,-3041918); orientation=(0.687910497,0.16544117,0.163655192,0.687477529); presentationRadius=6371009.000000000; draws=0/0/0/1
[native] Earth Vulkan submission: terrainFrame=288; swapchainImage=0; recordSerial=288; submitSerial=288; presentSerial=288; serializedFence=true; globalDraw=0; dynamicHierarchyDraw=0; candidateIndirectDraw=1; visibleEarthOwners=1
[native] Earth focus frame: frame=289; epoch=3; focusedBody=6; cameraTargetBody=6; radius=6371008.799999997; distance=6371043.498606130; altitude=19.563673019; surfaceMode=2; terrainVersion=5; regime=2; roots=0x3F; activePatches=6; distantOwner=0; globalOwner=0; dynamicOwner=0; candidateOwner=1; material=production-billboard; fingerprint=10/0.580000/0.160000/0.000000; center=(-3319880.25,4507252.5,-3041918); orientation=(0.687910497,0.16544117,0.163655192,0.687477529); presentationRadius=6371009.000000000; draws=0/0/0/1
[native] Earth Vulkan submission: terrainFrame=289; swapchainImage=1; recordSerial=289; submitSerial=289; presentSerial=289; serializedFence=true; globalDraw=0; dynamicHierarchyDraw=0; candidateIndirectDraw=1; visibleEarthOwners=1
[native] Earth focus frame: frame=290; epoch=3; focusedBody=6; cameraTargetBody=6; radius=6371008.799999997; distance=6371043.498628128; altitude=19.563695908; surfaceMode=2; terrainVersion=5; regime=2; roots=0x3F; activePatches=6; distantOwner=0; globalOwner=0; dynamicOwner=0; candidateOwner=1; material=production-billboard; fingerprint=10/0.580000/0.160000/0.000000; center=(-3319885.25,4507249,-3041918); orientation=(0.687910438,0.165441573,0.163655579,0.68747741); presentationRadius=6371009.000000000; draws=0/0/0/1
[native] Earth Vulkan submission: terrainFrame=290; swapchainImage=2; recordSerial=290; submitSerial=290; presentSerial=290; serializedFence=true; globalDraw=0; dynamicHierarchyDraw=0; candidateIndirectDraw=1; visibleEarthOwners=1
[native] Earth focus frame: frame=291; epoch=3; focusedBody=6; cameraTargetBody=6; radius=6371008.799999997; distance=6371043.498628128; altitude=19.563695908; surfaceMode=2; terrainVersion=5; regime=2; roots=0x3F; activePatches=6; distantOwner=0; globalOwner=0; dynamicOwner=0; candidateOwner=1; material=production-billboard; fingerprint=10/0.580000/0.160000/0.000000; center=(-3319885.25,4507249,-3041918); orientation=(0.687910438,0.165441573,0.163655579,0.68747741); presentationRadius=6371009.000000000; draws=0/0/0/1
[native] Earth Vulkan submission: terrainFrame=291; swapchainImage=0; recordSerial=291; submitSerial=291; presentSerial=291; serializedFence=true; globalDraw=0; dynamicHierarchyDraw=0; candidateIndirectDraw=1; visibleEarthOwners=1
[native] Earth focus frame: frame=292; epoch=3; focusedBody=6; cameraTargetBody=6; radius=6371008.799999997; distance=6371043.498628128; altitude=19.563695908; surfaceMode=2; terrainVersion=5; regime=2; roots=0x3F; activePatches=6; distantOwner=0; globalOwner=0; dynamicOwner=0; candidateOwner=1; material=production-billboard; fingerprint=10/0.580000/0.160000/0.000000; center=(-3319885.25,4507249,-3041918); orientation=(0.687910438,0.165441573,0.163655579,0.68747741); presentationRadius=6371009.000000000; draws=0/0/0/1
[native] Earth Vulkan submission: terrainFrame=292; swapchainImage=1; recordSerial=292; submitSerial=292; presentSerial=292; serializedFence=true; globalDraw=0; dynamicHierarchyDraw=0; candidateIndirectDraw=1; visibleEarthOwners=1
[native] Earth focus frame: frame=293; epoch=3; focusedBody=6; cameraTargetBody=6; radius=6371008.799999997; distance=6371043.498622292; altitude=19.563690186; surfaceMode=2; terrainVersion=5; regime=2; roots=0x3F; activePatches=6; distantOwner=0; globalOwner=0; dynamicOwner=0; candidateOwner=1; material=production-billboard; fingerprint=10/0.580000/0.160000/0.000000; center=(-3319890.5,4507245,-3041918); orientation=(0.687910318,0.16544196,0.163655981,0.68747735); presentationRadius=6371009.000000000; draws=0/0/0/1
[native] Earth Vulkan submission: terrainFrame=293; swapchainImage=2; recordSerial=293; submitSerial=293; presentSerial=293; serializedFence=true; globalDraw=0; dynamicHierarchyDraw=0; candidateIndirectDraw=1; visibleEarthOwners=1
[native] Earth focus frame: frame=294; epoch=3; focusedBody=6; cameraTargetBody=6; radius=6371008.799999997; distance=6371043.498622292; altitude=19.563690186; surfaceMode=2; terrainVersion=5; regime=2; roots=0x3F; activePatches=6; distantOwner=0; globalOwner=0; dynamicOwner=0; candidateOwner=1; material=production-billboard; fingerprint=10/0.580000/0.160000/0.000000; center=(-3319890.5,4507245,-3041918); orientation=(0.687910318,0.16544196,0.163655981,0.68747735); presentationRadius=6371009.000000000; draws=0/0/0/1
[native] Earth Vulkan submission: terrainFrame=294; swapchainImage=0; recordSerial=294; submitSerial=294; presentSerial=294; serializedFence=true; globalDraw=0; dynamicHierarchyDraw=0; candidateIndirectDraw=1; visibleEarthOwners=1
[native] Earth focus frame: frame=295; epoch=3; focusedBody=6; cameraTargetBody=6; radius=6371008.799999997; distance=6371043.498622292; altitude=19.563690186; surfaceMode=2; terrainVersion=5; regime=2; roots=0x3F; activePatches=6; distantOwner=0; globalOwner=0; dynamicOwner=0; candidateOwner=1; material=production-billboard; fingerprint=10/0.580000/0.160000/0.000000; center=(-3319890.5,4507245,-3041918); orientation=(0.687910318,0.16544196,0.163655981,0.68747735); presentationRadius=6371009.000000000; draws=0/0/0/1
[native] Earth Vulkan submission: terrainFrame=295; swapchainImage=1; recordSerial=295; submitSerial=295; presentSerial=295; serializedFence=true; globalDraw=0; dynamicHierarchyDraw=0; candidateIndirectDraw=1; visibleEarthOwners=1
[native] Earth focus frame: frame=296; epoch=3; focusedBody=6; cameraTargetBody=6; radius=6371008.799999997; distance=6371043.498616177; altitude=19.563684464; surfaceMode=2; terrainVersion=5; regime=2; roots=0x3F; activePatches=6; distantOwner=0; globalOwner=0; dynamicOwner=0; candidateOwner=1; material=production-billboard; fingerprint=10/0.580000/0.160000/0.000000; center=(-3319895.5,4507241.5,-3041918); orientation=(0.687910199,0.165442348,0.163656369,0.687477231); presentationRadius=6371009.000000000; draws=0/0/0/1
[native] Earth Vulkan submission: terrainFrame=296; swapchainImage=2; recordSerial=296; submitSerial=296; presentSerial=296; serializedFence=true; globalDraw=0; dynamicHierarchyDraw=0; candidateIndirectDraw=1; visibleEarthOwners=1
[native] Earth focus frame: frame=297; epoch=3; focusedBody=6; cameraTargetBody=6; radius=6371008.799999997; distance=6371043.498616177; altitude=19.563684464; surfaceMode=2; terrainVersion=5; regime=2; roots=0x3F; activePatches=6; distantOwner=0; globalOwner=0; dynamicOwner=0; candidateOwner=1; material=production-billboard; fingerprint=10/0.580000/0.160000/0.000000; center=(-3319895.5,4507241.5,-3041918); orientation=(0.687910199,0.165442348,0.163656369,0.687477231); presentationRadius=6371009.000000000; draws=0/0/0/1
[native] Earth Vulkan submission: terrainFrame=297; swapchainImage=0; recordSerial=297; submitSerial=297; presentSerial=297; serializedFence=true; globalDraw=0; dynamicHierarchyDraw=0; candidateIndirectDraw=1; visibleEarthOwners=1
[native] Earth focus frame: frame=298; epoch=3; focusedBody=6; cameraTargetBody=6; radius=6371008.799999997; distance=6371043.498611714; altitude=19.563678741; surfaceMode=2; terrainVersion=5; regime=2; roots=0x3F; activePatches=6; distantOwner=0; globalOwner=0; dynamicOwner=0; candidateOwner=1; material=production-billboard; fingerprint=10/0.580000/0.160000/0.000000; center=(-3319900.75,4507237.5,-3041917.75); orientation=(0.68791014,0.165442735,0.163656756,0.687477112); presentationRadius=6371009.000000000; draws=0/0/0/1
[native] Earth Vulkan submission: terrainFrame=298; swapchainImage=1; recordSerial=298; submitSerial=298; presentSerial=298; serializedFence=true; globalDraw=0; dynamicHierarchyDraw=0; candidateIndirectDraw=1; visibleEarthOwners=1
[native] Earth focus frame: frame=299; epoch=3; focusedBody=6; cameraTargetBody=6; radius=6371008.799999997; distance=6371043.498611714; altitude=19.563678741; surfaceMode=2; terrainVersion=5; regime=2; roots=0x3F; activePatches=6; distantOwner=0; globalOwner=0; dynamicOwner=0; candidateOwner=1; material=production-billboard; fingerprint=10/0.580000/0.160000/0.000000; center=(-3319900.75,4507237.5,-3041917.75); orientation=(0.68791014,0.165442735,0.163656756,0.687477112); presentationRadius=6371009.000000000; draws=0/0/0/1
[native] Earth Vulkan submission: terrainFrame=299; swapchainImage=2; recordSerial=299; submitSerial=299; presentSerial=299; serializedFence=true; globalDraw=0; dynamicHierarchyDraw=0; candidateIndirectDraw=1; visibleEarthOwners=1
[native] Earth focus frame: frame=300; epoch=3; focusedBody=6; cameraTargetBody=6; radius=6371008.799999997; distance=6371043.498611714; altitude=19.563678741; surfaceMode=2; terrainVersion=5; regime=2; roots=0x3F; activePatches=6; distantOwner=0; globalOwner=0; dynamicOwner=0; candidateOwner=1; material=production-billboard; fingerprint=10/0.580000/0.160000/0.000000; center=(-3319900.75,4507237.5,-3041917.75); orientation=(0.68791014,0.165442735,0.163656756,0.687477112); presentationRadius=6371009.000000000; draws=0/0/0/1
[native] Earth Vulkan submission: terrainFrame=300; swapchainImage=0; recordSerial=300; submitSerial=300; presentSerial=300; serializedFence=true; globalDraw=0; dynamicHierarchyDraw=0; candidateIndirectDraw=1; visibleEarthOwners=1
[native] Earth focus frame: frame=301; epoch=3; focusedBody=6; cameraTargetBody=6; radius=6371008.799999997; distance=6371043.498612179; altitude=19.563678741; surfaceMode=2; terrainVersion=5; regime=2; roots=0x3F; activePatches=6; distantOwner=0; globalOwner=0; dynamicOwner=0; candidateOwner=1; material=production-billboard; fingerprint=10/0.580000/0.160000/0.000000; center=(-3319905.75,4507234,-3041917.75); orientation=(0.68791002,0.165443137,0.163657144,0.687477052); presentationRadius=6371009.000000000; draws=0/0/0/1
[native] Earth Vulkan submission: terrainFrame=301; swapchainImage=1; recordSerial=301; submitSerial=301; presentSerial=301; serializedFence=true; globalDraw=0; dynamicHierarchyDraw=0; candidateIndirectDraw=1; visibleEarthOwners=1
[native] Earth focus frame: frame=302; epoch=3; focusedBody=6; cameraTargetBody=6; radius=6371008.799999997; distance=6371043.498612179; altitude=19.563678741; surfaceMode=2; terrainVersion=5; regime=2; roots=0x3F; activePatches=6; distantOwner=0; globalOwner=0; dynamicOwner=0; candidateOwner=1; material=production-billboard; fingerprint=10/0.580000/0.160000/0.000000; center=(-3319905.75,4507234,-3041917.75); orientation=(0.68791002,0.165443137,0.163657144,0.687477052); presentationRadius=6371009.000000000; draws=0/0/0/1
[native] Earth Vulkan submission: terrainFrame=302; swapchainImage=2; recordSerial=302; submitSerial=302; presentSerial=302; serializedFence=true; globalDraw=0; dynamicHierarchyDraw=0; candidateIndirectDraw=1; visibleEarthOwners=1
[native] Earth focus frame: frame=303; epoch=3; focusedBody=6; cameraTargetBody=6; radius=6371008.799999997; distance=6371043.498612179; altitude=19.563678741; surfaceMode=2; terrainVersion=5; regime=2; roots=0x3F; activePatches=6; distantOwner=0; globalOwner=0; dynamicOwner=0; candidateOwner=1; material=production-billboard; fingerprint=10/0.580000/0.160000/0.000000; center=(-3319905.75,4507234,-3041917.75); orientation=(0.68791002,0.165443137,0.163657144,0.687477052); presentationRadius=6371009.000000000; draws=0/0/0/1
[native] Earth Vulkan submission: terrainFrame=303; swapchainImage=0; recordSerial=303; submitSerial=303; presentSerial=303; serializedFence=true; globalDraw=0; dynamicHierarchyDraw=0; candidateIndirectDraw=1; visibleEarthOwners=1
[native] Earth focus frame: frame=304; epoch=3; focusedBody=6; cameraTargetBody=6; radius=6371008.799999997; distance=6371043.498612369; altitude=19.563680649; surfaceMode=2; terrainVersion=5; regime=2; roots=0x3F; activePatches=6; distantOwner=0; globalOwner=0; dynamicOwner=0; candidateOwner=1; material=production-billboard; fingerprint=10/0.580000/0.160000/0.000000; center=(-3319911,4507230,-3041917.75); orientation=(0.687909961,0.165443525,0.163657546,0.687476933); presentationRadius=6371009.000000000; draws=0/0/0/1
[native] Earth Vulkan submission: terrainFrame=304; swapchainImage=1; recordSerial=304; submitSerial=304; presentSerial=304; serializedFence=true; globalDraw=0; dynamicHierarchyDraw=0; candidateIndirectDraw=1; visibleEarthOwners=1
[native] Earth focus frame: frame=305; epoch=3; focusedBody=6; cameraTargetBody=6; radius=6371008.799999997; distance=6371043.498612369; altitude=19.563680649; surfaceMode=2; terrainVersion=5; regime=2; roots=0x3F; activePatches=6; distantOwner=0; globalOwner=0; dynamicOwner=0; candidateOwner=1; material=production-billboard; fingerprint=10/0.580000/0.160000/0.000000; center=(-3319911,4507230,-3041917.75); orientation=(0.687909961,0.165443525,0.163657546,0.687476933); presentationRadius=6371009.000000000; draws=0/0/0/1
[native] Earth Vulkan submission: terrainFrame=305; swapchainImage=2; recordSerial=305; submitSerial=305; presentSerial=305; serializedFence=true; globalDraw=0; dynamicHierarchyDraw=0; candidateIndirectDraw=1; visibleEarthOwners=1
[native] Earth focus frame: frame=306; epoch=3; focusedBody=6; cameraTargetBody=6; radius=6371008.799999997; distance=6371043.498612369; altitude=19.563680649; surfaceMode=2; terrainVersion=5; regime=2; roots=0x3F; activePatches=6; distantOwner=0; globalOwner=0; dynamicOwner=0; candidateOwner=1; material=production-billboard; fingerprint=10/0.580000/0.160000/0.000000; center=(-3319911,4507230,-3041917.75); orientation=(0.687909961,0.165443525,0.163657546,0.687476933); presentationRadius=6371009.000000000; draws=0/0/0/1
[native] Earth Vulkan submission: terrainFrame=306; swapchainImage=0; recordSerial=306; submitSerial=306; presentSerial=306; serializedFence=true; globalDraw=0; dynamicHierarchyDraw=0; candidateIndirectDraw=1; visibleEarthOwners=1
[native] Earth focus frame: frame=307; epoch=3; focusedBody=6; cameraTargetBody=6; radius=6371008.799999997; distance=6371043.498618683; altitude=19.563686371; surfaceMode=2; terrainVersion=5; regime=2; roots=0x3F; activePatches=6; distantOwner=0; globalOwner=0; dynamicOwner=0; candidateOwner=1; material=production-billboard; fingerprint=10/0.580000/0.160000/0.000000; center=(-3319916.25,4507226,-3041917.75); orientation=(0.687909842,0.165443912,0.163657933,0.687476873); presentationRadius=6371009.000000000; draws=0/0/0/1
[native] Earth Vulkan submission: terrainFrame=307; swapchainImage=1; recordSerial=307; submitSerial=307; presentSerial=307; serializedFence=true; globalDraw=0; dynamicHierarchyDraw=0; candidateIndirectDraw=1; visibleEarthOwners=1
[native] Earth focus frame: frame=308; epoch=3; focusedBody=6; cameraTargetBody=6; radius=6371008.799999997; distance=6371043.498618683; altitude=19.563686371; surfaceMode=2; terrainVersion=5; regime=2; roots=0x3F; activePatches=6; distantOwner=0; globalOwner=0; dynamicOwner=0; candidateOwner=1; material=production-billboard; fingerprint=10/0.580000/0.160000/0.000000; center=(-3319916.25,4507226,-3041917.75); orientation=(0.687909842,0.165443912,0.163657933,0.687476873); presentationRadius=6371009.000000000; draws=0/0/0/1
[native] Earth Vulkan submission: terrainFrame=308; swapchainImage=2; recordSerial=308; submitSerial=308; presentSerial=308; serializedFence=true; globalDraw=0; dynamicHierarchyDraw=0; candidateIndirectDraw=1; visibleEarthOwners=1
[native] Earth focus frame: frame=309; epoch=3; focusedBody=6; cameraTargetBody=6; radius=6371008.799999997; distance=6371043.498621658; altitude=19.563688278; surfaceMode=2; terrainVersion=5; regime=2; roots=0x3F; activePatches=6; distantOwner=0; globalOwner=0; dynamicOwner=0; candidateOwner=1; material=production-billboard; fingerprint=10/0.580000/0.160000/0.000000; center=(-3319921.25,4507222.5,-3041917.75); orientation=(0.687909782,0.165444314,0.163658321,0.687476754); presentationRadius=6371009.000000000; draws=0/0/0/1
[native] Earth Vulkan submission: terrainFrame=309; swapchainImage=0; recordSerial=309; submitSerial=309; presentSerial=309; serializedFence=true; globalDraw=0; dynamicHierarchyDraw=0; candidateIndirectDraw=1; visibleEarthOwners=1
[native] Earth focus frame: frame=310; epoch=3; focusedBody=6; cameraTargetBody=6; radius=6371008.799999997; distance=6371043.498621658; altitude=19.563688278; surfaceMode=2; terrainVersion=5; regime=2; roots=0x3F; activePatches=6; distantOwner=0; globalOwner=0; dynamicOwner=0; candidateOwner=1; material=production-billboard; fingerprint=10/0.580000/0.160000/0.000000; center=(-3319921.25,4507222.5,-3041917.75); orientation=(0.687909782,0.165444314,0.163658321,0.687476754); presentationRadius=6371009.000000000; draws=0/0/0/1
[native] Earth Vulkan submission: terrainFrame=310; swapchainImage=1; recordSerial=310; submitSerial=310; presentSerial=310; serializedFence=true; globalDraw=0; dynamicHierarchyDraw=0; candidateIndirectDraw=1; visibleEarthOwners=1
[native] Earth focus frame: frame=311; epoch=3; focusedBody=6; cameraTargetBody=6; radius=6371008.799999997; distance=6371043.498621658; altitude=19.563688278; surfaceMode=2; terrainVersion=5; regime=2; roots=0x3F; activePatches=6; distantOwner=0; globalOwner=0; dynamicOwner=0; candidateOwner=1; material=production-billboard; fingerprint=10/0.580000/0.160000/0.000000; center=(-3319921.25,4507222.5,-3041917.75); orientation=(0.687909782,0.165444314,0.163658321,0.687476754); presentationRadius=6371009.000000000; draws=0/0/0/1
[native] Earth Vulkan submission: terrainFrame=311; swapchainImage=2; recordSerial=311; submitSerial=311; presentSerial=311; serializedFence=true; globalDraw=0; dynamicHierarchyDraw=0; candidateIndirectDraw=1; visibleEarthOwners=1
[native] Earth focus frame: frame=312; epoch=3; focusedBody=6; cameraTargetBody=6; radius=6371008.799999997; distance=6371043.498615758; altitude=19.563682556; surfaceMode=2; terrainVersion=5; regime=2; roots=0x3F; activePatches=6; distantOwner=0; globalOwner=0; dynamicOwner=0; candidateOwner=1; material=production-billboard; fingerprint=10/0.580000/0.160000/0.000000; center=(-3319926.5,4507218.5,-3041917.75); orientation=(0.687909663,0.165444702,0.163658723,0.687476635); presentationRadius=6371009.000000000; draws=0/0/0/1
[native] Earth Vulkan submission: terrainFrame=312; swapchainImage=0; recordSerial=312; submitSerial=312; presentSerial=312; serializedFence=true; globalDraw=0; dynamicHierarchyDraw=0; candidateIndirectDraw=1; visibleEarthOwners=1
[native] Earth focus frame: frame=313; epoch=3; focusedBody=6; cameraTargetBody=6; radius=6371008.799999997; distance=6371043.498615758; altitude=19.563682556; surfaceMode=2; terrainVersion=5; regime=2; roots=0x3F; activePatches=6; distantOwner=0; globalOwner=0; dynamicOwner=0; candidateOwner=1; material=production-billboard; fingerprint=10/0.580000/0.160000/0.000000; center=(-3319926.5,4507218.5,-3041917.75); orientation=(0.687909663,0.165444702,0.163658723,0.687476635); presentationRadius=6371009.000000000; draws=0/0/0/1
[native] Earth Vulkan submission: terrainFrame=313; swapchainImage=1; recordSerial=313; submitSerial=313; presentSerial=313; serializedFence=true; globalDraw=0; dynamicHierarchyDraw=0; candidateIndirectDraw=1; visibleEarthOwners=1
[native] Earth focus frame: frame=314; epoch=3; focusedBody=6; cameraTargetBody=6; radius=6371008.799999997; distance=6371043.498615758; altitude=19.563682556; surfaceMode=2; terrainVersion=5; regime=2; roots=0x3F; activePatches=6; distantOwner=0; globalOwner=0; dynamicOwner=0; candidateOwner=1; material=production-billboard; fingerprint=10/0.580000/0.160000/0.000000; center=(-3319926.5,4507218.5,-3041917.75); orientation=(0.687909663,0.165444702,0.163658723,0.687476635); presentationRadius=6371009.000000000; draws=0/0/0/1
[native] Earth Vulkan submission: terrainFrame=314; swapchainImage=2; recordSerial=314; submitSerial=314; presentSerial=314; serializedFence=true; globalDraw=0; dynamicHierarchyDraw=0; candidateIndirectDraw=1; visibleEarthOwners=1
[native] Earth focus frame: frame=315; epoch=3; focusedBody=6; cameraTargetBody=6; radius=6371008.799999997; distance=6371043.498609349; altitude=19.563676834; surfaceMode=2; terrainVersion=5; regime=2; roots=0x3F; activePatches=6; distantOwner=0; globalOwner=0; dynamicOwner=0; candidateOwner=1; material=production-billboard; fingerprint=10/0.580000/0.160000/0.000000; center=(-3319931.5,4507215,-3041917.75); orientation=(0.687909603,0.165445089,0.163659111,0.687476575); presentationRadius=6371009.000000000; draws=0/0/0/1
[native] Earth Vulkan submission: terrainFrame=315; swapchainImage=0; recordSerial=315; submitSerial=315; presentSerial=315; serializedFence=true; globalDraw=0; dynamicHierarchyDraw=0; candidateIndirectDraw=1; visibleEarthOwners=1
[native] GPU timings: total=2.439 ms; anchoredCompute=0.000; anchoredDraw=1.218; background=0.277; preSurface=0.000; scene=2.255; toneMap=0.184; regionalCompute=0.760; materialsOverlays=1.218
[native] GPU anchored refinement: submittedFrame=364; generation=1; level=17; topologyFamily=1; inputTriangles=1424208; postHorizonTriangles=1184036; horizonRejected=240172; postScreenConeTriangles=323360; screenConeRejected=860676; tcsPatches=323360; tcsScreenRejected=0; refinedVertices=1502962; clippingOutputPrimitives=82649; fragmentInvocations=203317; compactedIndices=970080; indirectDraws=1; maximumOuterTesFactor=64.000000; maximumInnerTesFactor=63.993599; maximumTesFactor=64; rasterDiagnostic=0x0; countersAndQueryFrameMatch=true; CPUFinalRaster=false
[native] GPU timings: total=2.101 ms; anchoredCompute=0.000; anchoredDraw=1.200; background=0.113; preSurface=0.000; scene=2.081; toneMap=0.020; regionalCompute=0.768; materialsOverlays=1.200
[native] GPU anchored refinement: submittedFrame=484; generation=1; level=17; topologyFamily=1; inputTriangles=1424208; postHorizonTriangles=1184036; horizonRejected=240172; postScreenConeTriangles=323360; screenConeRejected=860676; tcsPatches=323360; tcsScreenRejected=0; refinedVertices=1502977; clippingOutputPrimitives=82766; fragmentInvocations=203418; compactedIndices=970080; indirectDraws=1; maximumOuterTesFactor=64.000000; maximumInnerTesFactor=63.993599; maximumTesFactor=64; rasterDiagnostic=0x0; countersAndQueryFrameMatch=true; CPUFinalRaster=false
[native] GPU timings: total=2.108 ms; anchoredCompute=0.000; anchoredDraw=1.212; background=0.112; preSurface=0.000; scene=2.095; toneMap=0.013; regionalCompute=0.768; materialsOverlays=1.215
[native] GPU anchored refinement: submittedFrame=604; generation=1; level=17; topologyFamily=1; inputTriangles=1424208; postHorizonTriangles=1184036; horizonRejected=240172; postScreenConeTriangles=323360; screenConeRejected=860676; tcsPatches=323360; tcsScreenRejected=0; refinedVertices=1503031; clippingOutputPrimitives=82665; fragmentInvocations=203259; compactedIndices=970080; indirectDraws=1; maximumOuterTesFactor=64.000000; maximumInnerTesFactor=63.993599; maximumTesFactor=64; rasterDiagnostic=0x0; countersAndQueryFrameMatch=true; CPUFinalRaster=false
[native] Renderer health: completedFrame=678; extent=1280x602; applicationMode=1; surfaceMode=2; patches=0; billboardOwner=1; camera=(0,0,0); fenceMs=4.912
[native] GPU timings: total=2.647 ms; anchoredCompute=0.000; anchoredDraw=1.197; background=0.561; preSurface=0.000; scene=2.634; toneMap=0.013; regionalCompute=0.759; materialsOverlays=1.313
[native] GPU anchored refinement: submittedFrame=724; generation=1; level=17; topologyFamily=1; inputTriangles=1424208; postHorizonTriangles=1184036; horizonRejected=240172; postScreenConeTriangles=323360; screenConeRejected=860676; tcsPatches=323360; tcsScreenRejected=0; refinedVertices=1502981; clippingOutputPrimitives=82759; fragmentInvocations=203392; compactedIndices=970080; indirectDraws=1; maximumOuterTesFactor=64.000000; maximumInnerTesFactor=63.993599; maximumTesFactor=64; rasterDiagnostic=0x0; countersAndQueryFrameMatch=true; CPUFinalRaster=false
[native] GPU timings: total=2.569 ms; anchoredCompute=0.000; anchoredDraw=1.212; background=0.576; preSurface=0.000; scene=2.551; toneMap=0.018; regionalCompute=0.762; materialsOverlays=1.213
[native] GPU anchored refinement: submittedFrame=844; generation=1; level=17; topologyFamily=1; inputTriangles=1424208; postHorizonTriangles=1184036; horizonRejected=240172; postScreenConeTriangles=323360; screenConeRejected=860676; tcsPatches=323360; tcsScreenRejected=0; refinedVertices=1502954; clippingOutputPrimitives=82703; fragmentInvocations=203191; compactedIndices=970080; indirectDraws=1; maximumOuterTesFactor=64.000000; maximumInnerTesFactor=63.993599; maximumTesFactor=64; rasterDiagnostic=0x0; countersAndQueryFrameMatch=true; CPUFinalRaster=false
[native] GPU timings: total=2.411 ms; anchoredCompute=0.000; anchoredDraw=1.198; background=0.260; preSurface=0.000; scene=2.398; toneMap=0.013; regionalCompute=0.762; materialsOverlays=1.376
[native] GPU anchored refinement: submittedFrame=964; generation=1; level=17; topologyFamily=1; inputTriangles=1424208; postHorizonTriangles=1184036; horizonRejected=240172; postScreenConeTriangles=323360; screenConeRejected=860676; tcsPatches=323360; tcsScreenRejected=0; refinedVertices=1502961; clippingOutputPrimitives=82738; fragmentInvocations=203246; compactedIndices=970080; indirectDraws=1; maximumOuterTesFactor=64.000000; maximumInnerTesFactor=63.993599; maximumTesFactor=64; rasterDiagnostic=0x0; countersAndQueryFrameMatch=true; CPUFinalRaster=false
APPLICATION_QUALIFY step=19 frame=984 parts=12
[native] GPU timings: total=2.664 ms; anchoredCompute=0.000; anchoredDraw=1.230; background=0.373; preSurface=0.000; scene=2.357; toneMap=0.307; regionalCompute=0.754; materialsOverlays=1.230
[native] GPU anchored refinement: submittedFrame=1084; generation=1; level=17; topologyFamily=1; inputTriangles=1424208; postHorizonTriangles=1184043; horizonRejected=240165; postScreenConeTriangles=323476; screenConeRejected=860567; tcsPatches=323476; tcsScreenRejected=0; refinedVertices=1227044; clippingOutputPrimitives=79002; fragmentInvocations=245859; compactedIndices=970428; indirectDraws=1; maximumOuterTesFactor=64.000000; maximumInnerTesFactor=46.958916; maximumTesFactor=64; rasterDiagnostic=0x0; countersAndQueryFrameMatch=true; CPUFinalRaster=false
[native] GPU timings: total=2.928 ms; anchoredCompute=0.000; anchoredDraw=1.412; background=0.397; preSurface=0.000; scene=2.576; toneMap=0.352; regionalCompute=0.767; materialsOverlays=1.412
[native] GPU anchored refinement: submittedFrame=1204; generation=1; level=17; topologyFamily=1; inputTriangles=1424208; postHorizonTriangles=1184064; horizonRejected=240144; postScreenConeTriangles=323752; screenConeRejected=860312; tcsPatches=323752; tcsScreenRejected=0; refinedVertices=990967; clippingOutputPrimitives=75778; fragmentInvocations=376230; compactedIndices=971256; indirectDraws=1; maximumOuterTesFactor=14.938807; maximumInnerTesFactor=10.831970; maximumTesFactor=15; rasterDiagnostic=0x0; countersAndQueryFrameMatch=true; CPUFinalRaster=false
[native] GPU timings: total=2.911 ms; anchoredCompute=0.000; anchoredDraw=1.693; background=0.235; preSurface=0.000; scene=2.874; toneMap=0.037; regionalCompute=0.761; materialsOverlays=1.878
[native] GPU anchored refinement: submittedFrame=1324; generation=1; level=17; topologyFamily=1; inputTriangles=1424208; postHorizonTriangles=1184108; horizonRejected=240100; postScreenConeTriangles=323510; screenConeRejected=860598; tcsPatches=323510; tcsScreenRejected=0; refinedVertices=970530; clippingOutputPrimitives=85512; fragmentInvocations=545516; compactedIndices=970530; indirectDraws=1; maximumOuterTesFactor=1.000000; maximumInnerTesFactor=0.999900; maximumTesFactor=1; rasterDiagnostic=0x0; countersAndQueryFrameMatch=true; CPUFinalRaster=false
[native] GPU timings: total=2.778 ms; anchoredCompute=0.000; anchoredDraw=1.852; background=0.113; preSurface=0.000; scene=2.733; toneMap=0.045; regionalCompute=0.768; materialsOverlays=1.852
[native] GPU anchored refinement: submittedFrame=1444; generation=1; level=17; topologyFamily=1; inputTriangles=1424208; postHorizonTriangles=1184154; horizonRejected=240054; postScreenConeTriangles=323319; screenConeRejected=860835; tcsPatches=323319; tcsScreenRejected=0; refinedVertices=969957; clippingOutputPrimitives=97307; fragmentInvocations=608397; compactedIndices=969957; indirectDraws=1; maximumOuterTesFactor=1.000000; maximumInnerTesFactor=0.999900; maximumTesFactor=1; rasterDiagnostic=0x0; countersAndQueryFrameMatch=true; CPUFinalRaster=false
[native] GPU timings: total=3.177 ms; anchoredCompute=0.000; anchoredDraw=1.895; background=0.112; preSurface=0.000; scene=2.766; toneMap=0.412; regionalCompute=0.759; materialsOverlays=1.895
[native] GPU anchored refinement: submittedFrame=1564; generation=1; level=17; topologyFamily=1; inputTriangles=1424208; postHorizonTriangles=1184221; horizonRejected=239987; postScreenConeTriangles=321898; screenConeRejected=862323; tcsPatches=321898; tcsScreenRejected=0; refinedVertices=965694; clippingOutputPrimitives=106022; fragmentInvocations=612826; compactedIndices=965694; indirectDraws=1; maximumOuterTesFactor=1.000000; maximumInnerTesFactor=0.999900; maximumTesFactor=1; rasterDiagnostic=0x0; countersAndQueryFrameMatch=true; CPUFinalRaster=false
[native] Renderer health: completedFrame=1581; extent=1280x602; applicationMode=1; surfaceMode=2; patches=0; billboardOwner=1; camera=(0,0,0); fenceMs=6.868
[native] GPU timings: total=3.561 ms; anchoredCompute=0.000; anchoredDraw=1.955; background=0.304; preSurface=0.000; scene=3.186; toneMap=0.374; regionalCompute=0.763; materialsOverlays=2.120
[native] GPU anchored refinement: submittedFrame=1684; generation=1; level=17; topologyFamily=1; inputTriangles=1424208; postHorizonTriangles=1184321; horizonRejected=239887; postScreenConeTriangles=319624; screenConeRejected=864697; tcsPatches=319624; tcsScreenRejected=0; refinedVertices=958872; clippingOutputPrimitives=114240; fragmentInvocations=611886; compactedIndices=958872; indirectDraws=1; maximumOuterTesFactor=1.000000; maximumInnerTesFactor=0.999900; maximumTesFactor=1; rasterDiagnostic=0x0; countersAndQueryFrameMatch=true; CPUFinalRaster=false
[native] GPU timings: total=3.089 ms; anchoredCompute=0.000; anchoredDraw=1.980; background=0.228; preSurface=0.000; scene=3.042; toneMap=0.047; regionalCompute=0.770; materialsOverlays=2.044
[native] GPU anchored refinement: submittedFrame=1804; generation=1; level=17; topologyFamily=1; inputTriangles=1424208; postHorizonTriangles=1184449; horizonRejected=239759; postScreenConeTriangles=317137; screenConeRejected=867312; tcsPatches=317137; tcsScreenRejected=0; refinedVertices=951411; clippingOutputPrimitives=120660; fragmentInvocations=610431; compactedIndices=951411; indirectDraws=1; maximumOuterTesFactor=1.000000; maximumInnerTesFactor=0.999900; maximumTesFactor=1; rasterDiagnostic=0x0; countersAndQueryFrameMatch=true; CPUFinalRaster=false
[native] GPU timings: total=3.348 ms; anchoredCompute=0.000; anchoredDraw=1.983; background=0.557; preSurface=0.000; scene=3.301; toneMap=0.047; regionalCompute=0.761; materialsOverlays=1.983
[native] GPU anchored refinement: submittedFrame=1924; generation=1; level=17; topologyFamily=1; inputTriangles=1424208; postHorizonTriangles=1184565; horizonRejected=239643; postScreenConeTriangles=314600; screenConeRejected=869965; tcsPatches=314600; tcsScreenRejected=0; refinedVertices=943800; clippingOutputPrimitives=126436; fragmentInvocations=609543; compactedIndices=943800; indirectDraws=1; maximumOuterTesFactor=1.000000; maximumInnerTesFactor=0.999900; maximumTesFactor=1; rasterDiagnostic=0x0; countersAndQueryFrameMatch=true; CPUFinalRaster=false
[native] GPU timings: total=3.154 ms; anchoredCompute=0.000; anchoredDraw=1.976; background=0.215; preSurface=0.000; scene=3.106; toneMap=0.047; regionalCompute=0.762; materialsOverlays=2.130
[native] GPU anchored refinement: submittedFrame=2044; generation=1; level=17; topologyFamily=1; inputTriangles=1424208; postHorizonTriangles=1184698; horizonRejected=239510; postScreenConeTriangles=311898; screenConeRejected=872800; tcsPatches=311898; tcsScreenRejected=0; refinedVertices=935694; clippingOutputPrimitives=131142; fragmentInvocations=608538; compactedIndices=935694; indirectDraws=1; maximumOuterTesFactor=1.000000; maximumInnerTesFactor=0.999900; maximumTesFactor=1; rasterDiagnostic=0x0; countersAndQueryFrameMatch=true; CPUFinalRaster=false
[native] GPU timings: total=3.299 ms; anchoredCompute=0.000; anchoredDraw=1.930; background=0.547; preSurface=0.000; scene=3.237; toneMap=0.061; regionalCompute=0.760; materialsOverlays=1.930
[native] GPU anchored refinement: submittedFrame=2164; generation=1; level=17; topologyFamily=1; inputTriangles=1424208; postHorizonTriangles=1184867; horizonRejected=239341; postScreenConeTriangles=307642; screenConeRejected=877225; tcsPatches=307642; tcsScreenRejected=0; refinedVertices=922926; clippingOutputPrimitives=133839; fragmentInvocations=607616; compactedIndices=922926; indirectDraws=1; maximumOuterTesFactor=1.000000; maximumInnerTesFactor=0.999900; maximumTesFactor=1; rasterDiagnostic=0x0; countersAndQueryFrameMatch=true; CPUFinalRaster=false
[native] GPU timings: total=3.074 ms; anchoredCompute=0.000; anchoredDraw=1.889; background=0.216; preSurface=0.000; scene=3.027; toneMap=0.047; regionalCompute=0.760; materialsOverlays=2.051
[native] GPU anchored refinement: submittedFrame=2284; generation=1; level=17; topologyFamily=1; inputTriangles=1424208; postHorizonTriangles=1185042; horizonRejected=239166; postScreenConeTriangles=302463; screenConeRejected=882579; tcsPatches=302463; tcsScreenRejected=0; refinedVertices=907389; clippingOutputPrimitives=134675; fragmentInvocations=606715; compactedIndices=907389; indirectDraws=1; maximumOuterTesFactor=1.000000; maximumInnerTesFactor=0.999900; maximumTesFactor=1; rasterDiagnostic=0x0; countersAndQueryFrameMatch=true; CPUFinalRaster=false
[native] GPU timings: total=2.994 ms; anchoredCompute=0.000; anchoredDraw=1.865; background=0.112; preSurface=0.000; scene=2.745; toneMap=0.249; regionalCompute=0.767; materialsOverlays=1.866
[native] GPU anchored refinement: submittedFrame=2404; generation=1; level=17; topologyFamily=1; inputTriangles=1424208; postHorizonTriangles=1185231; horizonRejected=238977; postScreenConeTriangles=296936; screenConeRejected=888295; tcsPatches=296936; tcsScreenRejected=0; refinedVertices=890808; clippingOutputPrimitives=134833; fragmentInvocations=605641; compactedIndices=890808; indirectDraws=1; maximumOuterTesFactor=1.000000; maximumInnerTesFactor=0.999900; maximumTesFactor=1; rasterDiagnostic=0x0; countersAndQueryFrameMatch=true; CPUFinalRaster=false
APPLICATION_QUALIFY step=20 frame=2432 parts=12
APPLICATION_QUALIFY step=21 frame=2440 parts=12
[native] Renderer health: completedFrame=2481; extent=1280x602; applicationMode=1; surfaceMode=2; patches=0; billboardOwner=1; camera=(0,0,0); fenceMs=5.078
[native] GPU timings: total=2.994 ms; anchoredCompute=0.000; anchoredDraw=1.830; background=0.205; preSurface=0.000; scene=2.981; toneMap=0.013; regionalCompute=0.760; materialsOverlays=2.016
[native] GPU anchored refinement: submittedFrame=2524; generation=1; level=17; topologyFamily=1; inputTriangles=1424208; postHorizonTriangles=1185437; horizonRejected=238771; postScreenConeTriangles=291335; screenConeRejected=894102; tcsPatches=291335; tcsScreenRejected=0; refinedVertices=874005; clippingOutputPrimitives=134843; fragmentInvocations=604845; compactedIndices=874005; indirectDraws=1; maximumOuterTesFactor=1.000000; maximumInnerTesFactor=0.999900; maximumTesFactor=1; rasterDiagnostic=0x0; countersAndQueryFrameMatch=true; CPUFinalRaster=false
[native] GPU timings: total=3.077 ms; anchoredCompute=0.000; anchoredDraw=1.792; background=0.413; preSurface=0.000; scene=2.965; toneMap=0.112; regionalCompute=0.760; materialsOverlays=1.792
[native] GPU anchored refinement: submittedFrame=2644; generation=1; level=17; topologyFamily=1; inputTriangles=1424208; postHorizonTriangles=1185619; horizonRejected=238589; postScreenConeTriangles=286381; screenConeRejected=899238; tcsPatches=286381; tcsScreenRejected=0; refinedVertices=859143; clippingOutputPrimitives=133902; fragmentInvocations=603975; compactedIndices=859143; indirectDraws=1; maximumOuterTesFactor=1.000000; maximumInnerTesFactor=0.999900; maximumTesFactor=1; rasterDiagnostic=0x0; countersAndQueryFrameMatch=true; CPUFinalRaster=false
[native] GPU timings: total=2.881 ms; anchoredCompute=0.000; anchoredDraw=1.741; background=0.211; preSurface=0.000; scene=2.863; toneMap=0.017; regionalCompute=0.760; materialsOverlays=1.892
[native] GPU anchored refinement: submittedFrame=2764; generation=1; level=17; topologyFamily=1; inputTriangles=1424208; postHorizonTriangles=1185794; horizonRejected=238414; postScreenConeTriangles=281928; screenConeRejected=903866; tcsPatches=281928; tcsScreenRejected=0; refinedVertices=845784; clippingOutputPrimitives=133200; fragmentInvocations=603415; compactedIndices=845784; indirectDraws=1; maximumOuterTesFactor=1.000000; maximumInnerTesFactor=0.999900; maximumTesFactor=1; rasterDiagnostic=0x0; countersAndQueryFrameMatch=true; CPUFinalRaster=false
[native] GPU timings: total=2.878 ms; anchoredCompute=0.000; anchoredDraw=1.715; background=0.210; preSurface=0.000; scene=2.865; toneMap=0.013; regionalCompute=0.759; materialsOverlays=1.895
[native] GPU anchored refinement: submittedFrame=2884; generation=1; level=17; topologyFamily=1; inputTriangles=1424208; postHorizonTriangles=1185965; horizonRejected=238243; postScreenConeTriangles=278354; screenConeRejected=907611; tcsPatches=278354; tcsScreenRejected=0; refinedVertices=835062; clippingOutputPrimitives=132381; fragmentInvocations=602634; compactedIndices=835062; indirectDraws=1; maximumOuterTesFactor=1.000000; maximumInnerTesFactor=0.999900; maximumTesFactor=1; rasterDiagnostic=0x0; countersAndQueryFrameMatch=true; CPUFinalRaster=false
P2S5C2 replacement: generation=2; level=16; pupil=1; active=696410; reused=0; new=696410; reuse=0.000%; prepareMs=0.007200; topologyUpload=1
[native] NCSM1 physical slice: incoming=1; generation=2; pupil=2; first=0; count=65536; total=696410; complete=0; currentOwner=1
[native] NCSM1 regional GPU work: kind=incomingPhysicalPreparation; ms=3.467560; frame=2939
[native] NCSM1 physical slice: incoming=1; generation=2; pupil=2; first=65536; count=65536; total=696410; complete=0; currentOwner=1
[native] NCSM1 regional GPU work: kind=incomingPhysicalPreparation; ms=3.629200; frame=2940
[native] NCSM1 physical slice: incoming=1; generation=2; pupil=2; first=131072; count=65536; total=696410; complete=0; currentOwner=1
[native] NCSM1 regional GPU work: kind=incomingPhysicalPreparation; ms=3.996800; frame=2941
[native] NCSM1 physical slice: incoming=1; generation=2; pupil=2; first=196608; count=65536; total=696410; complete=0; currentOwner=1
[native] NCSM1 regional GPU work: kind=incomingPhysicalPreparation; ms=3.816880; frame=2942
[native] NCSM1 physical slice: incoming=1; generation=2; pupil=2; first=262144; count=65536; total=696410; complete=0; currentOwner=1
[native] NCSM1 regional GPU work: kind=incomingPhysicalPreparation; ms=3.830920; frame=2943
[native] NCSM1 physical slice: incoming=1; generation=2; pupil=2; first=327680; count=65536; total=696410; complete=0; currentOwner=1
[native] NCSM1 regional GPU work: kind=incomingPhysicalPreparation; ms=3.809720; frame=2944
[native] NCSM1 physical slice: incoming=1; generation=2; pupil=2; first=393216; count=65536; total=696410; complete=0; currentOwner=1
[native] NCSM1 regional GPU work: kind=incomingPhysicalPreparation; ms=3.852400; frame=2945
[native] NCSM1 physical slice: incoming=1; generation=2; pupil=2; first=458752; count=65536; total=696410; complete=0; currentOwner=1
[native] NCSM1 regional GPU work: kind=incomingPhysicalPreparation; ms=3.740000; frame=2946
[native] NCSM1 physical slice: incoming=1; generation=2; pupil=2; first=524288; count=65536; total=696410; complete=0; currentOwner=1
[native] NCSM1 regional GPU work: kind=incomingPhysicalPreparation; ms=3.736720; frame=2947
[native] NCSM1 physical slice: incoming=1; generation=2; pupil=2; first=589824; count=65536; total=696410; complete=0; currentOwner=1
[native] NCSM1 regional GPU work: kind=incomingPhysicalPreparation; ms=4.044680; frame=2948
[native] NCSM1 physical slice: incoming=1; generation=2; pupil=2; first=655360; count=41050; total=696410; complete=1; currentOwner=1
[native] NCSM1 regional GPU work: kind=incomingPhysicalPreparation; ms=2.429800; frame=2949
[native] Production billboard resource residency: generation=2; level=16; topologyFamily=1; topologyUpload=1; topologyReused=0; topologyUploads=2; topologyReuseHits=0; residentTopologyLevels=2; residentTopologyBytes=56340544; peakTopologyBytes=56340544; workAllocations=2; workReuses=0; workingBytes=135217784; peakWorkingBytes=135217784; currentIncomingSlots=1+0; spareSlots=1
[native] Production spherical billboard publication: generation=2; level=16; topologyFamily=1; hash=0x32840D29EDE00769; topologyResident=true; topologyReused=0; topologyUploads=2; physicalReady=true; normalsReady=true; cullReady=true; compactReady=true; tesDrawReady=true; indirectValid=true; fenceComplete=true; inputTriangles=1392816; postHorizonTriangles=1154668; horizonRejected=238148; postScreenConeTriangles=276632; screenConeRejected=878036; compactedIndices=829896; visibleTriangles=276632; zeroVisible=0; noOpIndirect=0; indirectDraws=1; invalidDraws=0; zeroOwner=0; overlapOwner=0; staleGenerationDraws=0; atomicFrameBoundary=true; publications=2; deferredRetirements=1
P2S5C2 publication: count=2; current=L16; pupilError=1.482646819E-007rad; topologyUploads=2; owners=1; zeroOwner=0; overlap=0; stale=0
[native] GPU timings: total=2.534 ms; anchoredCompute=0.000; anchoredDraw=1.662; background=0.112; preSurface=0.000; scene=2.517; toneMap=0.017; regionalCompute=0.743; materialsOverlays=1.662
[native] GPU anchored refinement: submittedFrame=3004; generation=2; level=16; topologyFamily=1; inputTriangles=1392816; postHorizonTriangles=1154754; horizonRejected=238062; postScreenConeTriangles=275507; screenConeRejected=879247; tcsPatches=275507; tcsScreenRejected=0; refinedVertices=826521; clippingOutputPrimitives=132376; fragmentInvocations=602194; compactedIndices=826521; indirectDraws=1; maximumOuterTesFactor=1.000000; maximumInnerTesFactor=0.999900; maximumTesFactor=1; rasterDiagnostic=0x0; countersAndQueryFrameMatch=true; CPUFinalRaster=false
[native] GPU timings: total=3.109 ms; anchoredCompute=0.000; anchoredDraw=1.666; background=0.684; preSurface=0.000; scene=3.092; toneMap=0.018; regionalCompute=0.741; materialsOverlays=1.666
[native] GPU anchored refinement: submittedFrame=3124; generation=2; level=16; topologyFamily=1; inputTriangles=1392816; postHorizonTriangles=1154908; horizonRejected=237908; postScreenConeTriangles=273396; screenConeRejected=881512; tcsPatches=273396; tcsScreenRejected=0; refinedVertices=820188; clippingOutputPrimitives=132432; fragmentInvocations=601750; compactedIndices=820188; indirectDraws=1; maximumOuterTesFactor=1.000000; maximumInnerTesFactor=0.999900; maximumTesFactor=1; rasterDiagnostic=0x0; countersAndQueryFrameMatch=true; CPUFinalRaster=false
[native] GPU timings: total=2.515 ms; anchoredCompute=0.000; anchoredDraw=1.644; background=0.112; preSurface=0.000; scene=2.498; toneMap=0.017; regionalCompute=0.742; materialsOverlays=1.644
[native] GPU anchored refinement: submittedFrame=3244; generation=2; level=16; topologyFamily=1; inputTriangles=1392816; postHorizonTriangles=1155038; horizonRejected=237778; postScreenConeTriangles=271554; screenConeRejected=883484; tcsPatches=271554; tcsScreenRejected=0; refinedVertices=814662; clippingOutputPrimitives=132679; fragmentInvocations=601292; compactedIndices=814662; indirectDraws=1; maximumOuterTesFactor=1.000000; maximumInnerTesFactor=0.999900; maximumTesFactor=1; rasterDiagnostic=0x0; countersAndQueryFrameMatch=true; CPUFinalRaster=false
[native] Planetary context transition: epoch=4; body=0; surfaceMode=0; terrainVersion=0; physicalGeneration=4; regime=0; productionEligible=false; owner=bounded-sphere
[native] EXHAUST_PRESENTATION_STORAGE targets=2 allocated_bytes=4956896 extent=660x602 physics_bytes=0
[native] PREPARED_VISUAL_SUBMISSION capacity=4096 bytes=327776 initial_active=63
[native] Swapchain recreated after resize
APPLICATION_QUALIFY step=22 frame=3280 parts=12
[native] Production cache extent seeded: records=126; controlHighWater=126; offset=104
[native] Planetary context transition: epoch=5; body=6; surfaceMode=2; terrainVersion=5; physicalGeneration=4; regime=2; productionEligible=true; owner=terrain-v5
[native] Earth material state: epoch=5; body=6; terrainVersion=5; material=10; response=(0.580000,0.160000,0.000000); rootPayloadMask=0x3F; sharedAlbedoElevationLand=true; owner=terrain-v5; sunDirectionInput=(-1.49849e+11,-6.26803e+09,-2.71732e+09)
[native] Earth focus frame: frame=3280; epoch=5; focusedBody=6; cameraTargetBody=6; radius=6371008.799999997; distance=6371951.499511199; altitude=927.564575195; surfaceMode=2; terrainVersion=5; regime=2; roots=0x3F; activePatches=0; distantOwner=0; globalOwner=0; dynamicOwner=0; candidateOwner=1; material=production-billboard; fingerprint=10/0.580000/0.160000/0.000000; center=(-3325800.25,4503888,-3042336.25); orientation=(0.687811434,0.165856689,0.164070964,0.687377393); presentationRadius=6371009.000000000; draws=0/0/0/1
[native] Earth Vulkan submission: terrainFrame=3280; swapchainImage=0; recordSerial=3280; submitSerial=3280; presentSerial=3280; serializedFence=true; globalDraw=0; dynamicHierarchyDraw=0; candidateIndirectDraw=1; visibleEarthOwners=1
[native] GPU planetary: roots=0; candidates=0; refined=0; culled=0; frustum=0; horizon=0; active=0; splits=0; merges=0; balanced=0; parentFallbacks=0; pendingChildren=0; min=0; max=0; overflow=0; indirectInstances=0; terrainHits=0; terrainMisses=0; terrainGenerated=0; terrainEvictions=0; terrainResident=0/0; residentBeforeDemand=0
[native] Production residency: requests=0; diskLoads=0; ready=0; failed=0; queued=0; pendingUploads=0; uploads=126; uploadBytes=61471872; queueDrops=0; digestFailures=0
[native] Earth focus frame: frame=3281; epoch=5; focusedBody=6; cameraTargetBody=6; radius=6371008.799999997; distance=6371951.499511199; altitude=927.564575195; surfaceMode=2; terrainVersion=5; regime=2; roots=0x3F; activePatches=0; distantOwner=0; globalOwner=0; dynamicOwner=0; candidateOwner=1; material=production-billboard; fingerprint=10/0.580000/0.160000/0.000000; center=(-3325800.25,4503888,-3042336.25); orientation=(0.687811434,0.165856689,0.164070964,0.687377393); presentationRadius=6371009.000000000; draws=0/0/0/1
[native] Earth Vulkan submission: terrainFrame=3281; swapchainImage=1; recordSerial=3281; submitSerial=3281; presentSerial=3281; serializedFence=true; globalDraw=0; dynamicHierarchyDraw=0; candidateIndirectDraw=1; visibleEarthOwners=1
[native] EXHAUST_PRESENTATION_STORAGE targets=2 allocated_bytes=8258272 extent=1280x602 physics_bytes=0
[native] PREPARED_VISUAL_SUBMISSION capacity=4096 bytes=327776 initial_active=64
[native] Swapchain recreated after resize
[native] Earth focus frame: frame=3282; epoch=5; focusedBody=6; cameraTargetBody=6; radius=6371008.799999997; distance=6371955.945836324; altitude=932.010925293; surfaceMode=2; terrainVersion=5; regime=2; roots=0x3F; activePatches=0; distantOwner=0; globalOwner=0; dynamicOwner=0; candidateOwner=1; material=production-billboard; fingerprint=10/0.580000/0.160000/0.000000; center=(-3325823.25,4503876,-3042338.25); orientation=(0.687811077,0.165858254,0.164072528,0.687377036); presentationRadius=6371009.000000000; draws=0/0/0/1
[native] Earth Vulkan submission: terrainFrame=3282; swapchainImage=0; recordSerial=3282; submitSerial=3282; presentSerial=3282; serializedFence=true; globalDraw=0; dynamicHierarchyDraw=0; candidateIndirectDraw=1; visibleEarthOwners=1
[native] GPU planetary: roots=0; candidates=0; refined=0; culled=0; frustum=0; horizon=0; active=0; splits=0; merges=0; balanced=0; parentFallbacks=0; pendingChildren=0; min=0; max=0; overflow=0; indirectInstances=0; terrainHits=0; terrainMisses=0; terrainGenerated=0; terrainEvictions=0; terrainResident=0/0; residentBeforeDemand=0
[native] Production residency: requests=0; diskLoads=0; ready=0; failed=0; queued=0; pendingUploads=0; uploads=126; uploadBytes=61471872; queueDrops=0; digestFailures=0
[native] Earth focus frame: frame=3283; epoch=5; focusedBody=6; cameraTargetBody=6; radius=6371008.799999997; distance=6371957.051441180; altitude=933.116516113; surfaceMode=2; terrainVersion=5; regime=2; roots=0x3F; activePatches=0; distantOwner=0; globalOwner=0; dynamicOwner=0; candidateOwner=1; material=production-billboard; fingerprint=10/0.580000/0.160000/0.000000; center=(-3325828.75,4503873,-3042339); orientation=(0.687811017,0.165858641,0.164072931,0.687376916); presentationRadius=6371009.000000000; draws=0/0/0/1
[native] Earth Vulkan submission: terrainFrame=3283; swapchainImage=1; recordSerial=3283; submitSerial=3283; presentSerial=3283; serializedFence=true; globalDraw=0; dynamicHierarchyDraw=0; candidateIndirectDraw=1; visibleEarthOwners=1
[native] Earth focus frame: frame=3284; epoch=5; focusedBody=6; cameraTargetBody=6; radius=6371008.799999997; distance=6371958.154654184; altitude=934.219726562; surfaceMode=2; terrainVersion=5; regime=2; roots=0x3F; activePatches=0; distantOwner=0; globalOwner=0; dynamicOwner=0; candidateOwner=1; material=production-billboard; fingerprint=10/0.580000/0.160000/0.000000; center=(-3325834.5,4503870,-3042339.5); orientation=(0.687810898,0.165859044,0.164073318,0.687376797); presentationRadius=6371009.000000000; draws=0/0/0/1
[native] Earth Vulkan submission: terrainFrame=3284; swapchainImage=2; recordSerial=3284; submitSerial=3284; presentSerial=3284; serializedFence=true; globalDraw=0; dynamicHierarchyDraw=0; candidateIndirectDraw=1; visibleEarthOwners=1
[native] Earth focus frame: frame=3285; epoch=5; focusedBody=6; cameraTargetBody=6; radius=6371008.799999997; distance=6371958.154654184; altitude=934.219726562; surfaceMode=2; terrainVersion=5; regime=2; roots=0x3F; activePatches=0; distantOwner=0; globalOwner=0; dynamicOwner=0; candidateOwner=1; material=production-billboard; fingerprint=10/0.580000/0.160000/0.000000; center=(-3325834.5,4503870,-3042339.5); orientation=(0.687810898,0.165859044,0.164073318,0.687376797); presentationRadius=6371009.000000000; draws=0/0/0/1
[native] Earth Vulkan submission: terrainFrame=3285; swapchainImage=0; recordSerial=3285; submitSerial=3285; presentSerial=3285; serializedFence=true; globalDraw=0; dynamicHierarchyDraw=0; candidateIndirectDraw=1; visibleEarthOwners=1
[native] Earth focus frame: frame=3286; epoch=5; focusedBody=6; cameraTargetBody=6; radius=6371008.799999997; distance=6371958.154654184; altitude=934.219726562; surfaceMode=2; terrainVersion=5; regime=2; roots=0x3F; activePatches=0; distantOwner=0; globalOwner=0; dynamicOwner=0; candidateOwner=1; material=production-billboard; fingerprint=10/0.580000/0.160000/0.000000; center=(-3325834.5,4503870,-3042339.5); orientation=(0.687810898,0.165859044,0.164073318,0.687376797); presentationRadius=6371009.000000000; draws=0/0/0/1
[native] Earth Vulkan submission: terrainFrame=3286; swapchainImage=1; recordSerial=3286; submitSerial=3286; presentSerial=3286; serializedFence=true; globalDraw=0; dynamicHierarchyDraw=0; candidateIndirectDraw=1; visibleEarthOwners=1
[native] Earth focus frame: frame=3287; epoch=5; focusedBody=6; cameraTargetBody=6; radius=6371008.799999997; distance=6371958.154654184; altitude=934.219726562; surfaceMode=2; terrainVersion=5; regime=2; roots=0x3F; activePatches=0; distantOwner=0; globalOwner=0; dynamicOwner=0; candidateOwner=1; material=production-billboard; fingerprint=10/0.580000/0.160000/0.000000; center=(-3325834.5,4503870,-3042339.5); orientation=(0.687810898,0.165859044,0.164073318,0.687376797); presentationRadius=6371009.000000000; draws=0/0/0/1
[native] Earth Vulkan submission: terrainFrame=3287; swapchainImage=2; recordSerial=3287; submitSerial=3287; presentSerial=3287; serializedFence=true; globalDraw=0; dynamicHierarchyDraw=0; candidateIndirectDraw=1; visibleEarthOwners=1
APPLICATION_QUALIFY step=23 frame=3288 parts=12
[native] Planetary context transition: epoch=6; body=0; surfaceMode=0; terrainVersion=0; physicalGeneration=4; regime=0; productionEligible=false; owner=bounded-sphere
[native] EXHAUST_PRESENTATION_STORAGE targets=2 allocated_bytes=4956896 extent=660x602 physics_bytes=0
[native] PREPARED_VISUAL_SUBMISSION capacity=4096 bytes=327776 initial_active=63
[native] Swapchain recreated after resize
APPLICATION_QUALIFY step=24 frame=3296 parts=12
[native] Renderer health: completedFrame=3296; extent=660x602; applicationMode=0; surfaceMode=0; patches=0; billboardOwner=1; camera=(0,0,0); fenceMs=0.004
[native] EXHAUST_PRESENTATION_STORAGE targets=2 allocated_bytes=3302112 extent=480x622 physics_bytes=0
[native] PREPARED_VISUAL_SUBMISSION capacity=4096 bytes=327776 initial_active=63
[native] Swapchain recreated after resize
APPLICATION_QUALIFY step=25 frame=3304 parts=12
APPLICATION_QUALIFY step=26 frame=3312 parts=12
APPLICATION_QUALIFY step=27 frame=3320 parts=12
APPLICATION_QUALIFY step=28 frame=3328 parts=12
APPLICATION_QUALIFY step=29 frame=3336 parts=12
APPLICATION_QUALIFY step=30 frame=3344 parts=12
APPLICATION_QUALIFY step=31 frame=3352 parts=12
APPLICATION_QUALIFY step=32 frame=3360 parts=12
[native] GPU timings: total=0.029 ms; anchoredCompute=0.000; anchoredDraw=0.000; background=0.009; preSurface=0.000; scene=0.021; toneMap=0.008; regionalCompute=0.002; materialsOverlays=0.010
APPLICATION_QUALIFY step=33 frame=3368 parts=12
[native] EXHAUST_PRESENTATION_STORAGE targets=2 allocated_bytes=40501984 extent=2820x1322 physics_bytes=0
[native] PREPARED_VISUAL_SUBMISSION capacity=4096 bytes=327776 initial_active=63
[native] Swapchain recreated after resize
APPLICATION_QUALIFY step=34 frame=3376 parts=12
[native] EXHAUST_PRESENTATION_STORAGE targets=2 allocated_bytes=4956896 extent=660x602 physics_bytes=0
[native] PREPARED_VISUAL_SUBMISSION capacity=4096 bytes=327776 initial_active=63
[native] Swapchain recreated after resize
APPLICATION_QUALIFY step=35 frame=3384 parts=12
APPLICATION_QUALIFY step=36 frame=3392 parts=12
[native] GPU timings: total=0.031 ms; anchoredCompute=0.000; anchoredDraw=0.000; background=0.010; preSurface=0.000; scene=0.021; toneMap=0.009; regionalCompute=0.002; materialsOverlays=0.010
[native] GPU timings: total=0.193 ms; anchoredCompute=0.000; anchoredDraw=0.000; background=0.172; preSurface=0.000; scene=0.184; toneMap=0.010; regionalCompute=0.002; materialsOverlays=0.009
[native] GPU timings: total=0.030 ms; anchoredCompute=0.000; anchoredDraw=0.000; background=0.010; preSurface=0.000; scene=0.021; toneMap=0.009; regionalCompute=0.002; materialsOverlays=0.010
[native] Average frame time: 6.753 ms (3808 frames)
[native] Frame pacing: p50=5.502 ms; p95=10.134 ms; p99=11.963 ms; max=2484.893 ms; samples=3808
[native] Fence wait pacing: average=4.663 ms; p95=8.043 ms; max=10.709 ms; samples=3808
[native] CPU timings: update=6.194 ms; fence=4.663; inspection=0.041; hostCallback=1.434; validationUpload=0.056; record=0.054; submit=0.022; present=0.185
[native] GPU anchored refinement averages: tcsPatches=307945.6; refinedVertices=1072237.6; clippingOutputPrimitives=109962.0; fragmentInvocations=476968.6; samples=3035; CPUFinalRaster=false
[native] GPU timing averages: total=2.332 ms; anchoredCompute=0.000; anchoredDraw=1.305; background=0.225; preSurface=0.000; toneMap=0.055
[native] NCSM1 regional physical totals: requests=670; hits=840; misses=670; loaded=670; readBytes=163158696; uploadedBytes=93392640; residentHighWater=670; allocatedBytes=119737728; maximumBytes=124895232; queueHighWater=634; readyCapacity=8; uploadBudget=8; demandDispatches=22; dependencyDelayMsMax=704.712; recordReadDecodeVerifyMs=222.579; contributingRecords=670; anchoredDemandRequired=false
MODULAR_FLIGHT_END failed=False reason=none source=deacb1eb5597a2e6d8d66d5c30ba3a6ac728a8af82ec799b9e936018b66e77c7 compiled=7c81e40416a491b79f9d79f18b944437b692afa2ae72e545b7b72c1066cea5bb epoch=843658277711491 sequence=1133 mass=1223.21875 position=Double3 { X = -0.5932891756263527, Y = 914.6557431628895, Z = 1.1768884214641109, LengthSquared = 836596.8655592602, IsFinite = True } velocity=Double3 { X = -0.1171903306672275, Y = 70.5291061673287, Z = 0.18284701133448147, LengthSquared = 4974.401983365479, IsFinite = True }
MODULAR_FRAME samples=3142 median=5.5871 p95=8.2636 p99=8.8078 max=142.56 serviceMedian=0.0011 serviceP95=0.4189 serviceP99=1.7867 serviceMax=73.7453
MODULAR_INTEGRATED_MEASURE {"warmupPerPhase":64,"sampling":"first three 256-frame windows within each phase; normal GC; phase re-entry retains that phase\u0027s sequence","boundary":"callback input, bounded physical service, celestial publication, camera and render preparation; frame interval also includes native presentation/scheduling","windows":9}
MODULAR_INTEGRATED_WINDOW {"phase":"supported","window":0,"samples":256,"complete":true,"rcsFrames":0,"frameMs":{"median":5.484099965542555,"p95":10.0509999319911,"p99":10.836100205779076,"max":10.977099649608135,"maximumConsecutiveP95":1},"callbackMs":{"median":0.4543,"p95":2.4323,"p99":2.9463,"max":4.1317,"maximumConsecutiveP95":1},"allocatedBytes":{"median":0,"p95":54288,"p99":54288,"max":54584,"maximumConsecutiveP95":1},"collections":[0,0,0]}
MODULAR_INTEGRATED_WINDOW {"phase":"supported","window":1,"samples":256,"complete":true,"rcsFrames":0,"frameMs":{"median":5.6674000807106495,"p95":8.819599635899067,"p99":9.314400143921375,"max":10.20949985831976,"maximumConsecutiveP95":1},"callbackMs":{"median":0.1242,"p95":0.8018,"p99":1.0683,"max":1.7445,"maximumConsecutiveP95":2},"allocatedBytes":{"median":0,"p95":54288,"p99":54288,"max":54584,"maximumConsecutiveP95":1},"collections":[1,0,0]}
MODULAR_INTEGRATED_WINDOW {"phase":"supported","window":2,"samples":256,"complete":true,"rcsFrames":0,"frameMs":{"median":5.529200192540884,"p95":8.83609987795353,"p99":9.228900074958801,"max":10.937199927866459,"maximumConsecutiveP95":1},"callbackMs":{"median":0.0651,"p95":0.4364,"p99":0.6913,"max":1.2933,"maximumConsecutiveP95":2},"allocatedBytes":{"median":0,"p95":54288,"p99":54288,"max":54584,"maximumConsecutiveP95":1},"collections":[0,0,0]}
MODULAR_INTEGRATED_WINDOW {"phase":"powered","window":0,"samples":256,"complete":true,"rcsFrames":0,"frameMs":{"median":5.62389986589551,"p95":8.641400374472141,"p99":8.939599618315697,"max":9.144400246441364,"maximumConsecutiveP95":1},"callbackMs":{"median":0.0625,"p95":0.3624,"p99":0.4731,"max":1.0107,"maximumConsecutiveP95":1},"allocatedBytes":{"median":0,"p95":49120,"p99":49120,"max":49360,"maximumConsecutiveP95":1},"collections":[0,0,0]}
MODULAR_INTEGRATED_WINDOW {"phase":"powered","window":1,"samples":256,"complete":true,"rcsFrames":0,"frameMs":{"median":5.544700194150209,"p95":8.291100151836872,"p99":8.712699636816978,"max":10.007799603044987,"maximumConsecutiveP95":1},"callbackMs":{"median":0.0734,"p95":0.4208,"p99":0.9949,"max":2.4155,"maximumConsecutiveP95":1},"allocatedBytes":{"median":0,"p95":49080,"p99":49192,"max":49360,"maximumConsecutiveP95":1},"collections":[1,1,0]}
MODULAR_INTEGRATED_WINDOW {"phase":"powered","window":2,"samples":256,"complete":true,"rcsFrames":0,"frameMs":{"median":5.716599989682436,"p95":8.013900369405746,"p99":9.103599935770035,"max":10.47850027680397,"maximumConsecutiveP95":1},"callbackMs":{"median":0.0744,"p95":0.4337,"p99":0.5133,"max":1.4671,"maximumConsecutiveP95":1},"allocatedBytes":{"median":0,"p95":49080,"p99":49080,"max":49360,"maximumConsecutiveP95":1},"collections":[0,0,0]}
MODULAR_INTEGRATED_WINDOW {"phase":"coast","window":0,"samples":256,"complete":true,"rcsFrames":0,"frameMs":{"median":5.592099856585264,"p95":8.108699694275856,"p99":8.24309978634119,"max":8.36160033941269,"maximumConsecutiveP95":1},"callbackMs":{"median":0.0627,"p95":0.2749,"p99":0.4483,"max":1.1951,"maximumConsecutiveP95":1},"allocatedBytes":{"median":0,"p95":35256,"p99":35256,"max":35520,"maximumConsecutiveP95":1},"collections":[0,0,0]}
MODULAR_INTEGRATED_WINDOW {"phase":"coast","window":1,"samples":256,"complete":true,"rcsFrames":0,"frameMs":{"median":5.605299957096577,"p95":8.188299834728241,"p99":8.611200377345085,"max":20.791899412870407,"maximumConsecutiveP95":1},"callbackMs":{"median":0.062,"p95":0.4125,"p99":0.5088,"max":1.8934,"maximumConsecutiveP95":1},"allocatedBytes":{"median":0,"p95":35256,"p99":35520,"max":68192,"maximumConsecutiveP95":1},"collections":[0,0,0]}
MODULAR_INTEGRATED_WINDOW {"phase":"coast","window":2,"samples":256,"complete":true,"rcsFrames":0,"frameMs":{"median":5.637200083583593,"p95":8.328000083565712,"p99":8.630800060927868,"max":8.748999796807766,"maximumConsecutiveP95":1},"callbackMs":{"median":0.0619,"p95":0.4295,"p99":0.4665,"max":1.1053,"maximumConsecutiveP95":2},"allocatedBytes":{"median":0,"p95":35256,"p99":35256,"max":35520,"maximumConsecutiveP95":1},"collections":[0,0,0]}
Session ended; exitCode=0
