Diagnostic session: C:\Users\Tyler\AppData\Local\NovaCore\Logs\20260929-222042-034-10768-b9f4199971f145a58722d2dac2a52b70
Qualification recorder: C:\Users\Tyler\AppData\Local\NovaCore\MinimumRecorder\8f83cfd331d94873931066bc1a7e8d13
GPU_MEMORY_UI phase=configuration sequence=3 sampleQpc=1553004156486 uiQpc=1553004174226 utc=2026-09-29T22:20:43.4742483Z status=Ready usage=0 budget=12319506432 capacity=17163091968 queryNs=3000 adapter=AMD Radeon RX 6800 XT uuid=00000000030000000000000000000000 luid=D6C4010000000000 luidValid=True vendor=1002 device=73BF heapMask=2 copyAndUiUs=1262.8
GPU_MEMORY_UI phase=configuration sequence=4 sampleQpc=1553014335144 uiQpc=1553014336875 utc=2026-09-29T22:20:44.4921150Z status=Ready usage=0 budget=12396576768 capacity=17163091968 queryNs=10300 adapter=AMD Radeon RX 6800 XT uuid=00000000030000000000000000000000 luid=D6C4010000000000 luidValid=True vendor=1002 device=73BF heapMask=2 copyAndUiUs=217.4
GPU_MEMORY_UI phase=configuration sequence=5 sampleQpc=1553024428442 uiQpc=1553024429118 utc=2026-09-29T22:20:45.5014446Z status=Ready usage=0 budget=12396576768 capacity=17163091968 queryNs=7200 adapter=AMD Radeon RX 6800 XT uuid=00000000030000000000000000000000 luid=D6C4010000000000 luidValid=True vendor=1002 device=73BF heapMask=2 copyAndUiUs=90.1
GPU_MEMORY_UI phase=configuration sequence=6 sampleQpc=1553034447028 uiQpc=1553034448288 utc=2026-09-29T22:20:46.5033033Z status=Ready usage=0 budget=12396576768 capacity=17163091968 queryNs=6900 adapter=AMD Radeon RX 6800 XT uuid=00000000030000000000000000000000 luid=D6C4010000000000 luidValid=True vendor=1002 device=73BF heapMask=2 copyAndUiUs=150.4
GPU_MEMORY_UI phase=configuration sequence=7 sampleQpc=1553044557705 uiQpc=1553044558410 utc=2026-09-29T22:20:47.5143708Z status=Ready usage=0 budget=12396576768 capacity=17163091968 queryNs=7200 adapter=AMD Radeon RX 6800 XT uuid=00000000030000000000000000000000 luid=D6C4010000000000 luidValid=True vendor=1002 device=73BF heapMask=2 copyAndUiUs=92.7
GPU_MEMORY_UI phase=configuration sequence=8 sampleQpc=1553054661868 uiQpc=1553054662554 utc=2026-09-29T22:20:48.5247872Z status=Ready usage=0 budget=12396576768 capacity=17163091968 queryNs=7000 adapter=AMD Radeon RX 6800 XT uuid=00000000030000000000000000000000 luid=D6C4010000000000 luidValid=True vendor=1002 device=73BF heapMask=2 copyAndUiUs=91.9
GPU_MEMORY_UI phase=configuration sequence=9 sampleQpc=1553064743065 uiQpc=1553064743653 utc=2026-09-29T22:20:49.5329071Z status=Ready usage=0 budget=12396576768 capacity=17163091968 queryNs=10100 adapter=AMD Radeon RX 6800 XT uuid=00000000030000000000000000000000 luid=D6C4010000000000 luidValid=True vendor=1002 device=73BF heapMask=2 copyAndUiUs=92.4
GPU_MEMORY_UI phase=configuration sequence=10 sampleQpc=1553074925883 uiQpc=1553074926644 utc=2026-09-29T22:20:50.5511889Z status=Ready usage=0 budget=12396576768 capacity=17163091968 queryNs=6800 adapter=AMD Radeon RX 6800 XT uuid=00000000030000000000000000000000 luid=D6C4010000000000 luidValid=True vendor=1002 device=73BF heapMask=2 copyAndUiUs=101.4
GPU_MEMORY_UI phase=configuration sequence=11 sampleQpc=1553085069429 uiQpc=1553085070487 utc=2026-09-29T22:20:51.5655433Z status=Ready usage=0 budget=12375343104 capacity=17163091968 queryNs=6600 adapter=AMD Radeon RX 6800 XT uuid=00000000030000000000000000000000 luid=D6C4010000000000 luidValid=True vendor=1002 device=73BF heapMask=2 copyAndUiUs=130.4
GPU_MEMORY_UI phase=configuration sequence=12 sampleQpc=1553095057496 uiQpc=1553095058326 utc=2026-09-29T22:20:52.5643502Z status=Ready usage=0 budget=12375343104 capacity=17163091968 queryNs=9900 adapter=AMD Radeon RX 6800 XT uuid=00000000030000000000000000000000 luid=D6C4010000000000 luidValid=True vendor=1002 device=73BF heapMask=2 copyAndUiUs=121.3
GPU_MEMORY_UI phase=configuration sequence=13 sampleQpc=1553105351159 uiQpc=1553105351972 utc=2026-09-29T22:20:53.5937163Z status=Ready usage=0 budget=12375343104 capacity=17163091968 queryNs=10200 adapter=AMD Radeon RX 6800 XT uuid=00000000030000000000000000000000 luid=D6C4010000000000 luidValid=True vendor=1002 device=73BF heapMask=2 copyAndUiUs=110.5
GPU_MEMORY_UI phase=configuration sequence=14 sampleQpc=1553115383598 uiQpc=1553115384152 utc=2026-09-29T22:20:54.5969600Z status=Ready usage=0 budget=12375343104 capacity=17163091968 queryNs=10500 adapter=AMD Radeon RX 6800 XT uuid=00000000030000000000000000000000 luid=D6C4010000000000 luidValid=True vendor=1002 device=73BF heapMask=2 copyAndUiUs=83.0
GPU_MEMORY_UI phase=configuration sequence=15 sampleQpc=1553125549487 uiQpc=1553125550037 utc=2026-09-29T22:20:55.6135489Z status=Ready usage=0 budget=12375343104 capacity=17163091968 queryNs=6900 adapter=AMD Radeon RX 6800 XT uuid=00000000030000000000000000000000 luid=D6C4010000000000 luidValid=True vendor=1002 device=73BF heapMask=2 copyAndUiUs=77.9
GPU_MEMORY_UI phase=configuration sequence=16 sampleQpc=1553135536475 uiQpc=1553135537030 utc=2026-09-29T22:20:56.6122479Z status=Ready usage=0 budget=12375343104 capacity=17163091968 queryNs=6800 adapter=AMD Radeon RX 6800 XT uuid=00000000030000000000000000000000 luid=D6C4010000000000 luidValid=True vendor=1002 device=73BF heapMask=2 copyAndUiUs=78.7
GPU_MEMORY_UI phase=configuration sequence=17 sampleQpc=1553145863676 uiQpc=1553145864213 utc=2026-09-29T22:20:57.6449680Z status=Ready usage=0 budget=12375343104 capacity=17163091968 queryNs=7200 adapter=AMD Radeon RX 6800 XT uuid=00000000030000000000000000000000 luid=D6C4010000000000 luidValid=True vendor=1002 device=73BF heapMask=2 copyAndUiUs=88.6
GPU_MEMORY_UI phase=configuration sequence=18 sampleQpc=1553155900062 uiQpc=1553155901521 utc=2026-09-29T22:20:58.6486067Z status=Ready usage=0 budget=12375343104 capacity=17163091968 queryNs=9900 adapter=AMD Radeon RX 6800 XT uuid=00000000030000000000000000000000 luid=D6C4010000000000 luidValid=True vendor=1002 device=73BF heapMask=2 copyAndUiUs=195.2
GPU_MEMORY_UI phase=configuration sequence=19 sampleQpc=1553166182866 uiQpc=1553166183701 utc=2026-09-29T22:20:59.6768874Z status=Ready usage=0 budget=12375343104 capacity=17163091968 queryNs=9900 adapter=AMD Radeon RX 6800 XT uuid=00000000030000000000000000000000 luid=D6C4010000000000 luidValid=True vendor=1002 device=73BF heapMask=2 copyAndUiUs=114.4
GPU_MEMORY_UI phase=configuration sequence=20 sampleQpc=1553176358366 uiQpc=1553176358853 utc=2026-09-29T22:21:00.6944370Z status=Ready usage=0 budget=12375343104 capacity=17163091968 queryNs=6700 adapter=AMD Radeon RX 6800 XT uuid=00000000030000000000000000000000 luid=D6C4010000000000 luidValid=True vendor=1002 device=73BF heapMask=2 copyAndUiUs=67.9
GPU_MEMORY_UI phase=configuration sequence=21 sampleQpc=1553186481541 uiQpc=1553186482094 utc=2026-09-29T22:21:01.7067546Z status=Ready usage=0 budget=12375343104 capacity=17163091968 queryNs=7100 adapter=AMD Radeon RX 6800 XT uuid=00000000030000000000000000000000 luid=D6C4010000000000 luidValid=True vendor=1002 device=73BF heapMask=2 copyAndUiUs=75.0
GPU_MEMORY_UI phase=loading sequence=22 sampleQpc=1553196705186 uiQpc=1553196705652 utc=2026-09-29T22:21:02.7291188Z status=Ready usage=0 budget=12375343104 capacity=17163091968 queryNs=7200 adapter=AMD Radeon RX 6800 XT uuid=00000000030000000000000000000000 luid=D6C4010000000000 luidValid=True vendor=1002 device=73BF heapMask=2 copyAndUiUs=75.5
PLAYER_LOADING stage=Core · checking planetary data monotonic=1553196818417
Earth route policy: scene=sol; owner=NCSM1; physicalGeneration=4; focus=None; altitude=; site=land; anchoredInstantiated=false; manualAcceptance=passed.
Physical surface authority: generation=4; mode=M12DNaturalTerrainCandidate.
PLAYER_LOADING stage=Universe · preparing Solar system monotonic=1553200608925
GPU_MEMORY_UI phase=loading sequence=23 sampleQpc=1553211226354 uiQpc=1553211230604 utc=2026-09-29T22:21:04.1812356Z status=Ready usage=0 budget=12276252672 capacity=17163091968 queryNs=7300 adapter=AMD Radeon RX 6800 XT uuid=00000000030000000000000000000000 luid=D6C4010000000000 luidValid=True vendor=1002 device=73BF heapMask=2 copyAndUiUs=454.8
Scene: sol; bodies=10; instant=843992533374213; rate=1:1; physical body radii plus screen-space markers; trajectory paths=9 x 128 segments.
Solar startup: UTC=2026-09-29T22:21:04.1918621+00:00; SimulationInstant=843992533374213 ticks (843992533.374213 ET seconds from J2000).
Controls: LMB/RMB drag orbit or surface yaw/pitch, wheel zoom, E attach/detach surface-relative camera, surface WASD with Shift fast/Ctrl slow, 1-0 focus, ,/. rate, Space pause, R Solar Map/home.
Runtime fingerprint: cwd=E:\NovaCore; process=E:\NovaCore\tools\NovaCore.App\bin\Release\net10.0-windows\NovaCore.exe; base=E:\NovaCore\tools\NovaCore.App\bin\Release\net10.0-windows\
Runtime managed: path=E:\NovaCore\tools\NovaCore.App\bin\Release\net10.0-windows\NovaCore.Triangle.dll; bytes=374784; sha256=c62335caee1c1bef7b2033ebfdcbab2c2f4101b4b1820cc069e5bef613d68c64
Runtime native-resolved: path=E:\NovaCore\tools\NovaCore.App\bin\Release\net10.0-windows\NovaCore.Native.dll; bytes=500736; sha256=47787e3e92b7985fd109310d0e688cf5541257472d0db172af845417e39e172e
Runtime production-fragment: path=E:\NovaCore\tools\NovaCore.App\bin\Release\net10.0-windows\shaders\planetary_production.frag.spv; bytes=152676; sha256=36cbc19f2a3871b2af253394a5ec16f75d278137b79141d3868125181d377973
Runtime production-tess-control: path=E:\NovaCore\tools\NovaCore.App\bin\Release\net10.0-windows\shaders\production_spherical_billboard.tesc.spv; bytes=15444; sha256=5c8bd5d3915e0fe8ef9e597cf17c2ef0e2101656d732392a6b5f9b7fe80d301c
Runtime production-tess-evaluation: path=E:\NovaCore\tools\NovaCore.App\bin\Release\net10.0-windows\shaders\production_spherical_billboard.tese.spv; bytes=22836; sha256=d0bc5d7a450f336d45c26c499b0b3a79ecc0258e1ffb9dee0b5bcfb8aa21d31e
Runtime distant-fragment: path=E:\NovaCore\tools\NovaCore.App\bin\Release\net10.0-windows\shaders\distant_planet.frag.spv; bytes=35760; sha256=04137afb1c632dfb7074480377d9f93136ab3127d382baeef07d52b09409eba8
Runtime terrain-v5: global=E:\NovaCore\.novacore\cache\terrain\v1\sha256\38\38ec671f475896f2c0a674e952f4121f117b18b1446bd363e3596bada4bf47ae.nccube; sha256=38ec671f475896f2c0a674e952f4121f117b18b1446bd363e3596bada4bf47ae; local=E:\NovaCore\.novacore\cache\terrain\v1\sha256\c4\c45c6d94e004e1a2927dc65d405a347b1800c619b22b2eb6b3543f3c445d3afe.nccube; localSha256=c45c6d94e004e1a2927dc65d405a347b1800c619b22b2eb6b3543f3c445d3afe; elevationOracle=E:\NovaCore\assets\earth\runtime\earth_elevation_8192x4096.r16; elevationOracleLoaded=True; elevationSha256=4600bc01767eb81404756af62c0ee87b4bc459b82de15dca6989df34fef76317
PLAYER_LOADING stage=Presentation · preparing camera and scene monotonic=1553212662968
PLAYER_LOADING stage=Planet renderer · loading terrain topology monotonic=1553212686196
New Earth Renderer topology route: production=true; format=NCSM1; directory=E:\NovaCore\assets\planetary-nested-scale-mesh; persistentScaleResources=true; displacedTriangleCull=true.
Earth route: NCSM1 available; preparation deferred until Earth focus; anchoredOwner=false.
PLAYER_LOADING stage=Renderer · creating graphics resources monotonic=1553231860106
GPU_MEMORY_UI phase=loading sequence=24 sampleQpc=1553231861408 uiQpc=1553231863786 utc=2026-09-29T22:21:06.2447410Z status=Ready usage=0 budget=12353323008 capacity=17163091968 queryNs=9200 adapter=AMD Radeon RX 6800 XT uuid=00000000030000000000000000000000 luid=D6C4010000000000 luidValid=True vendor=1002 device=73BF heapMask=2 copyAndUiUs=270.1
[native] Loaded runtime paths: module=E:\NovaCore\tools\NovaCore.App\bin\Release\net10.0-windows\NovaCore.Native.dll; cwd=E:\NovaCore; productionFragment=E:\NovaCore\tools\NovaCore.App\bin\Release\net10.0-windows\shaders/planetary_production.frag.spv; distantFragment=E:\NovaCore\tools\NovaCore.App\bin\Release\net10.0-windows\shaders/distant_planet.frag.spv
PLAYER_LOADING stage=Renderer | window ready; creating graphics queue monotonic=1553231930858
[native] PLAYER_GPU_BIND queryInstance=000002E5A9902F50 renderInstance=000002E5A9902F50 queryPhysical=000002E5A4312E20 renderPhysical=000002E5A4312E20 matched=1
[native] GPU: AMD Radeon RX 6800 XT | Vulkan 1.4 | vendor=1002 device=73bf driverRaw=8388961 maxTessellation=64
[native] Vulkan validation layer: disabled (Release)
PLAYER_LOADING stage=Renderer | graphics queue ready monotonic=1553232184636
[native] REUSABLE_VISUAL_MESHES count=30 vertices=4448 indices=6408 gpu_buffer_bytes=239136
PLAYER_LOADING stage=Assets | mesh system ready monotonic=1553232324347
[native] Production cube pack: terrain-v5; maxLevel=2; records=126; raw transactional payloads; physicalSlots=256; immutableGlobalRecords=126; uploadBudget=2
PLAYER_LOADING stage=Planet renderer | terrain resources ready monotonic=1553232464324
[native] EXHAUST_PRESENTATION_STORAGE targets=2 allocated_bytes=51946208 extent=3440x1440 physics_bytes=0
[native] PLAYER_TARGET generation=1 swapchain=000002E5A42B5860 color=000003354975E5C0 depth=0000033549763890 target=3440x1440 framebuffer=3440x1440
PLAYER_LOADING stage=Planet renderer | shaders and presentation targets ready monotonic=1553233429823
[native] PREPARED_VISUAL_SUBMISSION capacity=21505 bytes=1720496 initial_active=1
PLAYER_LOADING stage=Renderer | submission resources ready monotonic=1553234295162
[native] Earth terrain-v5 material roots ready: mask=0x3F; renderer-lifetime pinned=true
[native] Production cache extent seeded: records=126; controlHighWater=126; offset=104
[native] Earth terrain-v5 complete L0-L2 hierarchy synchronously resident before first submitted presentation frame: records=126; terrainBindings=126; injectedBatchDelayMs=0; milliseconds=80.738
PLAYER_LOADING stage=Planet renderer | required hierarchy ready monotonic=1553235124403
[native] Native host callback is active
[native] Renderer health: completedFrame=0; extent=3440x1440; applicationMode=2; surfaceMode=0; patches=0; billboardOwner=0; camera=(0,0,0); fenceMs=0.004
[native] Planetary context transition: epoch=1; body=2; surfaceMode=0; terrainVersion=0; physicalGeneration=4; regime=0; productionEligible=false; owner=bounded-sphere
[native] PLAYER_READY submit=1 presentationGeneration=1 regionalPupil=0 physicalOwner=0
[native] GPU timings: total=0.936 ms; backgroundDepth=0.000; anchoredDraw=0.000; background=0.666; preSurface=0.000; scene=0.875; toneMap=0.061; regionalCompute=0.184; materialsOverlays=0.015
FLORIDA_PRESENTATION_READY site=3cfd436314b4042c73f0598720e95d28f11b5925e86e0cbb7bdd76b9ab23d1c4 body=6 terrain=TerrainAuthorityVersion { SourceId = 2, Version = 5, IsValid = True } facility=AnchoredSurfaceObjectId { Value = 5639455913931657284, IsValid = True } displayEpoch=843992533374213 east=0 support=authored-base-footing-union coldMs=0.6599
MODULAR_FLIGHT_READY source=2626a49f5233df25fb50019c791203389fdb2aa8f53f321ee3290c23401fd07b compiled=2e06de6c03c957cffa38ca9e34bfc5f102e1acdb1ebf294305136fe4c8bb8b00 vehicle=ConstructionVehicleIdentity { Vessel = SpacecraftId { Value = 1 }, Generation = 1 } parts=12 epoch=843992533374213 mass=1304 physical=continuous-64Hz restored=False request=AssemblyControlRequest { MainOn = False, Pilot = AssemblyPilotDemand { Pitch = 0, Yaw = 0, Roll = 0 }, PilotOnly = False }
Z: ignite · X: cutoff · W/S pitch · A/D yaw · Q/E roll · mouse orbit · wheel zoom · F: craft · 1–0: celestial focus. Physical flight runs at 1x. In NovaCore, Menu returns to retained construction.
APPLICATION_LAUNCH process=10768 source=2626a49f5233df25fb50019c791203389fdb2aa8f53f321ee3290c23401fd07b compiled=2e06de6c03c957cffa38ca9e34bfc5f102e1acdb1ebf294305136fe4c8bb8b00 epoch=843992533374213 sourceRevision=1 dirty=False
P2S5C2 replacement: generation=1; level=17; pupil=1; active=712106; reused=0; new=712106; reuse=0.000%; prepareMs=0.253200; topologyUpload=1
[native] Production cache extent seeded: records=126; controlHighWater=126; offset=104
[native] Planetary context transition: epoch=2; body=6; surfaceMode=2; terrainVersion=5; physicalGeneration=4; regime=2; productionEligible=true; owner=terrain-v5
[native] Earth material state: epoch=2; body=6; terrainVersion=5; material=10; response=(0.580000,0.160000,0.000000); rootPayloadMask=0x3F; sharedAlbedoElevationLand=true; owner=terrain-v5; sunDirectionInput=(-1.48904e+11,-1.53395e+10,-6.65025e+09)
[native] Production surface: terrain-v5 body-fixed relaxed cube-sphere; real NCCUBE payloads; dynamic hierarchy enabled
[native] Earth focus frame: frame=2; epoch=2; focusedBody=6; cameraTargetBody=6; radius=6371008.799999997; distance=6371043.498905328; altitude=19.563972473; surfaceMode=2; terrainVersion=5; regime=2; roots=0x3F; activePatches=0; distantOwner=0; globalOwner=1; dynamicOwner=0; candidateOwner=0; material=terrain-v5-root; fingerprint=10/0.580000/0.160000/0.000000; center=(681124.375,5550646.5,-3052308.75); orientation=(0.699684024,-0.100386269,-0.102206536,0.699941933); presentationRadius=6371009.000000000; draws=0/1/0/0
[native] Earth Vulkan submission: terrainFrame=2; swapchainImage=1; recordSerial=2; submitSerial=2; presentSerial=2; serializedFence=true; globalDraw=1; dynamicHierarchyDraw=0; candidateIndirectDraw=0; visibleEarthOwners=1
[native] NCSM1 regional GPU work: kind=demand; ms=1.178360; frame=2
[native] GPU planetary: roots=6; candidates=46; refined=10; culled=29; frustum=7; horizon=22; active=7; splits=0; merges=0; balanced=0; parentFallbacks=0; pendingChildren=0; min=2; max=2; overflow=0; indirectInstances=7; terrainHits=7; terrainMisses=0; terrainGenerated=0; terrainEvictions=0; terrainResident=126/8192; residentBeforeDemand=126
[native] Production residency: requests=0; diskLoads=0; ready=0; failed=0; queued=0; pendingUploads=0; uploads=126; uploadBytes=61471872; queueDrops=0; digestFailures=0
[native] Production shader input: patch=0 face=2 level=2 x=1 y=0 terrainSlot=63 layer=64 height=532.157959 bodyDirection=(-0.159344360,0.836193010,0.524776738) clip=(484567.304,-237321.828,0.239999995,3628760.93) ndc=(0.133535197,-0.0654002379,6.61382768e-08)
[native] Production shader input: patch=1 face=2 level=2 x=2 y=0 terrainSlot=66 layer=67 height=302.128174 bodyDirection=(0.159344360,0.836193010,0.524776738) clip=(1577442.67,47695.2075,0.239999995,2278264.91) ndc=(0.692387729,0.0209348822,1.05343322e-07)
[native] Production shader input: patch=2 face=2 level=2 x=3 y=0 terrainSlot=67 layer=68 height=-218.738281 bodyDirection=(0.478033079,0.736864133,0.478033079) clip=(2517836.68,1456760.06,0.239999995,772429.069) ndc=(3.25963481,1.88594671,3.10708134e-07)
[native] Production shader input: patch=3 face=4 level=2 x=0 y=2 terrainSlot=102 layer=103 height=-4414.435059 bodyDirection=(-0.524776738,0.159344360,0.836193010) clip=(-3009027.13,2059917.05,0.239999995,1908786.38) ndc=(-1.57640853,1.07917631,1.2573434e-07)
[native] Production shader input: patch=4 face=4 level=2 x=0 y=3 terrainSlot=104 layer=105 height=-4347.219238 bodyDirection=(-0.478033079,0.478033079,0.736864133) clip=(-1884130.78,492071.659,0.239999995,3082977.25) ndc=(-0.611140021,0.159609241,7.78468264e-08)
[native] Production shader input: patch=5 face=4 level=2 x=1 y=3 terrainSlot=105 layer=106 height=703.135254 bodyDirection=(-0.159344360,0.524776738,0.836193010) clip=(-868909.053,-378754.128,0.239999995,1535222.63) ndc=(-0.565982441,-0.246709578,1.56329115e-07)
[native] Earth focus frame: frame=3; epoch=2; focusedBody=6; cameraTargetBody=6; radius=6371008.799999997; distance=6371043.498905328; altitude=19.563972473; surfaceMode=2; terrainVersion=5; regime=2; roots=0x3F; activePatches=7; distantOwner=0; globalOwner=1; dynamicOwner=0; candidateOwner=0; material=terrain-v5-root; fingerprint=10/0.580000/0.160000/0.000000; center=(681124.375,5550646.5,-3052308.75); orientation=(0.699684024,-0.100386269,-0.102206536,0.699941933); presentationRadius=6371009.000000000; draws=0/1/0/0
[native] Earth Vulkan submission: terrainFrame=3; swapchainImage=2; recordSerial=3; submitSerial=3; presentSerial=3; serializedFence=true; globalDraw=1; dynamicHierarchyDraw=0; candidateIndirectDraw=0; visibleEarthOwners=1
[native] NCSM1 regional GPU work: kind=demand; ms=1.499840; frame=3
[native] Earth focus frame: frame=4; epoch=2; focusedBody=6; cameraTargetBody=6; radius=6371008.799999997; distance=6371043.498905328; altitude=19.563972473; surfaceMode=2; terrainVersion=5; regime=2; roots=0x3F; activePatches=7; distantOwner=0; globalOwner=1; dynamicOwner=0; candidateOwner=0; material=terrain-v5-root; fingerprint=10/0.580000/0.160000/0.000000; center=(681124.375,5550646.5,-3052308.75); orientation=(0.699684024,-0.100386269,-0.102206536,0.699941933); presentationRadius=6371009.000000000; draws=0/1/0/0
[native] Earth Vulkan submission: terrainFrame=4; swapchainImage=0; recordSerial=4; submitSerial=4; presentSerial=4; serializedFence=true; globalDraw=1; dynamicHierarchyDraw=0; candidateIndirectDraw=0; visibleEarthOwners=1
GPU_MEMORY_UI phase=loading sequence=25 sampleQpc=1553241797375 uiQpc=1553241798885 utc=2026-09-29T22:21:07.2383376Z status=Ready usage=622632960 budget=12353323008 capacity=17163091968 queryNs=4800 adapter=AMD Radeon RX 6800 XT uuid=00000000030000000000000000000000 luid=D6C4010000000000 luidValid=True vendor=1002 device=73BF heapMask=2 copyAndUiUs=164.8
[native] NCSM1 regional GPU work: kind=demand; ms=1.321920; frame=4
[native] Earth focus frame: frame=5; epoch=2; focusedBody=6; cameraTargetBody=6; radius=6371008.799999997; distance=6371043.498905328; altitude=19.563972473; surfaceMode=2; terrainVersion=5; regime=2; roots=0x3F; activePatches=7; distantOwner=0; globalOwner=1; dynamicOwner=0; candidateOwner=0; material=terrain-v5-root; fingerprint=10/0.580000/0.160000/0.000000; center=(681124.375,5550646.5,-3052308.75); orientation=(0.699684024,-0.100386269,-0.102206536,0.699941933); presentationRadius=6371009.000000000; draws=0/1/0/0
[native] Earth Vulkan submission: terrainFrame=5; swapchainImage=1; recordSerial=5; submitSerial=5; presentSerial=5; serializedFence=true; globalDraw=1; dynamicHierarchyDraw=0; candidateIndirectDraw=0; visibleEarthOwners=1
[native] NCSM1 regional GPU work: kind=demand; ms=1.500200; frame=5
[native] Earth focus frame: frame=6; epoch=2; focusedBody=6; cameraTargetBody=6; radius=6371008.799999997; distance=6371043.498905328; altitude=19.563972473; surfaceMode=2; terrainVersion=5; regime=2; roots=0x3F; activePatches=7; distantOwner=0; globalOwner=1; dynamicOwner=0; candidateOwner=0; material=terrain-v5-root; fingerprint=10/0.580000/0.160000/0.000000; center=(681124.375,5550646.5,-3052308.75); orientation=(0.699684024,-0.100386269,-0.102206536,0.699941933); presentationRadius=6371009.000000000; draws=0/1/0/0
[native] Earth Vulkan submission: terrainFrame=6; swapchainImage=2; recordSerial=6; submitSerial=6; presentSerial=6; serializedFence=true; globalDraw=1; dynamicHierarchyDraw=0; candidateIndirectDraw=0; visibleEarthOwners=1
[native] NCSM1 regional GPU work: kind=demand; ms=1.500440; frame=6
[native] Earth focus frame: frame=7; epoch=2; focusedBody=6; cameraTargetBody=6; radius=6371008.799999997; distance=6371043.498905328; altitude=19.563972473; surfaceMode=2; terrainVersion=5; regime=2; roots=0x3F; activePatches=7; distantOwner=0; globalOwner=1; dynamicOwner=0; candidateOwner=0; material=terrain-v5-root; fingerprint=10/0.580000/0.160000/0.000000; center=(681124.375,5550646.5,-3052308.75); orientation=(0.699684024,-0.100386269,-0.102206536,0.699941933); presentationRadius=6371009.000000000; draws=0/1/0/0
[native] Earth Vulkan submission: terrainFrame=7; swapchainImage=0; recordSerial=7; submitSerial=7; presentSerial=7; serializedFence=true; globalDraw=1; dynamicHierarchyDraw=0; candidateIndirectDraw=0; visibleEarthOwners=1
[native] NCSM1 regional GPU work: kind=demand; ms=1.502240; frame=7
[native] Earth focus frame: frame=8; epoch=2; focusedBody=6; cameraTargetBody=6; radius=6371008.799999997; distance=6371043.498905328; altitude=19.563972473; surfaceMode=2; terrainVersion=5; regime=2; roots=0x3F; activePatches=7; distantOwner=0; globalOwner=1; dynamicOwner=0; candidateOwner=0; material=terrain-v5-root; fingerprint=10/0.580000/0.160000/0.000000; center=(681124.375,5550646.5,-3052308.75); orientation=(0.699684024,-0.100386269,-0.102206536,0.699941933); presentationRadius=6371009.000000000; draws=0/1/0/0
[native] Earth Vulkan submission: terrainFrame=8; swapchainImage=1; recordSerial=8; submitSerial=8; presentSerial=8; serializedFence=true; globalDraw=1; dynamicHierarchyDraw=0; candidateIndirectDraw=0; visibleEarthOwners=1
[native] NCSM1 regional GPU work: kind=demand; ms=1.501240; frame=8
[native] Earth focus frame: frame=9; epoch=2; focusedBody=6; cameraTargetBody=6; radius=6371008.799999997; distance=6371043.498905328; altitude=19.563972473; surfaceMode=2; terrainVersion=5; regime=2; roots=0x3F; activePatches=7; distantOwner=0; globalOwner=1; dynamicOwner=0; candidateOwner=0; material=terrain-v5-root; fingerprint=10/0.580000/0.160000/0.000000; center=(681124.375,5550646.5,-3052308.75); orientation=(0.699684024,-0.100386269,-0.102206536,0.699941933); presentationRadius=6371009.000000000; draws=0/1/0/0
[native] Earth Vulkan submission: terrainFrame=9; swapchainImage=2; recordSerial=9; submitSerial=9; presentSerial=9; serializedFence=true; globalDraw=1; dynamicHierarchyDraw=0; candidateIndirectDraw=0; visibleEarthOwners=1
[native] NCSM1 regional GPU work: kind=demand; ms=1.504320; frame=9
[native] Earth focus frame: frame=10; epoch=2; focusedBody=6; cameraTargetBody=6; radius=6371008.799999997; distance=6371043.498905328; altitude=19.563972473; surfaceMode=2; terrainVersion=5; regime=2; roots=0x3F; activePatches=7; distantOwner=0; globalOwner=1; dynamicOwner=0; candidateOwner=0; material=terrain-v5-root; fingerprint=10/0.580000/0.160000/0.000000; center=(681124.375,5550646.5,-3052308.75); orientation=(0.699684024,-0.100386269,-0.102206536,0.699941933); presentationRadius=6371009.000000000; draws=0/1/0/0
[native] Earth Vulkan submission: terrainFrame=10; swapchainImage=0; recordSerial=10; submitSerial=10; presentSerial=10; serializedFence=true; globalDraw=1; dynamicHierarchyDraw=0; candidateIndirectDraw=0; visibleEarthOwners=1
[native] NCSM1 regional GPU work: kind=demand; ms=1.499800; frame=10
[native] Earth focus frame: frame=11; epoch=2; focusedBody=6; cameraTargetBody=6; radius=6371008.799999997; distance=6371043.498905328; altitude=19.563972473; surfaceMode=2; terrainVersion=5; regime=2; roots=0x3F; activePatches=7; distantOwner=0; globalOwner=1; dynamicOwner=0; candidateOwner=0; material=terrain-v5-root; fingerprint=10/0.580000/0.160000/0.000000; center=(681124.375,5550646.5,-3052308.75); orientation=(0.699684024,-0.100386269,-0.102206536,0.699941933); presentationRadius=6371009.000000000; draws=0/1/0/0
[native] Earth Vulkan submission: terrainFrame=11; swapchainImage=1; recordSerial=11; submitSerial=11; presentSerial=11; serializedFence=true; globalDraw=1; dynamicHierarchyDraw=0; candidateIndirectDraw=0; visibleEarthOwners=1
[native] NCSM1 regional GPU work: kind=demand; ms=1.473360; frame=11
[native] Earth focus frame: frame=12; epoch=2; focusedBody=6; cameraTargetBody=6; radius=6371008.799999997; distance=6371043.498905328; altitude=19.563972473; surfaceMode=2; terrainVersion=5; regime=2; roots=0x3F; activePatches=7; distantOwner=0; globalOwner=1; dynamicOwner=0; candidateOwner=0; material=terrain-v5-root; fingerprint=10/0.580000/0.160000/0.000000; center=(681124.375,5550646.5,-3052308.75); orientation=(0.699684024,-0.100386269,-0.102206536,0.699941933); presentationRadius=6371009.000000000; draws=0/1/0/0
[native] Earth Vulkan submission: terrainFrame=12; swapchainImage=2; recordSerial=12; submitSerial=12; presentSerial=12; serializedFence=true; globalDraw=1; dynamicHierarchyDraw=0; candidateIndirectDraw=0; visibleEarthOwners=1
[native] NCSM1 regional GPU work: kind=demand; ms=1.443160; frame=12
[native] Earth focus frame: frame=13; epoch=2; focusedBody=6; cameraTargetBody=6; radius=6371008.799999997; distance=6371043.498905328; altitude=19.563972473; surfaceMode=2; terrainVersion=5; regime=2; roots=0x3F; activePatches=7; distantOwner=0; globalOwner=1; dynamicOwner=0; candidateOwner=0; material=terrain-v5-root; fingerprint=10/0.580000/0.160000/0.000000; center=(681124.375,5550646.5,-3052308.75); orientation=(0.699684024,-0.100386269,-0.102206536,0.699941933); presentationRadius=6371009.000000000; draws=0/1/0/0
[native] Earth Vulkan submission: terrainFrame=13; swapchainImage=0; recordSerial=13; submitSerial=13; presentSerial=13; serializedFence=true; globalDraw=1; dynamicHierarchyDraw=0; candidateIndirectDraw=0; visibleEarthOwners=1
[native] NCSM1 regional GPU work: kind=demand; ms=1.441400; frame=13
[native] Earth focus frame: frame=14; epoch=2; focusedBody=6; cameraTargetBody=6; radius=6371008.799999997; distance=6371043.498905328; altitude=19.563972473; surfaceMode=2; terrainVersion=5; regime=2; roots=0x3F; activePatches=7; distantOwner=0; globalOwner=1; dynamicOwner=0; candidateOwner=0; material=terrain-v5-root; fingerprint=10/0.580000/0.160000/0.000000; center=(681124.375,5550646.5,-3052308.75); orientation=(0.699684024,-0.100386269,-0.102206536,0.699941933); presentationRadius=6371009.000000000; draws=0/1/0/0
[native] Earth Vulkan submission: terrainFrame=14; swapchainImage=1; recordSerial=14; submitSerial=14; presentSerial=14; serializedFence=true; globalDraw=1; dynamicHierarchyDraw=0; candidateIndirectDraw=0; visibleEarthOwners=1
[native] NCSM1 regional GPU work: kind=demand; ms=1.439840; frame=14
[native] Earth focus frame: frame=15; epoch=2; focusedBody=6; cameraTargetBody=6; radius=6371008.799999997; distance=6371043.498905328; altitude=19.563972473; surfaceMode=2; terrainVersion=5; regime=2; roots=0x3F; activePatches=7; distantOwner=0; globalOwner=1; dynamicOwner=0; candidateOwner=0; material=terrain-v5-root; fingerprint=10/0.580000/0.160000/0.000000; center=(681124.375,5550646.5,-3052308.75); orientation=(0.699684024,-0.100386269,-0.102206536,0.699941933); presentationRadius=6371009.000000000; draws=0/1/0/0
[native] Earth Vulkan submission: terrainFrame=15; swapchainImage=2; recordSerial=15; submitSerial=15; presentSerial=15; serializedFence=true; globalDraw=1; dynamicHierarchyDraw=0; candidateIndirectDraw=0; visibleEarthOwners=1
[native] NCSM1 regional GPU work: kind=demand; ms=1.439200; frame=15
[native] Earth focus frame: frame=16; epoch=2; focusedBody=6; cameraTargetBody=6; radius=6371008.799999997; distance=6371043.498905328; altitude=19.563972473; surfaceMode=2; terrainVersion=5; regime=2; roots=0x3F; activePatches=7; distantOwner=0; globalOwner=1; dynamicOwner=0; candidateOwner=0; material=terrain-v5-root; fingerprint=10/0.580000/0.160000/0.000000; center=(681124.375,5550646.5,-3052308.75); orientation=(0.699684024,-0.100386269,-0.102206536,0.699941933); presentationRadius=6371009.000000000; draws=0/1/0/0
[native] Earth Vulkan submission: terrainFrame=16; swapchainImage=0; recordSerial=16; submitSerial=16; presentSerial=16; serializedFence=true; globalDraw=1; dynamicHierarchyDraw=0; candidateIndirectDraw=0; visibleEarthOwners=1
[native] NCSM1 regional GPU work: kind=demand; ms=1.440200; frame=16
[native] Earth focus frame: frame=17; epoch=2; focusedBody=6; cameraTargetBody=6; radius=6371008.799999997; distance=6371043.498905328; altitude=19.563972473; surfaceMode=2; terrainVersion=5; regime=2; roots=0x3F; activePatches=7; distantOwner=0; globalOwner=1; dynamicOwner=0; candidateOwner=0; material=terrain-v5-root; fingerprint=10/0.580000/0.160000/0.000000; center=(681124.375,5550646.5,-3052308.75); orientation=(0.699684024,-0.100386269,-0.102206536,0.699941933); presentationRadius=6371009.000000000; draws=0/1/0/0
[native] Earth Vulkan submission: terrainFrame=17; swapchainImage=1; recordSerial=17; submitSerial=17; presentSerial=17; serializedFence=true; globalDraw=1; dynamicHierarchyDraw=0; candidateIndirectDraw=0; visibleEarthOwners=1
[native] NCSM1 regional GPU work: kind=demand; ms=1.438960; frame=17
[native] Earth focus frame: frame=18; epoch=2; focusedBody=6; cameraTargetBody=6; radius=6371008.799999997; distance=6371043.498905328; altitude=19.563972473; surfaceMode=2; terrainVersion=5; regime=2; roots=0x3F; activePatches=7; distantOwner=0; globalOwner=1; dynamicOwner=0; candidateOwner=0; material=terrain-v5-root; fingerprint=10/0.580000/0.160000/0.000000; center=(681124.375,5550646.5,-3052308.75); orientation=(0.699684024,-0.100386269,-0.102206536,0.699941933); presentationRadius=6371009.000000000; draws=0/1/0/0
[native] Earth Vulkan submission: terrainFrame=18; swapchainImage=2; recordSerial=18; submitSerial=18; presentSerial=18; serializedFence=true; globalDraw=1; dynamicHierarchyDraw=0; candidateIndirectDraw=0; visibleEarthOwners=1
[native] NCSM1 regional GPU work: kind=demand; ms=1.438240; frame=18
[native] Earth focus frame: frame=19; epoch=2; focusedBody=6; cameraTargetBody=6; radius=6371008.799999997; distance=6371043.498905328; altitude=19.563972473; surfaceMode=2; terrainVersion=5; regime=2; roots=0x3F; activePatches=7; distantOwner=0; globalOwner=1; dynamicOwner=0; candidateOwner=0; material=terrain-v5-root; fingerprint=10/0.580000/0.160000/0.000000; center=(681124.375,5550646.5,-3052308.75); orientation=(0.699684024,-0.100386269,-0.102206536,0.699941933); presentationRadius=6371009.000000000; draws=0/1/0/0
[native] Earth Vulkan submission: terrainFrame=19; swapchainImage=0; recordSerial=19; submitSerial=19; presentSerial=19; serializedFence=true; globalDraw=1; dynamicHierarchyDraw=0; candidateIndirectDraw=0; visibleEarthOwners=1
[native] NCSM1 regional GPU work: kind=demand; ms=1.438920; frame=19
[native] Earth focus frame: frame=20; epoch=2; focusedBody=6; cameraTargetBody=6; radius=6371008.799999997; distance=6371043.498905328; altitude=19.563972473; surfaceMode=2; terrainVersion=5; regime=2; roots=0x3F; activePatches=7; distantOwner=0; globalOwner=1; dynamicOwner=0; candidateOwner=0; material=terrain-v5-root; fingerprint=10/0.580000/0.160000/0.000000; center=(681124.375,5550646.5,-3052308.75); orientation=(0.699684024,-0.100386269,-0.102206536,0.699941933); presentationRadius=6371009.000000000; draws=0/1/0/0
[native] Earth Vulkan submission: terrainFrame=20; swapchainImage=1; recordSerial=20; submitSerial=20; presentSerial=20; serializedFence=true; globalDraw=1; dynamicHierarchyDraw=0; candidateIndirectDraw=0; visibleEarthOwners=1
[native] NCSM1 regional GPU work: kind=demand; ms=1.439200; frame=20
[native] Earth focus frame: frame=21; epoch=2; focusedBody=6; cameraTargetBody=6; radius=6371008.799999997; distance=6371043.498905328; altitude=19.563972473; surfaceMode=2; terrainVersion=5; regime=2; roots=0x3F; activePatches=7; distantOwner=0; globalOwner=1; dynamicOwner=0; candidateOwner=0; material=terrain-v5-root; fingerprint=10/0.580000/0.160000/0.000000; center=(681124.375,5550646.5,-3052308.75); orientation=(0.699684024,-0.100386269,-0.102206536,0.699941933); presentationRadius=6371009.000000000; draws=0/1/0/0
[native] Earth Vulkan submission: terrainFrame=21; swapchainImage=2; recordSerial=21; submitSerial=21; presentSerial=21; serializedFence=true; globalDraw=1; dynamicHierarchyDraw=0; candidateIndirectDraw=0; visibleEarthOwners=1
[native] NCSM1 regional GPU work: kind=demand; ms=1.439040; frame=21
[native] Earth focus frame: frame=22; epoch=2; focusedBody=6; cameraTargetBody=6; radius=6371008.799999997; distance=6371043.498905328; altitude=19.563972473; surfaceMode=2; terrainVersion=5; regime=2; roots=0x3F; activePatches=7; distantOwner=0; globalOwner=1; dynamicOwner=0; candidateOwner=0; material=terrain-v5-root; fingerprint=10/0.580000/0.160000/0.000000; center=(681124.375,5550646.5,-3052308.75); orientation=(0.699684024,-0.100386269,-0.102206536,0.699941933); presentationRadius=6371009.000000000; draws=0/1/0/0
[native] Earth Vulkan submission: terrainFrame=22; swapchainImage=0; recordSerial=22; submitSerial=22; presentSerial=22; serializedFence=true; globalDraw=1; dynamicHierarchyDraw=0; candidateIndirectDraw=0; visibleEarthOwners=1
[native] NCSM1 regional GPU work: kind=demand; ms=1.439800; frame=22
[native] Earth focus frame: frame=23; epoch=2; focusedBody=6; cameraTargetBody=6; radius=6371008.799999997; distance=6371043.498905328; altitude=19.563972473; surfaceMode=2; terrainVersion=5; regime=2; roots=0x3F; activePatches=7; distantOwner=0; globalOwner=1; dynamicOwner=0; candidateOwner=0; material=terrain-v5-root; fingerprint=10/0.580000/0.160000/0.000000; center=(681124.375,5550646.5,-3052308.75); orientation=(0.699684024,-0.100386269,-0.102206536,0.699941933); presentationRadius=6371009.000000000; draws=0/1/0/0
[native] Earth Vulkan submission: terrainFrame=23; swapchainImage=1; recordSerial=23; submitSerial=23; presentSerial=23; serializedFence=true; globalDraw=1; dynamicHierarchyDraw=0; candidateIndirectDraw=0; visibleEarthOwners=1
[native] NCSM1 regional GPU work: kind=demand; ms=0.966520; frame=23
[native] NCSM1 regional demand: incoming=1; pupil=1; generation=1; required=670; anchoredPatches=0; unresolved=1; demandMs=186.012
[native] Earth focus frame: frame=24; epoch=2; focusedBody=6; cameraTargetBody=6; radius=6371008.799999997; distance=6371043.498905328; altitude=19.563972473; surfaceMode=2; terrainVersion=5; regime=2; roots=0x3F; activePatches=7; distantOwner=0; globalOwner=1; dynamicOwner=0; candidateOwner=0; material=terrain-v5-root; fingerprint=10/0.580000/0.160000/0.000000; center=(681124.375,5550646.5,-3052308.75); orientation=(0.699684024,-0.100386269,-0.102206536,0.699941933); presentationRadius=6371009.000000000; draws=0/1/0/0
[native] Earth Vulkan submission: terrainFrame=24; swapchainImage=2; recordSerial=24; submitSerial=24; presentSerial=24; serializedFence=true; globalDraw=1; dynamicHierarchyDraw=0; candidateIndirectDraw=0; visibleEarthOwners=1
[native] Earth focus frame: frame=25; epoch=2; focusedBody=6; cameraTargetBody=6; radius=6371008.799999997; distance=6371043.498905328; altitude=19.563972473; surfaceMode=2; terrainVersion=5; regime=2; roots=0x3F; activePatches=7; distantOwner=0; globalOwner=1; dynamicOwner=0; candidateOwner=0; material=terrain-v5-root; fingerprint=10/0.580000/0.160000/0.000000; center=(681124.375,5550646.5,-3052308.75); orientation=(0.699684024,-0.100386269,-0.102206536,0.699941933); presentationRadius=6371009.000000000; draws=0/1/0/0
[native] Earth Vulkan submission: terrainFrame=25; swapchainImage=0; recordSerial=25; submitSerial=25; presentSerial=25; serializedFence=true; globalDraw=1; dynamicHierarchyDraw=0; candidateIndirectDraw=0; visibleEarthOwners=1
[native] Earth focus frame: frame=26; epoch=2; focusedBody=6; cameraTargetBody=6; radius=6371008.799999997; distance=6371043.498905328; altitude=19.563972473; surfaceMode=2; terrainVersion=5; regime=2; roots=0x3F; activePatches=7; distantOwner=0; globalOwner=1; dynamicOwner=0; candidateOwner=0; material=terrain-v5-root; fingerprint=10/0.580000/0.160000/0.000000; center=(681124.375,5550646.5,-3052308.75); orientation=(0.699684024,-0.100386269,-0.102206536,0.699941933); presentationRadius=6371009.000000000; draws=0/1/0/0
[native] Earth Vulkan submission: terrainFrame=26; swapchainImage=1; recordSerial=26; submitSerial=26; presentSerial=26; serializedFence=true; globalDraw=1; dynamicHierarchyDraw=0; candidateIndirectDraw=0; visibleEarthOwners=1
[native] Earth focus frame: frame=27; epoch=2; focusedBody=6; cameraTargetBody=6; radius=6371008.799999997; distance=6371043.498905328; altitude=19.563972473; surfaceMode=2; terrainVersion=5; regime=2; roots=0x3F; activePatches=7; distantOwner=0; globalOwner=1; dynamicOwner=0; candidateOwner=0; material=terrain-v5-root; fingerprint=10/0.580000/0.160000/0.000000; center=(681124.375,5550646.5,-3052308.75); orientation=(0.699684024,-0.100386269,-0.102206536,0.699941933); presentationRadius=6371009.000000000; draws=0/1/0/0
[native] Earth Vulkan submission: terrainFrame=27; swapchainImage=2; recordSerial=27; submitSerial=27; presentSerial=27; serializedFence=true; globalDraw=1; dynamicHierarchyDraw=0; candidateIndirectDraw=0; visibleEarthOwners=1
[native] Earth focus frame: frame=28; epoch=2; focusedBody=6; cameraTargetBody=6; radius=6371008.799999997; distance=6371043.498905328; altitude=19.563972473; surfaceMode=2; terrainVersion=5; regime=2; roots=0x3F; activePatches=7; distantOwner=0; globalOwner=1; dynamicOwner=0; candidateOwner=0; material=terrain-v5-root; fingerprint=10/0.580000/0.160000/0.000000; center=(681124.375,5550646.5,-3052308.75); orientation=(0.699684024,-0.100386269,-0.102206536,0.699941933); presentationRadius=6371009.000000000; draws=0/1/0/0
[native] Earth Vulkan submission: terrainFrame=28; swapchainImage=0; recordSerial=28; submitSerial=28; presentSerial=28; serializedFence=true; globalDraw=1; dynamicHierarchyDraw=0; candidateIndirectDraw=0; visibleEarthOwners=1
[native] Earth focus frame: frame=29; epoch=2; focusedBody=6; cameraTargetBody=6; radius=6371008.799999997; distance=6371043.498905328; altitude=19.563972473; surfaceMode=2; terrainVersion=5; regime=2; roots=0x3F; activePatches=7; distantOwner=0; globalOwner=1; dynamicOwner=0; candidateOwner=0; material=terrain-v5-root; fingerprint=10/0.580000/0.160000/0.000000; center=(681124.375,5550646.5,-3052308.75); orientation=(0.699684024,-0.100386269,-0.102206536,0.699941933); presentationRadius=6371009.000000000; draws=0/1/0/0
[native] Earth Vulkan submission: terrainFrame=29; swapchainImage=1; recordSerial=29; submitSerial=29; presentSerial=29; serializedFence=true; globalDraw=1; dynamicHierarchyDraw=0; candidateIndirectDraw=0; visibleEarthOwners=1
[native] Earth focus frame: frame=30; epoch=2; focusedBody=6; cameraTargetBody=6; radius=6371008.799999997; distance=6371043.498905328; altitude=19.563972473; surfaceMode=2; terrainVersion=5; regime=2; roots=0x3F; activePatches=7; distantOwner=0; globalOwner=1; dynamicOwner=0; candidateOwner=0; material=terrain-v5-root; fingerprint=10/0.580000/0.160000/0.000000; center=(681124.375,5550646.5,-3052308.75); orientation=(0.699684024,-0.100386269,-0.102206536,0.699941933); presentationRadius=6371009.000000000; draws=0/1/0/0
[native] Earth Vulkan submission: terrainFrame=30; swapchainImage=2; recordSerial=30; submitSerial=30; presentSerial=30; serializedFence=true; globalDraw=1; dynamicHierarchyDraw=0; candidateIndirectDraw=0; visibleEarthOwners=1
[native] Earth focus frame: frame=31; epoch=2; focusedBody=6; cameraTargetBody=6; radius=6371008.799999997; distance=6371043.498905328; altitude=19.563972473; surfaceMode=2; terrainVersion=5; regime=2; roots=0x3F; activePatches=7; distantOwner=0; globalOwner=1; dynamicOwner=0; candidateOwner=0; material=terrain-v5-root; fingerprint=10/0.580000/0.160000/0.000000; center=(681124.375,5550646.5,-3052308.75); orientation=(0.699684024,-0.100386269,-0.102206536,0.699941933); presentationRadius=6371009.000000000; draws=0/1/0/0
[native] Earth Vulkan submission: terrainFrame=31; swapchainImage=0; recordSerial=31; submitSerial=31; presentSerial=31; serializedFence=true; globalDraw=1; dynamicHierarchyDraw=0; candidateIndirectDraw=0; visibleEarthOwners=1
[native] Earth focus frame: frame=32; epoch=2; focusedBody=6; cameraTargetBody=6; radius=6371008.799999997; distance=6371043.498905328; altitude=19.563972473; surfaceMode=2; terrainVersion=5; regime=2; roots=0x3F; activePatches=7; distantOwner=0; globalOwner=1; dynamicOwner=0; candidateOwner=0; material=terrain-v5-root; fingerprint=10/0.580000/0.160000/0.000000; center=(681124.375,5550646.5,-3052308.75); orientation=(0.699684024,-0.100386269,-0.102206536,0.699941933); presentationRadius=6371009.000000000; draws=0/1/0/0
[native] Earth Vulkan submission: terrainFrame=32; swapchainImage=1; recordSerial=32; submitSerial=32; presentSerial=32; serializedFence=true; globalDraw=1; dynamicHierarchyDraw=0; candidateIndirectDraw=0; visibleEarthOwners=1
[native] Earth focus frame: frame=33; epoch=2; focusedBody=6; cameraTargetBody=6; radius=6371008.799999997; distance=6371043.498905328; altitude=19.563972473; surfaceMode=2; terrainVersion=5; regime=2; roots=0x3F; activePatches=7; distantOwner=0; globalOwner=1; dynamicOwner=0; candidateOwner=0; material=terrain-v5-root; fingerprint=10/0.580000/0.160000/0.000000; center=(681124.375,5550646.5,-3052308.75); orientation=(0.699684024,-0.100386269,-0.102206536,0.699941933); presentationRadius=6371009.000000000; draws=0/1/0/0
[native] Earth Vulkan submission: terrainFrame=33; swapchainImage=2; recordSerial=33; submitSerial=33; presentSerial=33; serializedFence=true; globalDraw=1; dynamicHierarchyDraw=0; candidateIndirectDraw=0; visibleEarthOwners=1
[native] Earth focus frame: frame=34; epoch=2; focusedBody=6; cameraTargetBody=6; radius=6371008.799999997; distance=6371043.498905328; altitude=19.563972473; surfaceMode=2; terrainVersion=5; regime=2; roots=0x3F; activePatches=7; distantOwner=0; globalOwner=1; dynamicOwner=0; candidateOwner=0; material=terrain-v5-root; fingerprint=10/0.580000/0.160000/0.000000; center=(681124.375,5550646.5,-3052308.75); orientation=(0.699684024,-0.100386269,-0.102206536,0.699941933); presentationRadius=6371009.000000000; draws=0/1/0/0
[native] Earth Vulkan submission: terrainFrame=34; swapchainImage=0; recordSerial=34; submitSerial=34; presentSerial=34; serializedFence=true; globalDraw=1; dynamicHierarchyDraw=0; candidateIndirectDraw=0; visibleEarthOwners=1
[native] Earth focus frame: frame=35; epoch=2; focusedBody=6; cameraTargetBody=6; radius=6371008.799999997; distance=6371043.498905328; altitude=19.563972473; surfaceMode=2; terrainVersion=5; regime=2; roots=0x3F; activePatches=7; distantOwner=0; globalOwner=1; dynamicOwner=0; candidateOwner=0; material=terrain-v5-root; fingerprint=10/0.580000/0.160000/0.000000; center=(681124.375,5550646.5,-3052308.75); orientation=(0.699684024,-0.100386269,-0.102206536,0.699941933); presentationRadius=6371009.000000000; draws=0/1/0/0
[native] Earth Vulkan submission: terrainFrame=35; swapchainImage=1; recordSerial=35; submitSerial=35; presentSerial=35; serializedFence=true; globalDraw=1; dynamicHierarchyDraw=0; candidateIndirectDraw=0; visibleEarthOwners=1
[native] Earth focus frame: frame=36; epoch=2; focusedBody=6; cameraTargetBody=6; radius=6371008.799999997; distance=6371043.498905328; altitude=19.563972473; surfaceMode=2; terrainVersion=5; regime=2; roots=0x3F; activePatches=7; distantOwner=0; globalOwner=1; dynamicOwner=0; candidateOwner=0; material=terrain-v5-root; fingerprint=10/0.580000/0.160000/0.000000; center=(681124.375,5550646.5,-3052308.75); orientation=(0.699684024,-0.100386269,-0.102206536,0.699941933); presentationRadius=6371009.000000000; draws=0/1/0/0
[native] Earth Vulkan submission: terrainFrame=36; swapchainImage=2; recordSerial=36; submitSerial=36; presentSerial=36; serializedFence=true; globalDraw=1; dynamicHierarchyDraw=0; candidateIndirectDraw=0; visibleEarthOwners=1
[native] Earth focus frame: frame=37; epoch=2; focusedBody=6; cameraTargetBody=6; radius=6371008.799999997; distance=6371043.498905328; altitude=19.563972473; surfaceMode=2; terrainVersion=5; regime=2; roots=0x3F; activePatches=7; distantOwner=0; globalOwner=1; dynamicOwner=0; candidateOwner=0; material=terrain-v5-root; fingerprint=10/0.580000/0.160000/0.000000; center=(681124.375,5550646.5,-3052308.75); orientation=(0.699684024,-0.100386269,-0.102206536,0.699941933); presentationRadius=6371009.000000000; draws=0/1/0/0
[native] Earth Vulkan submission: terrainFrame=37; swapchainImage=0; recordSerial=37; submitSerial=37; presentSerial=37; serializedFence=true; globalDraw=1; dynamicHierarchyDraw=0; candidateIndirectDraw=0; visibleEarthOwners=1
[native] Earth focus frame: frame=38; epoch=2; focusedBody=6; cameraTargetBody=6; radius=6371008.799999997; distance=6371043.498905328; altitude=19.563972473; surfaceMode=2; terrainVersion=5; regime=2; roots=0x3F; activePatches=7; distantOwner=0; globalOwner=1; dynamicOwner=0; candidateOwner=0; material=terrain-v5-root; fingerprint=10/0.580000/0.160000/0.000000; center=(681124.375,5550646.5,-3052308.75); orientation=(0.699684024,-0.100386269,-0.102206536,0.699941933); presentationRadius=6371009.000000000; draws=0/1/0/0
[native] Earth Vulkan submission: terrainFrame=38; swapchainImage=1; recordSerial=38; submitSerial=38; presentSerial=38; serializedFence=true; globalDraw=1; dynamicHierarchyDraw=0; candidateIndirectDraw=0; visibleEarthOwners=1
[native] Earth focus frame: frame=39; epoch=2; focusedBody=6; cameraTargetBody=6; radius=6371008.799999997; distance=6371043.498905328; altitude=19.563972473; surfaceMode=2; terrainVersion=5; regime=2; roots=0x3F; activePatches=7; distantOwner=0; globalOwner=1; dynamicOwner=0; candidateOwner=0; material=terrain-v5-root; fingerprint=10/0.580000/0.160000/0.000000; center=(681124.375,5550646.5,-3052308.75); orientation=(0.699684024,-0.100386269,-0.102206536,0.699941933); presentationRadius=6371009.000000000; draws=0/1/0/0
[native] Earth Vulkan submission: terrainFrame=39; swapchainImage=2; recordSerial=39; submitSerial=39; presentSerial=39; serializedFence=true; globalDraw=1; dynamicHierarchyDraw=0; candidateIndirectDraw=0; visibleEarthOwners=1
[native] Earth focus frame: frame=40; epoch=2; focusedBody=6; cameraTargetBody=6; radius=6371008.799999997; distance=6371043.498905328; altitude=19.563972473; surfaceMode=2; terrainVersion=5; regime=2; roots=0x3F; activePatches=7; distantOwner=0; globalOwner=1; dynamicOwner=0; candidateOwner=0; material=terrain-v5-root; fingerprint=10/0.580000/0.160000/0.000000; center=(681124.375,5550646.5,-3052308.75); orientation=(0.699684024,-0.100386269,-0.102206536,0.699941933); presentationRadius=6371009.000000000; draws=0/1/0/0
[native] Earth Vulkan submission: terrainFrame=40; swapchainImage=0; recordSerial=40; submitSerial=40; presentSerial=40; serializedFence=true; globalDraw=1; dynamicHierarchyDraw=0; candidateIndirectDraw=0; visibleEarthOwners=1
[native] Earth focus frame: frame=41; epoch=2; focusedBody=6; cameraTargetBody=6; radius=6371008.799999997; distance=6371043.498905328; altitude=19.563972473; surfaceMode=2; terrainVersion=5; regime=2; roots=0x3F; activePatches=7; distantOwner=0; globalOwner=1; dynamicOwner=0; candidateOwner=0; material=terrain-v5-root; fingerprint=10/0.580000/0.160000/0.000000; center=(681124.375,5550646.5,-3052308.75); orientation=(0.699684024,-0.100386269,-0.102206536,0.699941933); presentationRadius=6371009.000000000; draws=0/1/0/0
[native] Earth Vulkan submission: terrainFrame=41; swapchainImage=1; recordSerial=41; submitSerial=41; presentSerial=41; serializedFence=true; globalDraw=1; dynamicHierarchyDraw=0; candidateIndirectDraw=0; visibleEarthOwners=1
[native] Earth focus frame: frame=42; epoch=2; focusedBody=6; cameraTargetBody=6; radius=6371008.799999997; distance=6371043.498905328; altitude=19.563972473; surfaceMode=2; terrainVersion=5; regime=2; roots=0x3F; activePatches=7; distantOwner=0; globalOwner=1; dynamicOwner=0; candidateOwner=0; material=terrain-v5-root; fingerprint=10/0.580000/0.160000/0.000000; center=(681124.375,5550646.5,-3052308.75); orientation=(0.699684024,-0.100386269,-0.102206536,0.699941933); presentationRadius=6371009.000000000; draws=0/1/0/0
[native] Earth Vulkan submission: terrainFrame=42; swapchainImage=2; recordSerial=42; submitSerial=42; presentSerial=42; serializedFence=true; globalDraw=1; dynamicHierarchyDraw=0; candidateIndirectDraw=0; visibleEarthOwners=1
[native] Earth focus frame: frame=43; epoch=2; focusedBody=6; cameraTargetBody=6; radius=6371008.799999997; distance=6371043.498905328; altitude=19.563972473; surfaceMode=2; terrainVersion=5; regime=2; roots=0x3F; activePatches=7; distantOwner=0; globalOwner=1; dynamicOwner=0; candidateOwner=0; material=terrain-v5-root; fingerprint=10/0.580000/0.160000/0.000000; center=(681124.375,5550646.5,-3052308.75); orientation=(0.699684024,-0.100386269,-0.102206536,0.699941933); presentationRadius=6371009.000000000; draws=0/1/0/0
[native] Earth Vulkan submission: terrainFrame=43; swapchainImage=0; recordSerial=43; submitSerial=43; presentSerial=43; serializedFence=true; globalDraw=1; dynamicHierarchyDraw=0; candidateIndirectDraw=0; visibleEarthOwners=1
[native] Earth focus frame: frame=44; epoch=2; focusedBody=6; cameraTargetBody=6; radius=6371008.799999997; distance=6371043.498905328; altitude=19.563972473; surfaceMode=2; terrainVersion=5; regime=2; roots=0x3F; activePatches=7; distantOwner=0; globalOwner=1; dynamicOwner=0; candidateOwner=0; material=terrain-v5-root; fingerprint=10/0.580000/0.160000/0.000000; center=(681124.375,5550646.5,-3052308.75); orientation=(0.699684024,-0.100386269,-0.102206536,0.699941933); presentationRadius=6371009.000000000; draws=0/1/0/0
[native] Earth Vulkan submission: terrainFrame=44; swapchainImage=1; recordSerial=44; submitSerial=44; presentSerial=44; serializedFence=true; globalDraw=1; dynamicHierarchyDraw=0; candidateIndirectDraw=0; visibleEarthOwners=1
[native] Earth focus frame: frame=45; epoch=2; focusedBody=6; cameraTargetBody=6; radius=6371008.799999997; distance=6371043.498905328; altitude=19.563972473; surfaceMode=2; terrainVersion=5; regime=2; roots=0x3F; activePatches=7; distantOwner=0; globalOwner=1; dynamicOwner=0; candidateOwner=0; material=terrain-v5-root; fingerprint=10/0.580000/0.160000/0.000000; center=(681124.375,5550646.5,-3052308.75); orientation=(0.699684024,-0.100386269,-0.102206536,0.699941933); presentationRadius=6371009.000000000; draws=0/1/0/0
[native] Earth Vulkan submission: terrainFrame=45; swapchainImage=2; recordSerial=45; submitSerial=45; presentSerial=45; serializedFence=true; globalDraw=1; dynamicHierarchyDraw=0; candidateIndirectDraw=0; visibleEarthOwners=1
[native] Earth focus frame: frame=46; epoch=2; focusedBody=6; cameraTargetBody=6; radius=6371008.799999997; distance=6371043.498905328; altitude=19.563972473; surfaceMode=2; terrainVersion=5; regime=2; roots=0x3F; activePatches=7; distantOwner=0; globalOwner=1; dynamicOwner=0; candidateOwner=0; material=terrain-v5-root; fingerprint=10/0.580000/0.160000/0.000000; center=(681124.375,5550646.5,-3052308.75); orientation=(0.699684024,-0.100386269,-0.102206536,0.699941933); presentationRadius=6371009.000000000; draws=0/1/0/0
[native] Earth Vulkan submission: terrainFrame=46; swapchainImage=0; recordSerial=46; submitSerial=46; presentSerial=46; serializedFence=true; globalDraw=1; dynamicHierarchyDraw=0; candidateIndirectDraw=0; visibleEarthOwners=1
[native] Earth focus frame: frame=47; epoch=2; focusedBody=6; cameraTargetBody=6; radius=6371008.799999997; distance=6371043.498905328; altitude=19.563972473; surfaceMode=2; terrainVersion=5; regime=2; roots=0x3F; activePatches=7; distantOwner=0; globalOwner=1; dynamicOwner=0; candidateOwner=0; material=terrain-v5-root; fingerprint=10/0.580000/0.160000/0.000000; center=(681124.375,5550646.5,-3052308.75); orientation=(0.699684024,-0.100386269,-0.102206536,0.699941933); presentationRadius=6371009.000000000; draws=0/1/0/0
[native] Earth Vulkan submission: terrainFrame=47; swapchainImage=1; recordSerial=47; submitSerial=47; presentSerial=47; serializedFence=true; globalDraw=1; dynamicHierarchyDraw=0; candidateIndirectDraw=0; visibleEarthOwners=1
[native] Earth focus frame: frame=48; epoch=2; focusedBody=6; cameraTargetBody=6; radius=6371008.799999997; distance=6371043.498905328; altitude=19.563972473; surfaceMode=2; terrainVersion=5; regime=2; roots=0x3F; activePatches=7; distantOwner=0; globalOwner=1; dynamicOwner=0; candidateOwner=0; material=terrain-v5-root; fingerprint=10/0.580000/0.160000/0.000000; center=(681124.375,5550646.5,-3052308.75); orientation=(0.699684024,-0.100386269,-0.102206536,0.699941933); presentationRadius=6371009.000000000; draws=0/1/0/0
[native] NCSM1 regional ready: incoming=1; pupil=1; dependencyDelayMs=313.825; requests=670; resident=670; uploadedBytes=93392640; complete=true; allContributing=1; demandComplete=1; gpuVisibility=hostBarrierBeforePrepare
[native] NCSM1 physical slice: incoming=1; generation=1; pupil=1; first=0; count=65536; total=712106; complete=0; currentOwner=0
[native] Earth Vulkan submission: terrainFrame=48; swapchainImage=2; recordSerial=48; submitSerial=48; presentSerial=48; serializedFence=true; globalDraw=1; dynamicHierarchyDraw=0; candidateIndirectDraw=0; visibleEarthOwners=1
[native] NCSM1 regional GPU work: kind=incomingPhysicalPreparation; ms=3.494840; frame=48
[native] Earth focus frame: frame=49; epoch=2; focusedBody=6; cameraTargetBody=6; radius=6371008.799999997; distance=6371043.498905328; altitude=19.563972473; surfaceMode=2; terrainVersion=5; regime=2; roots=0x3F; activePatches=7; distantOwner=0; globalOwner=1; dynamicOwner=0; candidateOwner=0; material=terrain-v5-root; fingerprint=10/0.580000/0.160000/0.000000; center=(681124.375,5550646.5,-3052308.75); orientation=(0.699684024,-0.100386269,-0.102206536,0.699941933); presentationRadius=6371009.000000000; draws=0/1/0/0
[native] NCSM1 physical slice: incoming=1; generation=1; pupil=1; first=65536; count=65536; total=712106; complete=0; currentOwner=0
[native] Earth Vulkan submission: terrainFrame=49; swapchainImage=0; recordSerial=49; submitSerial=49; presentSerial=49; serializedFence=true; globalDraw=1; dynamicHierarchyDraw=0; candidateIndirectDraw=0; visibleEarthOwners=1
[native] NCSM1 regional GPU work: kind=incomingPhysicalPreparation; ms=3.629960; frame=49
[native] Earth focus frame: frame=50; epoch=2; focusedBody=6; cameraTargetBody=6; radius=6371008.799999997; distance=6371043.498905328; altitude=19.563972473; surfaceMode=2; terrainVersion=5; regime=2; roots=0x3F; activePatches=7; distantOwner=0; globalOwner=1; dynamicOwner=0; candidateOwner=0; material=terrain-v5-root; fingerprint=10/0.580000/0.160000/0.000000; center=(681124.375,5550646.5,-3052308.75); orientation=(0.699684024,-0.100386269,-0.102206536,0.699941933); presentationRadius=6371009.000000000; draws=0/1/0/0
[native] NCSM1 physical slice: incoming=1; generation=1; pupil=1; first=131072; count=65536; total=712106; complete=0; currentOwner=0
[native] Earth Vulkan submission: terrainFrame=50; swapchainImage=1; recordSerial=50; submitSerial=50; presentSerial=50; serializedFence=true; globalDraw=1; dynamicHierarchyDraw=0; candidateIndirectDraw=0; visibleEarthOwners=1
[native] NCSM1 regional GPU work: kind=incomingPhysicalPreparation; ms=3.802880; frame=50
[native] Earth focus frame: frame=51; epoch=2; focusedBody=6; cameraTargetBody=6; radius=6371008.799999997; distance=6371043.498905328; altitude=19.563972473; surfaceMode=2; terrainVersion=5; regime=2; roots=0x3F; activePatches=7; distantOwner=0; globalOwner=1; dynamicOwner=0; candidateOwner=0; material=terrain-v5-root; fingerprint=10/0.580000/0.160000/0.000000; center=(681124.375,5550646.5,-3052308.75); orientation=(0.699684024,-0.100386269,-0.102206536,0.699941933); presentationRadius=6371009.000000000; draws=0/1/0/0
[native] NCSM1 physical slice: incoming=1; generation=1; pupil=1; first=196608; count=65536; total=712106; complete=0; currentOwner=0
[native] Earth Vulkan submission: terrainFrame=51; swapchainImage=2; recordSerial=51; submitSerial=51; presentSerial=51; serializedFence=true; globalDraw=1; dynamicHierarchyDraw=0; candidateIndirectDraw=0; visibleEarthOwners=1
[native] NCSM1 regional GPU work: kind=incomingPhysicalPreparation; ms=3.813880; frame=51
[native] Earth focus frame: frame=52; epoch=2; focusedBody=6; cameraTargetBody=6; radius=6371008.799999997; distance=6371043.498905328; altitude=19.563972473; surfaceMode=2; terrainVersion=5; regime=2; roots=0x3F; activePatches=7; distantOwner=0; globalOwner=1; dynamicOwner=0; candidateOwner=0; material=terrain-v5-root; fingerprint=10/0.580000/0.160000/0.000000; center=(681124.375,5550646.5,-3052308.75); orientation=(0.699684024,-0.100386269,-0.102206536,0.699941933); presentationRadius=6371009.000000000; draws=0/1/0/0
[native] NCSM1 physical slice: incoming=1; generation=1; pupil=1; first=262144; count=65536; total=712106; complete=0; currentOwner=0
[native] Earth Vulkan submission: terrainFrame=52; swapchainImage=0; recordSerial=52; submitSerial=52; presentSerial=52; serializedFence=true; globalDraw=1; dynamicHierarchyDraw=0; candidateIndirectDraw=0; visibleEarthOwners=1
[native] NCSM1 regional GPU work: kind=incomingPhysicalPreparation; ms=3.834040; frame=52
[native] Earth focus frame: frame=53; epoch=2; focusedBody=6; cameraTargetBody=6; radius=6371008.799999997; distance=6371043.498905328; altitude=19.563972473; surfaceMode=2; terrainVersion=5; regime=2; roots=0x3F; activePatches=7; distantOwner=0; globalOwner=1; dynamicOwner=0; candidateOwner=0; material=terrain-v5-root; fingerprint=10/0.580000/0.160000/0.000000; center=(681124.375,5550646.5,-3052308.75); orientation=(0.699684024,-0.100386269,-0.102206536,0.699941933); presentationRadius=6371009.000000000; draws=0/1/0/0
[native] NCSM1 physical slice: incoming=1; generation=1; pupil=1; first=327680; count=65536; total=712106; complete=0; currentOwner=0
[native] Earth Vulkan submission: terrainFrame=53; swapchainImage=1; recordSerial=53; submitSerial=53; presentSerial=53; serializedFence=true; globalDraw=1; dynamicHierarchyDraw=0; candidateIndirectDraw=0; visibleEarthOwners=1
[native] NCSM1 regional GPU work: kind=incomingPhysicalPreparation; ms=3.853680; frame=53
[native] Earth focus frame: frame=54; epoch=2; focusedBody=6; cameraTargetBody=6; radius=6371008.799999997; distance=6371043.498905328; altitude=19.563972473; surfaceMode=2; terrainVersion=5; regime=2; roots=0x3F; activePatches=7; distantOwner=0; globalOwner=1; dynamicOwner=0; candidateOwner=0; material=terrain-v5-root; fingerprint=10/0.580000/0.160000/0.000000; center=(681124.375,5550646.5,-3052308.75); orientation=(0.699684024,-0.100386269,-0.102206536,0.699941933); presentationRadius=6371009.000000000; draws=0/1/0/0
[native] NCSM1 physical slice: incoming=1; generation=1; pupil=1; first=393216; count=65536; total=712106; complete=0; currentOwner=0
[native] Earth Vulkan submission: terrainFrame=54; swapchainImage=2; recordSerial=54; submitSerial=54; presentSerial=54; serializedFence=true; globalDraw=1; dynamicHierarchyDraw=0; candidateIndirectDraw=0; visibleEarthOwners=1
[native] NCSM1 regional GPU work: kind=incomingPhysicalPreparation; ms=3.762120; frame=54
[native] Earth focus frame: frame=55; epoch=2; focusedBody=6; cameraTargetBody=6; radius=6371008.799999997; distance=6371043.498905328; altitude=19.563972473; surfaceMode=2; terrainVersion=5; regime=2; roots=0x3F; activePatches=7; distantOwner=0; globalOwner=1; dynamicOwner=0; candidateOwner=0; material=terrain-v5-root; fingerprint=10/0.580000/0.160000/0.000000; center=(681124.375,5550646.5,-3052308.75); orientation=(0.699684024,-0.100386269,-0.102206536,0.699941933); presentationRadius=6371009.000000000; draws=0/1/0/0
[native] NCSM1 physical slice: incoming=1; generation=1; pupil=1; first=458752; count=65536; total=712106; complete=0; currentOwner=0
[native] Earth Vulkan submission: terrainFrame=55; swapchainImage=0; recordSerial=55; submitSerial=55; presentSerial=55; serializedFence=true; globalDraw=1; dynamicHierarchyDraw=0; candidateIndirectDraw=0; visibleEarthOwners=1
[native] NCSM1 regional GPU work: kind=incomingPhysicalPreparation; ms=3.740120; frame=55
[native] Earth focus frame: frame=56; epoch=2; focusedBody=6; cameraTargetBody=6; radius=6371008.799999997; distance=6371043.498905328; altitude=19.563972473; surfaceMode=2; terrainVersion=5; regime=2; roots=0x3F; activePatches=7; distantOwner=0; globalOwner=1; dynamicOwner=0; candidateOwner=0; material=terrain-v5-root; fingerprint=10/0.580000/0.160000/0.000000; center=(681124.375,5550646.5,-3052308.75); orientation=(0.699684024,-0.100386269,-0.102206536,0.699941933); presentationRadius=6371009.000000000; draws=0/1/0/0
[native] NCSM1 physical slice: incoming=1; generation=1; pupil=1; first=524288; count=65536; total=712106; complete=0; currentOwner=0
[native] Earth Vulkan submission: terrainFrame=56; swapchainImage=1; recordSerial=56; submitSerial=56; presentSerial=56; serializedFence=true; globalDraw=1; dynamicHierarchyDraw=0; candidateIndirectDraw=0; visibleEarthOwners=1
[native] NCSM1 regional GPU work: kind=incomingPhysicalPreparation; ms=3.737640; frame=56
[native] Earth focus frame: frame=57; epoch=2; focusedBody=6; cameraTargetBody=6; radius=6371008.799999997; distance=6371043.498905328; altitude=19.563972473; surfaceMode=2; terrainVersion=5; regime=2; roots=0x3F; activePatches=7; distantOwner=0; globalOwner=1; dynamicOwner=0; candidateOwner=0; material=terrain-v5-root; fingerprint=10/0.580000/0.160000/0.000000; center=(681124.375,5550646.5,-3052308.75); orientation=(0.699684024,-0.100386269,-0.102206536,0.699941933); presentationRadius=6371009.000000000; draws=0/1/0/0
[native] NCSM1 physical slice: incoming=1; generation=1; pupil=1; first=589824; count=65536; total=712106; complete=0; currentOwner=0
[native] Earth Vulkan submission: terrainFrame=57; swapchainImage=2; recordSerial=57; submitSerial=57; presentSerial=57; serializedFence=true; globalDraw=1; dynamicHierarchyDraw=0; candidateIndirectDraw=0; visibleEarthOwners=1
[native] NCSM1 regional GPU work: kind=incomingPhysicalPreparation; ms=3.893040; frame=57
[native] Earth focus frame: frame=58; epoch=2; focusedBody=6; cameraTargetBody=6; radius=6371008.799999997; distance=6371043.498905328; altitude=19.563972473; surfaceMode=2; terrainVersion=5; regime=2; roots=0x3F; activePatches=7; distantOwner=0; globalOwner=1; dynamicOwner=0; candidateOwner=0; material=terrain-v5-root; fingerprint=10/0.580000/0.160000/0.000000; center=(681124.375,5550646.5,-3052308.75); orientation=(0.699684024,-0.100386269,-0.102206536,0.699941933); presentationRadius=6371009.000000000; draws=0/1/0/0
[native] NCSM1 physical slice: incoming=1; generation=1; pupil=1; first=655360; count=56746; total=712106; complete=1; currentOwner=0
[native] Earth Vulkan submission: terrainFrame=58; swapchainImage=0; recordSerial=58; submitSerial=58; presentSerial=58; serializedFence=true; globalDraw=1; dynamicHierarchyDraw=0; candidateIndirectDraw=0; visibleEarthOwners=1
[native] NCSM1 regional GPU work: kind=incomingPhysicalPreparation; ms=3.332640; frame=58
[native] Production billboard resource residency: generation=1; level=17; topologyFamily=1; topologyUpload=1; topologyReused=0; topologyUploads=1; topologyReuseHits=0; residentTopologyLevels=1; residentTopologyBytes=28484192; peakTopologyBytes=28484192; workAllocations=1; workReuses=0; workingBytes=68362300; peakWorkingBytes=68362300; currentIncomingSlots=1+0; spareSlots=0
[native] Production spherical billboard publication: generation=1; level=17; topologyFamily=1; hash=0xBCE444AFFB2D713B; topologyResident=true; topologyReused=0; topologyUploads=1; physicalReady=true; normalsReady=true; cullReady=true; compactReady=true; tesDrawReady=true; indirectValid=true; fenceComplete=true; inputTriangles=1424208; postHorizonTriangles=1184036; horizonRejected=240172; postScreenConeTriangles=341233; screenConeRejected=842803; compactedIndices=1023699; visibleTriangles=341233; zeroVisible=0; noOpIndirect=0; indirectDraws=1; invalidDraws=0; zeroOwner=0; overlapOwner=0; staleGenerationDraws=0; atomicFrameBoundary=true; publications=1; deferredRetirements=0
P2S5C2 publication: count=1; current=L17; pupilError=0.000000000E+000rad; topologyUploads=1; owners=1; zeroOwner=0; overlap=0; stale=0
[native] Authored facility light occlusion: casters=1; geometryVersion=1; maximumRayMetres=2048; physicalAuthority=unchanged
[native] Earth focus frame: frame=59; epoch=2; focusedBody=6; cameraTargetBody=6; radius=6371008.799999997; distance=6371043.498905328; altitude=19.563972473; surfaceMode=2; terrainVersion=5; regime=2; roots=0x3F; activePatches=7; distantOwner=0; globalOwner=0; dynamicOwner=0; candidateOwner=1; material=production-billboard; fingerprint=10/0.580000/0.160000/0.000000; center=(681124.375,5550646.5,-3052308.75); orientation=(0.699684024,-0.100386269,-0.102206536,0.699941933); presentationRadius=6371009.000000000; draws=0/0/0/1
[native] Earth Vulkan submission: terrainFrame=59; swapchainImage=1; recordSerial=59; submitSerial=59; presentSerial=59; serializedFence=true; globalDraw=0; dynamicHierarchyDraw=0; candidateIndirectDraw=1; visibleEarthOwners=1
[native] PLAYER_READY submit=59 presentationGeneration=1 regionalPupil=1 physicalOwner=1
[native] GPU anchored refinement: submittedFrame=59; generation=1; level=17; topologyFamily=1; inputTriangles=1424208; postHorizonTriangles=1184036; horizonRejected=240172; postScreenConeTriangles=341233; screenConeRejected=842803; tcsPatches=0; tcsScreenRejected=0; refinedVertices=0; clippingOutputPrimitives=92832; fragmentInvocations=1365415; compactedIndices=1023699; indirectDraws=1; maximumOuterTesFactor=0.000000; maximumInnerTesFactor=0.000000; maximumTesFactor=0; rasterDiagnostic=0x0; countersAndQueryFrameMatch=true; CPUFinalRaster=false; directPreparedRaster=true
PLAYER_LOADING_COMPLETE readiness=native-first-fence-and-selected-session-presentation memory=Ready sample=25
SURFACE_RETRY_INPUT foreground=True viewportFocused=True action=None
[native] Earth focus frame: frame=60; epoch=2; focusedBody=6; cameraTargetBody=6; radius=6371008.799999997; distance=6371043.498905328; altitude=19.563972473; surfaceMode=2; terrainVersion=5; regime=2; roots=0x3F; activePatches=7; distantOwner=0; globalOwner=0; dynamicOwner=0; candidateOwner=1; material=production-billboard; fingerprint=10/0.580000/0.160000/0.000000; center=(681124.375,5550646.5,-3052308.75); orientation=(0.699684024,-0.100386269,-0.102206536,0.699941933); presentationRadius=6371009.000000000; draws=0/0/0/1
[native] Earth Vulkan submission: terrainFrame=60; swapchainImage=2; recordSerial=60; submitSerial=60; presentSerial=60; serializedFence=true; globalDraw=0; dynamicHierarchyDraw=0; candidateIndirectDraw=1; visibleEarthOwners=1
[native] Earth focus frame: frame=61; epoch=2; focusedBody=6; cameraTargetBody=6; radius=6371008.799999997; distance=6371043.498905328; altitude=19.563972473; surfaceMode=2; terrainVersion=5; regime=2; roots=0x3F; activePatches=7; distantOwner=0; globalOwner=0; dynamicOwner=0; candidateOwner=1; material=production-billboard; fingerprint=10/0.580000/0.160000/0.000000; center=(681124.375,5550646.5,-3052308.75); orientation=(0.699684024,-0.100386269,-0.102206536,0.699941933); presentationRadius=6371009.000000000; draws=0/0/0/1
[native] Earth Vulkan submission: terrainFrame=61; swapchainImage=0; recordSerial=61; submitSerial=61; presentSerial=61; serializedFence=true; globalDraw=0; dynamicHierarchyDraw=0; candidateIndirectDraw=1; visibleEarthOwners=1
[native] Earth focus frame: frame=62; epoch=2; focusedBody=6; cameraTargetBody=6; radius=6371008.799999997; distance=6371043.498905328; altitude=19.563972473; surfaceMode=2; terrainVersion=5; regime=2; roots=0x3F; activePatches=7; distantOwner=0; globalOwner=0; dynamicOwner=0; candidateOwner=1; material=production-billboard; fingerprint=10/0.580000/0.160000/0.000000; center=(681124.375,5550646.5,-3052308.75); orientation=(0.699684024,-0.100386269,-0.102206536,0.699941933); presentationRadius=6371009.000000000; draws=0/0/0/1
[native] Earth Vulkan submission: terrainFrame=62; swapchainImage=1; recordSerial=62; submitSerial=62; presentSerial=62; serializedFence=true; globalDraw=0; dynamicHierarchyDraw=0; candidateIndirectDraw=1; visibleEarthOwners=1
[native] Earth focus frame: frame=63; epoch=2; focusedBody=6; cameraTargetBody=6; radius=6371008.799999997; distance=6371043.498905328; altitude=19.563972473; surfaceMode=2; terrainVersion=5; regime=2; roots=0x3F; activePatches=7; distantOwner=0; globalOwner=0; dynamicOwner=0; candidateOwner=1; material=production-billboard; fingerprint=10/0.580000/0.160000/0.000000; center=(681124.375,5550646.5,-3052308.75); orientation=(0.699684024,-0.100386269,-0.102206536,0.699941933); presentationRadius=6371009.000000000; draws=0/0/0/1
[native] Earth Vulkan submission: terrainFrame=63; swapchainImage=2; recordSerial=63; submitSerial=63; presentSerial=63; serializedFence=true; globalDraw=0; dynamicHierarchyDraw=0; candidateIndirectDraw=1; visibleEarthOwners=1
[native] Earth focus frame: frame=64; epoch=2; focusedBody=6; cameraTargetBody=6; radius=6371008.799999997; distance=6371043.498905328; altitude=19.563972473; surfaceMode=2; terrainVersion=5; regime=2; roots=0x3F; activePatches=7; distantOwner=0; globalOwner=0; dynamicOwner=0; candidateOwner=1; material=production-billboard; fingerprint=10/0.580000/0.160000/0.000000; center=(681124.375,5550646.5,-3052308.75); orientation=(0.699684024,-0.100386269,-0.102206536,0.699941933); presentationRadius=6371009.000000000; draws=0/0/0/1
[native] Earth Vulkan submission: terrainFrame=64; swapchainImage=0; recordSerial=64; submitSerial=64; presentSerial=64; serializedFence=true; globalDraw=0; dynamicHierarchyDraw=0; candidateIndirectDraw=1; visibleEarthOwners=1
[native] Earth focus frame: frame=65; epoch=2; focusedBody=6; cameraTargetBody=6; radius=6371008.799999997; distance=6371043.498905328; altitude=19.563972473; surfaceMode=2; terrainVersion=5; regime=2; roots=0x3F; activePatches=7; distantOwner=0; globalOwner=0; dynamicOwner=0; candidateOwner=1; material=production-billboard; fingerprint=10/0.580000/0.160000/0.000000; center=(681124.375,5550646.5,-3052308.75); orientation=(0.699684024,-0.100386269,-0.102206536,0.699941933); presentationRadius=6371009.000000000; draws=0/0/0/1
[native] Earth Vulkan submission: terrainFrame=65; swapchainImage=1; recordSerial=65; submitSerial=65; presentSerial=65; serializedFence=true; globalDraw=0; dynamicHierarchyDraw=0; candidateIndirectDraw=1; visibleEarthOwners=1
[native] Earth focus frame: frame=66; epoch=2; focusedBody=6; cameraTargetBody=6; radius=6371008.799999997; distance=6371043.498905328; altitude=19.563972473; surfaceMode=2; terrainVersion=5; regime=2; roots=0x3F; activePatches=7; distantOwner=0; globalOwner=0; dynamicOwner=0; candidateOwner=1; material=production-billboard; fingerprint=10/0.580000/0.160000/0.000000; center=(681124.375,5550646.5,-3052308.75); orientation=(0.699684024,-0.100386269,-0.102206536,0.699941933); presentationRadius=6371009.000000000; draws=0/0/0/1
[native] Earth Vulkan submission: terrainFrame=66; swapchainImage=2; recordSerial=66; submitSerial=66; presentSerial=66; serializedFence=true; globalDraw=0; dynamicHierarchyDraw=0; candidateIndirectDraw=1; visibleEarthOwners=1
[native] Earth focus frame: frame=67; epoch=2; focusedBody=6; cameraTargetBody=6; radius=6371008.799999997; distance=6371043.498905328; altitude=19.563972473; surfaceMode=2; terrainVersion=5; regime=2; roots=0x3F; activePatches=7; distantOwner=0; globalOwner=0; dynamicOwner=0; candidateOwner=1; material=production-billboard; fingerprint=10/0.580000/0.160000/0.000000; center=(681124.375,5550646.5,-3052308.75); orientation=(0.699684024,-0.100386269,-0.102206536,0.699941933); presentationRadius=6371009.000000000; draws=0/0/0/1
[native] Earth Vulkan submission: terrainFrame=67; swapchainImage=0; recordSerial=67; submitSerial=67; presentSerial=67; serializedFence=true; globalDraw=0; dynamicHierarchyDraw=0; candidateIndirectDraw=1; visibleEarthOwners=1
[native] Earth focus frame: frame=68; epoch=2; focusedBody=6; cameraTargetBody=6; radius=6371008.799999997; distance=6371043.498905328; altitude=19.563972473; surfaceMode=2; terrainVersion=5; regime=2; roots=0x3F; activePatches=7; distantOwner=0; globalOwner=0; dynamicOwner=0; candidateOwner=1; material=production-billboard; fingerprint=10/0.580000/0.160000/0.000000; center=(681124.375,5550646.5,-3052308.75); orientation=(0.699684024,-0.100386269,-0.102206536,0.699941933); presentationRadius=6371009.000000000; draws=0/0/0/1
[native] Earth Vulkan submission: terrainFrame=68; swapchainImage=1; recordSerial=68; submitSerial=68; presentSerial=68; serializedFence=true; globalDraw=0; dynamicHierarchyDraw=0; candidateIndirectDraw=1; visibleEarthOwners=1
[native] Earth focus frame: frame=69; epoch=2; focusedBody=6; cameraTargetBody=6; radius=6371008.799999997; distance=6371043.498905328; altitude=19.563972473; surfaceMode=2; terrainVersion=5; regime=2; roots=0x3F; activePatches=7; distantOwner=0; globalOwner=0; dynamicOwner=0; candidateOwner=1; material=production-billboard; fingerprint=10/0.580000/0.160000/0.000000; center=(681124.375,5550646.5,-3052308.75); orientation=(0.699684024,-0.100386269,-0.102206536,0.699941933); presentationRadius=6371009.000000000; draws=0/0/0/1
[native] Earth Vulkan submission: terrainFrame=69; swapchainImage=2; recordSerial=69; submitSerial=69; presentSerial=69; serializedFence=true; globalDraw=0; dynamicHierarchyDraw=0; candidateIndirectDraw=1; visibleEarthOwners=1
[native] Earth focus frame: frame=70; epoch=2; focusedBody=6; cameraTargetBody=6; radius=6371008.799999997; distance=6371043.498905328; altitude=19.563972473; surfaceMode=2; terrainVersion=5; regime=2; roots=0x3F; activePatches=7; distantOwner=0; globalOwner=0; dynamicOwner=0; candidateOwner=1; material=production-billboard; fingerprint=10/0.580000/0.160000/0.000000; center=(681124.375,5550646.5,-3052308.75); orientation=(0.699684024,-0.100386269,-0.102206536,0.699941933); presentationRadius=6371009.000000000; draws=0/0/0/1
[native] Earth Vulkan submission: terrainFrame=70; swapchainImage=0; recordSerial=70; submitSerial=70; presentSerial=70; serializedFence=true; globalDraw=0; dynamicHierarchyDraw=0; candidateIndirectDraw=1; visibleEarthOwners=1
[native] Earth focus frame: frame=71; epoch=2; focusedBody=6; cameraTargetBody=6; radius=6371008.799999997; distance=6371043.498905328; altitude=19.563972473; surfaceMode=2; terrainVersion=5; regime=2; roots=0x3F; activePatches=7; distantOwner=0; globalOwner=0; dynamicOwner=0; candidateOwner=1; material=production-billboard; fingerprint=10/0.580000/0.160000/0.000000; center=(681124.375,5550646.5,-3052308.75); orientation=(0.699684024,-0.100386269,-0.102206536,0.699941933); presentationRadius=6371009.000000000; draws=0/0/0/1
[native] Earth Vulkan submission: terrainFrame=71; swapchainImage=1; recordSerial=71; submitSerial=71; presentSerial=71; serializedFence=true; globalDraw=0; dynamicHierarchyDraw=0; candidateIndirectDraw=1; visibleEarthOwners=1
[native] Earth focus frame: frame=72; epoch=2; focusedBody=6; cameraTargetBody=6; radius=6371008.799999997; distance=6371043.498905328; altitude=19.563972473; surfaceMode=2; terrainVersion=5; regime=2; roots=0x3F; activePatches=7; distantOwner=0; globalOwner=0; dynamicOwner=0; candidateOwner=1; material=production-billboard; fingerprint=10/0.580000/0.160000/0.000000; center=(681124.375,5550646.5,-3052308.75); orientation=(0.699684024,-0.100386269,-0.102206536,0.699941933); presentationRadius=6371009.000000000; draws=0/0/0/1
[native] Earth Vulkan submission: terrainFrame=72; swapchainImage=2; recordSerial=72; submitSerial=72; presentSerial=72; serializedFence=true; globalDraw=0; dynamicHierarchyDraw=0; candidateIndirectDraw=1; visibleEarthOwners=1
[native] Earth focus frame: frame=73; epoch=2; focusedBody=6; cameraTargetBody=6; radius=6371008.799999997; distance=6371043.498905328; altitude=19.563972473; surfaceMode=2; terrainVersion=5; regime=2; roots=0x3F; activePatches=7; distantOwner=0; globalOwner=0; dynamicOwner=0; candidateOwner=1; material=production-billboard; fingerprint=10/0.580000/0.160000/0.000000; center=(681124.375,5550646.5,-3052308.75); orientation=(0.699684024,-0.100386269,-0.102206536,0.699941933); presentationRadius=6371009.000000000; draws=0/0/0/1
[native] Earth Vulkan submission: terrainFrame=73; swapchainImage=0; recordSerial=73; submitSerial=73; presentSerial=73; serializedFence=true; globalDraw=0; dynamicHierarchyDraw=0; candidateIndirectDraw=1; visibleEarthOwners=1
[native] Earth focus frame: frame=74; epoch=2; focusedBody=6; cameraTargetBody=6; radius=6371008.799999997; distance=6371043.498905328; altitude=19.563972473; surfaceMode=2; terrainVersion=5; regime=2; roots=0x3F; activePatches=7; distantOwner=0; globalOwner=0; dynamicOwner=0; candidateOwner=1; material=production-billboard; fingerprint=10/0.580000/0.160000/0.000000; center=(681124.375,5550646.5,-3052308.75); orientation=(0.699684024,-0.100386269,-0.102206536,0.699941933); presentationRadius=6371009.000000000; draws=0/0/0/1
[native] Earth Vulkan submission: terrainFrame=74; swapchainImage=1; recordSerial=74; submitSerial=74; presentSerial=74; serializedFence=true; globalDraw=0; dynamicHierarchyDraw=0; candidateIndirectDraw=1; visibleEarthOwners=1
[native] Earth focus frame: frame=75; epoch=2; focusedBody=6; cameraTargetBody=6; radius=6371008.799999997; distance=6371043.498905328; altitude=19.563972473; surfaceMode=2; terrainVersion=5; regime=2; roots=0x3F; activePatches=7; distantOwner=0; globalOwner=0; dynamicOwner=0; candidateOwner=1; material=production-billboard; fingerprint=10/0.580000/0.160000/0.000000; center=(681124.375,5550646.5,-3052308.75); orientation=(0.699684024,-0.100386269,-0.102206536,0.699941933); presentationRadius=6371009.000000000; draws=0/0/0/1
[native] Earth Vulkan submission: terrainFrame=75; swapchainImage=2; recordSerial=75; submitSerial=75; presentSerial=75; serializedFence=true; globalDraw=0; dynamicHierarchyDraw=0; candidateIndirectDraw=1; visibleEarthOwners=1
[native] Earth focus frame: frame=76; epoch=2; focusedBody=6; cameraTargetBody=6; radius=6371008.799999997; distance=6371043.498905328; altitude=19.563972473; surfaceMode=2; terrainVersion=5; regime=2; roots=0x3F; activePatches=7; distantOwner=0; globalOwner=0; dynamicOwner=0; candidateOwner=1; material=production-billboard; fingerprint=10/0.580000/0.160000/0.000000; center=(681124.375,5550646.5,-3052308.75); orientation=(0.699684024,-0.100386269,-0.102206536,0.699941933); presentationRadius=6371009.000000000; draws=0/0/0/1
[native] Earth Vulkan submission: terrainFrame=76; swapchainImage=0; recordSerial=76; submitSerial=76; presentSerial=76; serializedFence=true; globalDraw=0; dynamicHierarchyDraw=0; candidateIndirectDraw=1; visibleEarthOwners=1
[native] Earth focus frame: frame=77; epoch=2; focusedBody=6; cameraTargetBody=6; radius=6371008.799999997; distance=6371043.498905328; altitude=19.563972473; surfaceMode=2; terrainVersion=5; regime=2; roots=0x3F; activePatches=7; distantOwner=0; globalOwner=0; dynamicOwner=0; candidateOwner=1; material=production-billboard; fingerprint=10/0.580000/0.160000/0.000000; center=(681124.375,5550646.5,-3052308.75); orientation=(0.699684024,-0.100386269,-0.102206536,0.699941933); presentationRadius=6371009.000000000; draws=0/0/0/1
[native] Earth Vulkan submission: terrainFrame=77; swapchainImage=1; recordSerial=77; submitSerial=77; presentSerial=77; serializedFence=true; globalDraw=0; dynamicHierarchyDraw=0; candidateIndirectDraw=1; visibleEarthOwners=1
[native] Earth focus frame: frame=78; epoch=2; focusedBody=6; cameraTargetBody=6; radius=6371008.799999997; distance=6371043.498905328; altitude=19.563972473; surfaceMode=2; terrainVersion=5; regime=2; roots=0x3F; activePatches=7; distantOwner=0; globalOwner=0; dynamicOwner=0; candidateOwner=1; material=production-billboard; fingerprint=10/0.580000/0.160000/0.000000; center=(681124.375,5550646.5,-3052308.75); orientation=(0.699684024,-0.100386269,-0.102206536,0.699941933); presentationRadius=6371009.000000000; draws=0/0/0/1
[native] Earth Vulkan submission: terrainFrame=78; swapchainImage=2; recordSerial=78; submitSerial=78; presentSerial=78; serializedFence=true; globalDraw=0; dynamicHierarchyDraw=0; candidateIndirectDraw=1; visibleEarthOwners=1
[native] Earth focus frame: frame=79; epoch=2; focusedBody=6; cameraTargetBody=6; radius=6371008.799999997; distance=6371043.498905328; altitude=19.563972473; surfaceMode=2; terrainVersion=5; regime=2; roots=0x3F; activePatches=7; distantOwner=0; globalOwner=0; dynamicOwner=0; candidateOwner=1; material=production-billboard; fingerprint=10/0.580000/0.160000/0.000000; center=(681124.375,5550646.5,-3052308.75); orientation=(0.699684024,-0.100386269,-0.102206536,0.699941933); presentationRadius=6371009.000000000; draws=0/0/0/1
[native] Earth Vulkan submission: terrainFrame=79; swapchainImage=0; recordSerial=79; submitSerial=79; presentSerial=79; serializedFence=true; globalDraw=0; dynamicHierarchyDraw=0; candidateIndirectDraw=1; visibleEarthOwners=1
[native] Earth focus frame: frame=80; epoch=2; focusedBody=6; cameraTargetBody=6; radius=6371008.799999997; distance=6371043.498905328; altitude=19.563972473; surfaceMode=2; terrainVersion=5; regime=2; roots=0x3F; activePatches=7; distantOwner=0; globalOwner=0; dynamicOwner=0; candidateOwner=1; material=production-billboard; fingerprint=10/0.580000/0.160000/0.000000; center=(681124.375,5550646.5,-3052308.75); orientation=(0.699684024,-0.100386269,-0.102206536,0.699941933); presentationRadius=6371009.000000000; draws=0/0/0/1
[native] Earth Vulkan submission: terrainFrame=80; swapchainImage=1; recordSerial=80; submitSerial=80; presentSerial=80; serializedFence=true; globalDraw=0; dynamicHierarchyDraw=0; candidateIndirectDraw=1; visibleEarthOwners=1
[native] Earth focus frame: frame=81; epoch=2; focusedBody=6; cameraTargetBody=6; radius=6371008.799999997; distance=6371043.498905328; altitude=19.563972473; surfaceMode=2; terrainVersion=5; regime=2; roots=0x3F; activePatches=7; distantOwner=0; globalOwner=0; dynamicOwner=0; candidateOwner=1; material=production-billboard; fingerprint=10/0.580000/0.160000/0.000000; center=(681124.375,5550646.5,-3052308.75); orientation=(0.699684024,-0.100386269,-0.102206536,0.699941933); presentationRadius=6371009.000000000; draws=0/0/0/1
[native] Earth Vulkan submission: terrainFrame=81; swapchainImage=2; recordSerial=81; submitSerial=81; presentSerial=81; serializedFence=true; globalDraw=0; dynamicHierarchyDraw=0; candidateIndirectDraw=1; visibleEarthOwners=1
[native] Earth focus frame: frame=82; epoch=2; focusedBody=6; cameraTargetBody=6; radius=6371008.799999997; distance=6371043.498905328; altitude=19.563972473; surfaceMode=2; terrainVersion=5; regime=2; roots=0x3F; activePatches=7; distantOwner=0; globalOwner=0; dynamicOwner=0; candidateOwner=1; material=production-billboard; fingerprint=10/0.580000/0.160000/0.000000; center=(681124.375,5550646.5,-3052308.75); orientation=(0.699684024,-0.100386269,-0.102206536,0.699941933); presentationRadius=6371009.000000000; draws=0/0/0/1
[native] Earth Vulkan submission: terrainFrame=82; swapchainImage=0; recordSerial=82; submitSerial=82; presentSerial=82; serializedFence=true; globalDraw=0; dynamicHierarchyDraw=0; candidateIndirectDraw=1; visibleEarthOwners=1
[native] Earth focus frame: frame=83; epoch=2; focusedBody=6; cameraTargetBody=6; radius=6371008.799999997; distance=6371043.498905328; altitude=19.563972473; surfaceMode=2; terrainVersion=5; regime=2; roots=0x3F; activePatches=7; distantOwner=0; globalOwner=0; dynamicOwner=0; candidateOwner=1; material=production-billboard; fingerprint=10/0.580000/0.160000/0.000000; center=(681124.375,5550646.5,-3052308.75); orientation=(0.699684024,-0.100386269,-0.102206536,0.699941933); presentationRadius=6371009.000000000; draws=0/0/0/1
[native] Earth Vulkan submission: terrainFrame=83; swapchainImage=1; recordSerial=83; submitSerial=83; presentSerial=83; serializedFence=true; globalDraw=0; dynamicHierarchyDraw=0; candidateIndirectDraw=1; visibleEarthOwners=1
[native] Earth focus frame: frame=84; epoch=2; focusedBody=6; cameraTargetBody=6; radius=6371008.799999997; distance=6371043.498905328; altitude=19.563972473; surfaceMode=2; terrainVersion=5; regime=2; roots=0x3F; activePatches=7; distantOwner=0; globalOwner=0; dynamicOwner=0; candidateOwner=1; material=production-billboard; fingerprint=10/0.580000/0.160000/0.000000; center=(681124.375,5550646.5,-3052308.75); orientation=(0.699684024,-0.100386269,-0.102206536,0.699941933); presentationRadius=6371009.000000000; draws=0/0/0/1
[native] Earth Vulkan submission: terrainFrame=84; swapchainImage=2; recordSerial=84; submitSerial=84; presentSerial=84; serializedFence=true; globalDraw=0; dynamicHierarchyDraw=0; candidateIndirectDraw=1; visibleEarthOwners=1
[native] Earth focus frame: frame=85; epoch=2; focusedBody=6; cameraTargetBody=6; radius=6371008.799999997; distance=6371043.498905328; altitude=19.563972473; surfaceMode=2; terrainVersion=5; regime=2; roots=0x3F; activePatches=7; distantOwner=0; globalOwner=0; dynamicOwner=0; candidateOwner=1; material=production-billboard; fingerprint=10/0.580000/0.160000/0.000000; center=(681124.375,5550646.5,-3052308.75); orientation=(0.699684024,-0.100386269,-0.102206536,0.699941933); presentationRadius=6371009.000000000; draws=0/0/0/1
[native] Earth Vulkan submission: terrainFrame=85; swapchainImage=0; recordSerial=85; submitSerial=85; presentSerial=85; serializedFence=true; globalDraw=0; dynamicHierarchyDraw=0; candidateIndirectDraw=1; visibleEarthOwners=1
[native] Earth focus frame: frame=86; epoch=2; focusedBody=6; cameraTargetBody=6; radius=6371008.799999997; distance=6371043.498905328; altitude=19.563972473; surfaceMode=2; terrainVersion=5; regime=2; roots=0x3F; activePatches=7; distantOwner=0; globalOwner=0; dynamicOwner=0; candidateOwner=1; material=production-billboard; fingerprint=10/0.580000/0.160000/0.000000; center=(681124.375,5550646.5,-3052308.75); orientation=(0.699684024,-0.100386269,-0.102206536,0.699941933); presentationRadius=6371009.000000000; draws=0/0/0/1
[native] Earth Vulkan submission: terrainFrame=86; swapchainImage=1; recordSerial=86; submitSerial=86; presentSerial=86; serializedFence=true; globalDraw=0; dynamicHierarchyDraw=0; candidateIndirectDraw=1; visibleEarthOwners=1
[native] Earth focus frame: frame=87; epoch=2; focusedBody=6; cameraTargetBody=6; radius=6371008.799999997; distance=6371043.498905328; altitude=19.563972473; surfaceMode=2; terrainVersion=5; regime=2; roots=0x3F; activePatches=7; distantOwner=0; globalOwner=0; dynamicOwner=0; candidateOwner=1; material=production-billboard; fingerprint=10/0.580000/0.160000/0.000000; center=(681124.375,5550646.5,-3052308.75); orientation=(0.699684024,-0.100386269,-0.102206536,0.699941933); presentationRadius=6371009.000000000; draws=0/0/0/1
[native] Earth Vulkan submission: terrainFrame=87; swapchainImage=2; recordSerial=87; submitSerial=87; presentSerial=87; serializedFence=true; globalDraw=0; dynamicHierarchyDraw=0; candidateIndirectDraw=1; visibleEarthOwners=1
[native] Earth focus frame: frame=88; epoch=2; focusedBody=6; cameraTargetBody=6; radius=6371008.799999997; distance=6371043.498905328; altitude=19.563972473; surfaceMode=2; terrainVersion=5; regime=2; roots=0x3F; activePatches=7; distantOwner=0; globalOwner=0; dynamicOwner=0; candidateOwner=1; material=production-billboard; fingerprint=10/0.580000/0.160000/0.000000; center=(681124.375,5550646.5,-3052308.75); orientation=(0.699684024,-0.100386269,-0.102206536,0.699941933); presentationRadius=6371009.000000000; draws=0/0/0/1
[native] Earth Vulkan submission: terrainFrame=88; swapchainImage=0; recordSerial=88; submitSerial=88; presentSerial=88; serializedFence=true; globalDraw=0; dynamicHierarchyDraw=0; candidateIndirectDraw=1; visibleEarthOwners=1
[native] Earth focus frame: frame=89; epoch=2; focusedBody=6; cameraTargetBody=6; radius=6371008.799999997; distance=6371043.498905328; altitude=19.563972473; surfaceMode=2; terrainVersion=5; regime=2; roots=0x3F; activePatches=7; distantOwner=0; globalOwner=0; dynamicOwner=0; candidateOwner=1; material=production-billboard; fingerprint=10/0.580000/0.160000/0.000000; center=(681124.375,5550646.5,-3052308.75); orientation=(0.699684024,-0.100386269,-0.102206536,0.699941933); presentationRadius=6371009.000000000; draws=0/0/0/1
[native] Earth Vulkan submission: terrainFrame=89; swapchainImage=1; recordSerial=89; submitSerial=89; presentSerial=89; serializedFence=true; globalDraw=0; dynamicHierarchyDraw=0; candidateIndirectDraw=1; visibleEarthOwners=1
[native] Earth focus frame: frame=90; epoch=2; focusedBody=6; cameraTargetBody=6; radius=6371008.799999997; distance=6371043.498905328; altitude=19.563972473; surfaceMode=2; terrainVersion=5; regime=2; roots=0x3F; activePatches=7; distantOwner=0; globalOwner=0; dynamicOwner=0; candidateOwner=1; material=production-billboard; fingerprint=10/0.580000/0.160000/0.000000; center=(681124.375,5550646.5,-3052308.75); orientation=(0.699684024,-0.100386269,-0.102206536,0.699941933); presentationRadius=6371009.000000000; draws=0/0/0/1
[native] Earth Vulkan submission: terrainFrame=90; swapchainImage=2; recordSerial=90; submitSerial=90; presentSerial=90; serializedFence=true; globalDraw=0; dynamicHierarchyDraw=0; candidateIndirectDraw=1; visibleEarthOwners=1
[native] Earth focus frame: frame=91; epoch=2; focusedBody=6; cameraTargetBody=6; radius=6371008.799999997; distance=6371043.498905328; altitude=19.563972473; surfaceMode=2; terrainVersion=5; regime=2; roots=0x3F; activePatches=7; distantOwner=0; globalOwner=0; dynamicOwner=0; candidateOwner=1; material=production-billboard; fingerprint=10/0.580000/0.160000/0.000000; center=(681124.375,5550646.5,-3052308.75); orientation=(0.699684024,-0.100386269,-0.102206536,0.699941933); presentationRadius=6371009.000000000; draws=0/0/0/1
[native] Earth Vulkan submission: terrainFrame=91; swapchainImage=0; recordSerial=91; submitSerial=91; presentSerial=91; serializedFence=true; globalDraw=0; dynamicHierarchyDraw=0; candidateIndirectDraw=1; visibleEarthOwners=1
[native] Earth focus frame: frame=92; epoch=2; focusedBody=6; cameraTargetBody=6; radius=6371008.799999997; distance=6371043.498905328; altitude=19.563972473; surfaceMode=2; terrainVersion=5; regime=2; roots=0x3F; activePatches=7; distantOwner=0; globalOwner=0; dynamicOwner=0; candidateOwner=1; material=production-billboard; fingerprint=10/0.580000/0.160000/0.000000; center=(681124.375,5550646.5,-3052308.75); orientation=(0.699684024,-0.100386269,-0.102206536,0.699941933); presentationRadius=6371009.000000000; draws=0/0/0/1
[native] Earth Vulkan submission: terrainFrame=92; swapchainImage=1; recordSerial=92; submitSerial=92; presentSerial=92; serializedFence=true; globalDraw=0; dynamicHierarchyDraw=0; candidateIndirectDraw=1; visibleEarthOwners=1
[native] Earth focus frame: frame=93; epoch=2; focusedBody=6; cameraTargetBody=6; radius=6371008.799999997; distance=6371043.498905328; altitude=19.563972473; surfaceMode=2; terrainVersion=5; regime=2; roots=0x3F; activePatches=7; distantOwner=0; globalOwner=0; dynamicOwner=0; candidateOwner=1; material=production-billboard; fingerprint=10/0.580000/0.160000/0.000000; center=(681124.375,5550646.5,-3052308.75); orientation=(0.699684024,-0.100386269,-0.102206536,0.699941933); presentationRadius=6371009.000000000; draws=0/0/0/1
[native] Earth Vulkan submission: terrainFrame=93; swapchainImage=2; recordSerial=93; submitSerial=93; presentSerial=93; serializedFence=true; globalDraw=0; dynamicHierarchyDraw=0; candidateIndirectDraw=1; visibleEarthOwners=1
[native] Earth focus frame: frame=94; epoch=2; focusedBody=6; cameraTargetBody=6; radius=6371008.799999997; distance=6371043.498905328; altitude=19.563972473; surfaceMode=2; terrainVersion=5; regime=2; roots=0x3F; activePatches=7; distantOwner=0; globalOwner=0; dynamicOwner=0; candidateOwner=1; material=production-billboard; fingerprint=10/0.580000/0.160000/0.000000; center=(681124.375,5550646.5,-3052308.75); orientation=(0.699684024,-0.100386269,-0.102206536,0.699941933); presentationRadius=6371009.000000000; draws=0/0/0/1
[native] Earth Vulkan submission: terrainFrame=94; swapchainImage=0; recordSerial=94; submitSerial=94; presentSerial=94; serializedFence=true; globalDraw=0; dynamicHierarchyDraw=0; candidateIndirectDraw=1; visibleEarthOwners=1
[native] Earth focus frame: frame=95; epoch=2; focusedBody=6; cameraTargetBody=6; radius=6371008.799999997; distance=6371043.498905328; altitude=19.563972473; surfaceMode=2; terrainVersion=5; regime=2; roots=0x3F; activePatches=7; distantOwner=0; globalOwner=0; dynamicOwner=0; candidateOwner=1; material=production-billboard; fingerprint=10/0.580000/0.160000/0.000000; center=(681124.375,5550646.5,-3052308.75); orientation=(0.699684024,-0.100386269,-0.102206536,0.699941933); presentationRadius=6371009.000000000; draws=0/0/0/1
[native] Earth Vulkan submission: terrainFrame=95; swapchainImage=1; recordSerial=95; submitSerial=95; presentSerial=95; serializedFence=true; globalDraw=0; dynamicHierarchyDraw=0; candidateIndirectDraw=1; visibleEarthOwners=1
[native] Earth focus frame: frame=96; epoch=2; focusedBody=6; cameraTargetBody=6; radius=6371008.799999997; distance=6371043.498905328; altitude=19.563972473; surfaceMode=2; terrainVersion=5; regime=2; roots=0x3F; activePatches=7; distantOwner=0; globalOwner=0; dynamicOwner=0; candidateOwner=1; material=production-billboard; fingerprint=10/0.580000/0.160000/0.000000; center=(681124.375,5550646.5,-3052308.75); orientation=(0.699684024,-0.100386269,-0.102206536,0.699941933); presentationRadius=6371009.000000000; draws=0/0/0/1
[native] Earth Vulkan submission: terrainFrame=96; swapchainImage=2; recordSerial=96; submitSerial=96; presentSerial=96; serializedFence=true; globalDraw=0; dynamicHierarchyDraw=0; candidateIndirectDraw=1; visibleEarthOwners=1
[native] Earth focus frame: frame=97; epoch=2; focusedBody=6; cameraTargetBody=6; radius=6371008.799999997; distance=6371043.498905328; altitude=19.563972473; surfaceMode=2; terrainVersion=5; regime=2; roots=0x3F; activePatches=7; distantOwner=0; globalOwner=0; dynamicOwner=0; candidateOwner=1; material=production-billboard; fingerprint=10/0.580000/0.160000/0.000000; center=(681124.375,5550646.5,-3052308.75); orientation=(0.699684024,-0.100386269,-0.102206536,0.699941933); presentationRadius=6371009.000000000; draws=0/0/0/1
[native] Earth Vulkan submission: terrainFrame=97; swapchainImage=0; recordSerial=97; submitSerial=97; presentSerial=97; serializedFence=true; globalDraw=0; dynamicHierarchyDraw=0; candidateIndirectDraw=1; visibleEarthOwners=1
[native] Earth focus frame: frame=98; epoch=2; focusedBody=6; cameraTargetBody=6; radius=6371008.799999997; distance=6371043.498905328; altitude=19.563972473; surfaceMode=2; terrainVersion=5; regime=2; roots=0x3F; activePatches=7; distantOwner=0; globalOwner=0; dynamicOwner=0; candidateOwner=1; material=production-billboard; fingerprint=10/0.580000/0.160000/0.000000; center=(681124.375,5550646.5,-3052308.75); orientation=(0.699684024,-0.100386269,-0.102206536,0.699941933); presentationRadius=6371009.000000000; draws=0/0/0/1
[native] Earth Vulkan submission: terrainFrame=98; swapchainImage=1; recordSerial=98; submitSerial=98; presentSerial=98; serializedFence=true; globalDraw=0; dynamicHierarchyDraw=0; candidateIndirectDraw=1; visibleEarthOwners=1
[native] Earth focus frame: frame=99; epoch=2; focusedBody=6; cameraTargetBody=6; radius=6371008.799999997; distance=6371043.498905328; altitude=19.563972473; surfaceMode=2; terrainVersion=5; regime=2; roots=0x3F; activePatches=7; distantOwner=0; globalOwner=0; dynamicOwner=0; candidateOwner=1; material=production-billboard; fingerprint=10/0.580000/0.160000/0.000000; center=(681124.375,5550646.5,-3052308.75); orientation=(0.699684024,-0.100386269,-0.102206536,0.699941933); presentationRadius=6371009.000000000; draws=0/0/0/1
[native] Earth Vulkan submission: terrainFrame=99; swapchainImage=2; recordSerial=99; submitSerial=99; presentSerial=99; serializedFence=true; globalDraw=0; dynamicHierarchyDraw=0; candidateIndirectDraw=1; visibleEarthOwners=1
[native] Earth focus frame: frame=100; epoch=2; focusedBody=6; cameraTargetBody=6; radius=6371008.799999997; distance=6371043.498905328; altitude=19.563972473; surfaceMode=2; terrainVersion=5; regime=2; roots=0x3F; activePatches=7; distantOwner=0; globalOwner=0; dynamicOwner=0; candidateOwner=1; material=production-billboard; fingerprint=10/0.580000/0.160000/0.000000; center=(681124.375,5550646.5,-3052308.75); orientation=(0.699684024,-0.100386269,-0.102206536,0.699941933); presentationRadius=6371009.000000000; draws=0/0/0/1
[native] Earth Vulkan submission: terrainFrame=100; swapchainImage=0; recordSerial=100; submitSerial=100; presentSerial=100; serializedFence=true; globalDraw=0; dynamicHierarchyDraw=0; candidateIndirectDraw=1; visibleEarthOwners=1
[native] Earth focus frame: frame=101; epoch=2; focusedBody=6; cameraTargetBody=6; radius=6371008.799999997; distance=6371043.498905328; altitude=19.563972473; surfaceMode=2; terrainVersion=5; regime=2; roots=0x3F; activePatches=7; distantOwner=0; globalOwner=0; dynamicOwner=0; candidateOwner=1; material=production-billboard; fingerprint=10/0.580000/0.160000/0.000000; center=(681124.375,5550646.5,-3052308.75); orientation=(0.699684024,-0.100386269,-0.102206536,0.699941933); presentationRadius=6371009.000000000; draws=0/0/0/1
[native] Earth Vulkan submission: terrainFrame=101; swapchainImage=1; recordSerial=101; submitSerial=101; presentSerial=101; serializedFence=true; globalDraw=0; dynamicHierarchyDraw=0; candidateIndirectDraw=1; visibleEarthOwners=1
[native] Earth focus frame: frame=102; epoch=2; focusedBody=6; cameraTargetBody=6; radius=6371008.799999997; distance=6371043.498905328; altitude=19.563972473; surfaceMode=2; terrainVersion=5; regime=2; roots=0x3F; activePatches=7; distantOwner=0; globalOwner=0; dynamicOwner=0; candidateOwner=1; material=production-billboard; fingerprint=10/0.580000/0.160000/0.000000; center=(681124.375,5550646.5,-3052308.75); orientation=(0.699684024,-0.100386269,-0.102206536,0.699941933); presentationRadius=6371009.000000000; draws=0/0/0/1
[native] Earth Vulkan submission: terrainFrame=102; swapchainImage=2; recordSerial=102; submitSerial=102; presentSerial=102; serializedFence=true; globalDraw=0; dynamicHierarchyDraw=0; candidateIndirectDraw=1; visibleEarthOwners=1
[native] Earth focus frame: frame=103; epoch=2; focusedBody=6; cameraTargetBody=6; radius=6371008.799999997; distance=6371043.498905328; altitude=19.563972473; surfaceMode=2; terrainVersion=5; regime=2; roots=0x3F; activePatches=7; distantOwner=0; globalOwner=0; dynamicOwner=0; candidateOwner=1; material=production-billboard; fingerprint=10/0.580000/0.160000/0.000000; center=(681124.375,5550646.5,-3052308.75); orientation=(0.699684024,-0.100386269,-0.102206536,0.699941933); presentationRadius=6371009.000000000; draws=0/0/0/1
[native] Earth Vulkan submission: terrainFrame=103; swapchainImage=0; recordSerial=103; submitSerial=103; presentSerial=103; serializedFence=true; globalDraw=0; dynamicHierarchyDraw=0; candidateIndirectDraw=1; visibleEarthOwners=1
[native] Earth focus frame: frame=104; epoch=2; focusedBody=6; cameraTargetBody=6; radius=6371008.799999997; distance=6371043.498905328; altitude=19.563972473; surfaceMode=2; terrainVersion=5; regime=2; roots=0x3F; activePatches=7; distantOwner=0; globalOwner=0; dynamicOwner=0; candidateOwner=1; material=production-billboard; fingerprint=10/0.580000/0.160000/0.000000; center=(681124.375,5550646.5,-3052308.75); orientation=(0.699684024,-0.100386269,-0.102206536,0.699941933); presentationRadius=6371009.000000000; draws=0/0/0/1
[native] Earth Vulkan submission: terrainFrame=104; swapchainImage=1; recordSerial=104; submitSerial=104; presentSerial=104; serializedFence=true; globalDraw=0; dynamicHierarchyDraw=0; candidateIndirectDraw=1; visibleEarthOwners=1
[native] Earth focus frame: frame=105; epoch=2; focusedBody=6; cameraTargetBody=6; radius=6371008.799999997; distance=6371043.498905328; altitude=19.563972473; surfaceMode=2; terrainVersion=5; regime=2; roots=0x3F; activePatches=7; distantOwner=0; globalOwner=0; dynamicOwner=0; candidateOwner=1; material=production-billboard; fingerprint=10/0.580000/0.160000/0.000000; center=(681124.375,5550646.5,-3052308.75); orientation=(0.699684024,-0.100386269,-0.102206536,0.699941933); presentationRadius=6371009.000000000; draws=0/0/0/1
[native] Earth Vulkan submission: terrainFrame=105; swapchainImage=2; recordSerial=105; submitSerial=105; presentSerial=105; serializedFence=true; globalDraw=0; dynamicHierarchyDraw=0; candidateIndirectDraw=1; visibleEarthOwners=1
[native] Earth focus frame: frame=106; epoch=2; focusedBody=6; cameraTargetBody=6; radius=6371008.799999997; distance=6371043.498905328; altitude=19.563972473; surfaceMode=2; terrainVersion=5; regime=2; roots=0x3F; activePatches=7; distantOwner=0; globalOwner=0; dynamicOwner=0; candidateOwner=1; material=production-billboard; fingerprint=10/0.580000/0.160000/0.000000; center=(681124.375,5550646.5,-3052308.75); orientation=(0.699684024,-0.100386269,-0.102206536,0.699941933); presentationRadius=6371009.000000000; draws=0/0/0/1
[native] Earth Vulkan submission: terrainFrame=106; swapchainImage=0; recordSerial=106; submitSerial=106; presentSerial=106; serializedFence=true; globalDraw=0; dynamicHierarchyDraw=0; candidateIndirectDraw=1; visibleEarthOwners=1
[native] Earth focus frame: frame=107; epoch=2; focusedBody=6; cameraTargetBody=6; radius=6371008.799999997; distance=6371043.498905328; altitude=19.563972473; surfaceMode=2; terrainVersion=5; regime=2; roots=0x3F; activePatches=7; distantOwner=0; globalOwner=0; dynamicOwner=0; candidateOwner=1; material=production-billboard; fingerprint=10/0.580000/0.160000/0.000000; center=(681124.375,5550646.5,-3052308.75); orientation=(0.699684024,-0.100386269,-0.102206536,0.699941933); presentationRadius=6371009.000000000; draws=0/0/0/1
[native] Earth Vulkan submission: terrainFrame=107; swapchainImage=1; recordSerial=107; submitSerial=107; presentSerial=107; serializedFence=true; globalDraw=0; dynamicHierarchyDraw=0; candidateIndirectDraw=1; visibleEarthOwners=1
[native] Earth focus frame: frame=108; epoch=2; focusedBody=6; cameraTargetBody=6; radius=6371008.799999997; distance=6371043.498905328; altitude=19.563972473; surfaceMode=2; terrainVersion=5; regime=2; roots=0x3F; activePatches=7; distantOwner=0; globalOwner=0; dynamicOwner=0; candidateOwner=1; material=production-billboard; fingerprint=10/0.580000/0.160000/0.000000; center=(681124.375,5550646.5,-3052308.75); orientation=(0.699684024,-0.100386269,-0.102206536,0.699941933); presentationRadius=6371009.000000000; draws=0/0/0/1
[native] Earth Vulkan submission: terrainFrame=108; swapchainImage=2; recordSerial=108; submitSerial=108; presentSerial=108; serializedFence=true; globalDraw=0; dynamicHierarchyDraw=0; candidateIndirectDraw=1; visibleEarthOwners=1
[native] Earth focus frame: frame=109; epoch=2; focusedBody=6; cameraTargetBody=6; radius=6371008.799999997; distance=6371043.498905328; altitude=19.563972473; surfaceMode=2; terrainVersion=5; regime=2; roots=0x3F; activePatches=7; distantOwner=0; globalOwner=0; dynamicOwner=0; candidateOwner=1; material=production-billboard; fingerprint=10/0.580000/0.160000/0.000000; center=(681124.375,5550646.5,-3052308.75); orientation=(0.699684024,-0.100386269,-0.102206536,0.699941933); presentationRadius=6371009.000000000; draws=0/0/0/1
[native] Earth Vulkan submission: terrainFrame=109; swapchainImage=0; recordSerial=109; submitSerial=109; presentSerial=109; serializedFence=true; globalDraw=0; dynamicHierarchyDraw=0; candidateIndirectDraw=1; visibleEarthOwners=1
[native] Earth focus frame: frame=110; epoch=2; focusedBody=6; cameraTargetBody=6; radius=6371008.799999997; distance=6371043.498905328; altitude=19.563972473; surfaceMode=2; terrainVersion=5; regime=2; roots=0x3F; activePatches=7; distantOwner=0; globalOwner=0; dynamicOwner=0; candidateOwner=1; material=production-billboard; fingerprint=10/0.580000/0.160000/0.000000; center=(681124.375,5550646.5,-3052308.75); orientation=(0.699684024,-0.100386269,-0.102206536,0.699941933); presentationRadius=6371009.000000000; draws=0/0/0/1
[native] Earth Vulkan submission: terrainFrame=110; swapchainImage=1; recordSerial=110; submitSerial=110; presentSerial=110; serializedFence=true; globalDraw=0; dynamicHierarchyDraw=0; candidateIndirectDraw=1; visibleEarthOwners=1
[native] Earth focus frame: frame=111; epoch=2; focusedBody=6; cameraTargetBody=6; radius=6371008.799999997; distance=6371043.498905328; altitude=19.563972473; surfaceMode=2; terrainVersion=5; regime=2; roots=0x3F; activePatches=7; distantOwner=0; globalOwner=0; dynamicOwner=0; candidateOwner=1; material=production-billboard; fingerprint=10/0.580000/0.160000/0.000000; center=(681124.375,5550646.5,-3052308.75); orientation=(0.699684024,-0.100386269,-0.102206536,0.699941933); presentationRadius=6371009.000000000; draws=0/0/0/1
[native] Earth Vulkan submission: terrainFrame=111; swapchainImage=2; recordSerial=111; submitSerial=111; presentSerial=111; serializedFence=true; globalDraw=0; dynamicHierarchyDraw=0; candidateIndirectDraw=1; visibleEarthOwners=1
[native] Earth focus frame: frame=112; epoch=2; focusedBody=6; cameraTargetBody=6; radius=6371008.799999997; distance=6371043.498905328; altitude=19.563972473; surfaceMode=2; terrainVersion=5; regime=2; roots=0x3F; activePatches=7; distantOwner=0; globalOwner=0; dynamicOwner=0; candidateOwner=1; material=production-billboard; fingerprint=10/0.580000/0.160000/0.000000; center=(681124.375,5550646.5,-3052308.75); orientation=(0.699684024,-0.100386269,-0.102206536,0.699941933); presentationRadius=6371009.000000000; draws=0/0/0/1
[native] Earth Vulkan submission: terrainFrame=112; swapchainImage=0; recordSerial=112; submitSerial=112; presentSerial=112; serializedFence=true; globalDraw=0; dynamicHierarchyDraw=0; candidateIndirectDraw=1; visibleEarthOwners=1
[native] Earth focus frame: frame=113; epoch=2; focusedBody=6; cameraTargetBody=6; radius=6371008.799999997; distance=6371043.498905328; altitude=19.563972473; surfaceMode=2; terrainVersion=5; regime=2; roots=0x3F; activePatches=7; distantOwner=0; globalOwner=0; dynamicOwner=0; candidateOwner=1; material=production-billboard; fingerprint=10/0.580000/0.160000/0.000000; center=(681124.375,5550646.5,-3052308.75); orientation=(0.699684024,-0.100386269,-0.102206536,0.699941933); presentationRadius=6371009.000000000; draws=0/0/0/1
[native] Earth Vulkan submission: terrainFrame=113; swapchainImage=1; recordSerial=113; submitSerial=113; presentSerial=113; serializedFence=true; globalDraw=0; dynamicHierarchyDraw=0; candidateIndirectDraw=1; visibleEarthOwners=1
[native] Earth focus frame: frame=114; epoch=2; focusedBody=6; cameraTargetBody=6; radius=6371008.799999997; distance=6371043.498905328; altitude=19.563972473; surfaceMode=2; terrainVersion=5; regime=2; roots=0x3F; activePatches=7; distantOwner=0; globalOwner=0; dynamicOwner=0; candidateOwner=1; material=production-billboard; fingerprint=10/0.580000/0.160000/0.000000; center=(681124.375,5550646.5,-3052308.75); orientation=(0.699684024,-0.100386269,-0.102206536,0.699941933); presentationRadius=6371009.000000000; draws=0/0/0/1
[native] Earth Vulkan submission: terrainFrame=114; swapchainImage=2; recordSerial=114; submitSerial=114; presentSerial=114; serializedFence=true; globalDraw=0; dynamicHierarchyDraw=0; candidateIndirectDraw=1; visibleEarthOwners=1
[native] Earth focus frame: frame=115; epoch=2; focusedBody=6; cameraTargetBody=6; radius=6371008.799999997; distance=6371043.498905328; altitude=19.563972473; surfaceMode=2; terrainVersion=5; regime=2; roots=0x3F; activePatches=7; distantOwner=0; globalOwner=0; dynamicOwner=0; candidateOwner=1; material=production-billboard; fingerprint=10/0.580000/0.160000/0.000000; center=(681124.375,5550646.5,-3052308.75); orientation=(0.699684024,-0.100386269,-0.102206536,0.699941933); presentationRadius=6371009.000000000; draws=0/0/0/1
[native] Earth Vulkan submission: terrainFrame=115; swapchainImage=0; recordSerial=115; submitSerial=115; presentSerial=115; serializedFence=true; globalDraw=0; dynamicHierarchyDraw=0; candidateIndirectDraw=1; visibleEarthOwners=1
[native] Earth focus frame: frame=116; epoch=2; focusedBody=6; cameraTargetBody=6; radius=6371008.799999997; distance=6371043.498905328; altitude=19.563972473; surfaceMode=2; terrainVersion=5; regime=2; roots=0x3F; activePatches=7; distantOwner=0; globalOwner=0; dynamicOwner=0; candidateOwner=1; material=production-billboard; fingerprint=10/0.580000/0.160000/0.000000; center=(681124.375,5550646.5,-3052308.75); orientation=(0.699684024,-0.100386269,-0.102206536,0.699941933); presentationRadius=6371009.000000000; draws=0/0/0/1
[native] Earth Vulkan submission: terrainFrame=116; swapchainImage=1; recordSerial=116; submitSerial=116; presentSerial=116; serializedFence=true; globalDraw=0; dynamicHierarchyDraw=0; candidateIndirectDraw=1; visibleEarthOwners=1
[native] Earth focus frame: frame=117; epoch=2; focusedBody=6; cameraTargetBody=6; radius=6371008.799999997; distance=6371043.498905328; altitude=19.563972473; surfaceMode=2; terrainVersion=5; regime=2; roots=0x3F; activePatches=7; distantOwner=0; globalOwner=0; dynamicOwner=0; candidateOwner=1; material=production-billboard; fingerprint=10/0.580000/0.160000/0.000000; center=(681124.375,5550646.5,-3052308.75); orientation=(0.699684024,-0.100386269,-0.102206536,0.699941933); presentationRadius=6371009.000000000; draws=0/0/0/1
[native] Earth Vulkan submission: terrainFrame=117; swapchainImage=2; recordSerial=117; submitSerial=117; presentSerial=117; serializedFence=true; globalDraw=0; dynamicHierarchyDraw=0; candidateIndirectDraw=1; visibleEarthOwners=1
[native] Earth focus frame: frame=118; epoch=2; focusedBody=6; cameraTargetBody=6; radius=6371008.799999997; distance=6371043.498905328; altitude=19.563972473; surfaceMode=2; terrainVersion=5; regime=2; roots=0x3F; activePatches=7; distantOwner=0; globalOwner=0; dynamicOwner=0; candidateOwner=1; material=production-billboard; fingerprint=10/0.580000/0.160000/0.000000; center=(681124.375,5550646.5,-3052308.75); orientation=(0.699684024,-0.100386269,-0.102206536,0.699941933); presentationRadius=6371009.000000000; draws=0/0/0/1
[native] Earth Vulkan submission: terrainFrame=118; swapchainImage=0; recordSerial=118; submitSerial=118; presentSerial=118; serializedFence=true; globalDraw=0; dynamicHierarchyDraw=0; candidateIndirectDraw=1; visibleEarthOwners=1
[native] Earth focus frame: frame=119; epoch=2; focusedBody=6; cameraTargetBody=6; radius=6371008.799999997; distance=6371043.498905328; altitude=19.563972473; surfaceMode=2; terrainVersion=5; regime=2; roots=0x3F; activePatches=7; distantOwner=0; globalOwner=0; dynamicOwner=0; candidateOwner=1; material=production-billboard; fingerprint=10/0.580000/0.160000/0.000000; center=(681124.375,5550646.5,-3052308.75); orientation=(0.699684024,-0.100386269,-0.102206536,0.699941933); presentationRadius=6371009.000000000; draws=0/0/0/1
[native] Earth Vulkan submission: terrainFrame=119; swapchainImage=1; recordSerial=119; submitSerial=119; presentSerial=119; serializedFence=true; globalDraw=0; dynamicHierarchyDraw=0; candidateIndirectDraw=1; visibleEarthOwners=1
[native] Earth focus frame: frame=120; epoch=2; focusedBody=6; cameraTargetBody=6; radius=6371008.799999997; distance=6371043.498905328; altitude=19.563972473; surfaceMode=2; terrainVersion=5; regime=2; roots=0x3F; activePatches=7; distantOwner=0; globalOwner=0; dynamicOwner=0; candidateOwner=1; material=production-billboard; fingerprint=10/0.580000/0.160000/0.000000; center=(681124.375,5550646.5,-3052308.75); orientation=(0.699684024,-0.100386269,-0.102206536,0.699941933); presentationRadius=6371009.000000000; draws=0/0/0/1
[native] Earth Vulkan submission: terrainFrame=120; swapchainImage=2; recordSerial=120; submitSerial=120; presentSerial=120; serializedFence=true; globalDraw=0; dynamicHierarchyDraw=0; candidateIndirectDraw=1; visibleEarthOwners=1
[native] GPU timings: total=4.005 ms; backgroundDepth=0.000; anchoredDraw=2.511; background=0.661; preSurface=0.000; scene=3.944; toneMap=0.061; regionalCompute=0.764; materialsOverlays=2.511
[native] Earth focus frame: frame=121; epoch=2; focusedBody=6; cameraTargetBody=6; radius=6371008.799999997; distance=6371043.498905328; altitude=19.563972473; surfaceMode=2; terrainVersion=5; regime=2; roots=0x3F; activePatches=7; distantOwner=0; globalOwner=0; dynamicOwner=0; candidateOwner=1; material=production-billboard; fingerprint=10/0.580000/0.160000/0.000000; center=(681124.375,5550646.5,-3052308.75); orientation=(0.699684024,-0.100386269,-0.102206536,0.699941933); presentationRadius=6371009.000000000; draws=0/0/0/1
[native] Earth Vulkan submission: terrainFrame=121; swapchainImage=0; recordSerial=121; submitSerial=121; presentSerial=121; serializedFence=true; globalDraw=0; dynamicHierarchyDraw=0; candidateIndirectDraw=1; visibleEarthOwners=1
[native] Earth focus frame: frame=122; epoch=2; focusedBody=6; cameraTargetBody=6; radius=6371008.799999997; distance=6371043.498905328; altitude=19.563972473; surfaceMode=2; terrainVersion=5; regime=2; roots=0x3F; activePatches=7; distantOwner=0; globalOwner=0; dynamicOwner=0; candidateOwner=1; material=production-billboard; fingerprint=10/0.580000/0.160000/0.000000; center=(681124.375,5550646.5,-3052308.75); orientation=(0.699684024,-0.100386269,-0.102206536,0.699941933); presentationRadius=6371009.000000000; draws=0/0/0/1
[native] Earth Vulkan submission: terrainFrame=122; swapchainImage=1; recordSerial=122; submitSerial=122; presentSerial=122; serializedFence=true; globalDraw=0; dynamicHierarchyDraw=0; candidateIndirectDraw=1; visibleEarthOwners=1
[native] Earth focus frame: frame=123; epoch=2; focusedBody=6; cameraTargetBody=6; radius=6371008.799999997; distance=6371043.498905328; altitude=19.563972473; surfaceMode=2; terrainVersion=5; regime=2; roots=0x3F; activePatches=7; distantOwner=0; globalOwner=0; dynamicOwner=0; candidateOwner=1; material=production-billboard; fingerprint=10/0.580000/0.160000/0.000000; center=(681124.375,5550646.5,-3052308.75); orientation=(0.699684024,-0.100386269,-0.102206536,0.699941933); presentationRadius=6371009.000000000; draws=0/0/0/1
[native] Earth Vulkan submission: terrainFrame=123; swapchainImage=2; recordSerial=123; submitSerial=123; presentSerial=123; serializedFence=true; globalDraw=0; dynamicHierarchyDraw=0; candidateIndirectDraw=1; visibleEarthOwners=1
[native] Earth focus frame: frame=124; epoch=2; focusedBody=6; cameraTargetBody=6; radius=6371008.799999997; distance=6371043.498905328; altitude=19.563972473; surfaceMode=2; terrainVersion=5; regime=2; roots=0x3F; activePatches=7; distantOwner=0; globalOwner=0; dynamicOwner=0; candidateOwner=1; material=production-billboard; fingerprint=10/0.580000/0.160000/0.000000; center=(681124.375,5550646.5,-3052308.75); orientation=(0.699684024,-0.100386269,-0.102206536,0.699941933); presentationRadius=6371009.000000000; draws=0/0/0/1
[native] Earth Vulkan submission: terrainFrame=124; swapchainImage=0; recordSerial=124; submitSerial=124; presentSerial=124; serializedFence=true; globalDraw=0; dynamicHierarchyDraw=0; candidateIndirectDraw=1; visibleEarthOwners=1
[native] Earth focus frame: frame=125; epoch=2; focusedBody=6; cameraTargetBody=6; radius=6371008.799999997; distance=6371043.498905328; altitude=19.563972473; surfaceMode=2; terrainVersion=5; regime=2; roots=0x3F; activePatches=7; distantOwner=0; globalOwner=0; dynamicOwner=0; candidateOwner=1; material=production-billboard; fingerprint=10/0.580000/0.160000/0.000000; center=(681124.375,5550646.5,-3052308.75); orientation=(0.699684024,-0.100386269,-0.102206536,0.699941933); presentationRadius=6371009.000000000; draws=0/0/0/1
[native] Earth Vulkan submission: terrainFrame=125; swapchainImage=1; recordSerial=125; submitSerial=125; presentSerial=125; serializedFence=true; globalDraw=0; dynamicHierarchyDraw=0; candidateIndirectDraw=1; visibleEarthOwners=1
[native] Earth focus frame: frame=126; epoch=2; focusedBody=6; cameraTargetBody=6; radius=6371008.799999997; distance=6371043.498905328; altitude=19.563972473; surfaceMode=2; terrainVersion=5; regime=2; roots=0x3F; activePatches=7; distantOwner=0; globalOwner=0; dynamicOwner=0; candidateOwner=1; material=production-billboard; fingerprint=10/0.580000/0.160000/0.000000; center=(681124.375,5550646.5,-3052308.75); orientation=(0.699684024,-0.100386269,-0.102206536,0.699941933); presentationRadius=6371009.000000000; draws=0/0/0/1
[native] Earth Vulkan submission: terrainFrame=126; swapchainImage=2; recordSerial=126; submitSerial=126; presentSerial=126; serializedFence=true; globalDraw=0; dynamicHierarchyDraw=0; candidateIndirectDraw=1; visibleEarthOwners=1
[native] Earth focus frame: frame=127; epoch=2; focusedBody=6; cameraTargetBody=6; radius=6371008.799999997; distance=6371043.498905328; altitude=19.563972473; surfaceMode=2; terrainVersion=5; regime=2; roots=0x3F; activePatches=7; distantOwner=0; globalOwner=0; dynamicOwner=0; candidateOwner=1; material=production-billboard; fingerprint=10/0.580000/0.160000/0.000000; center=(681124.375,5550646.5,-3052308.75); orientation=(0.699684024,-0.100386269,-0.102206536,0.699941933); presentationRadius=6371009.000000000; draws=0/0/0/1
[native] Earth Vulkan submission: terrainFrame=127; swapchainImage=0; recordSerial=127; submitSerial=127; presentSerial=127; serializedFence=true; globalDraw=0; dynamicHierarchyDraw=0; candidateIndirectDraw=1; visibleEarthOwners=1
[native] Earth focus frame: frame=128; epoch=2; focusedBody=6; cameraTargetBody=6; radius=6371008.799999997; distance=6371043.498905328; altitude=19.563972473; surfaceMode=2; terrainVersion=5; regime=2; roots=0x3F; activePatches=7; distantOwner=0; globalOwner=0; dynamicOwner=0; candidateOwner=1; material=production-billboard; fingerprint=10/0.580000/0.160000/0.000000; center=(681124.375,5550646.5,-3052308.75); orientation=(0.699684024,-0.100386269,-0.102206536,0.699941933); presentationRadius=6371009.000000000; draws=0/0/0/1
[native] Earth Vulkan submission: terrainFrame=128; swapchainImage=1; recordSerial=128; submitSerial=128; presentSerial=128; serializedFence=true; globalDraw=0; dynamicHierarchyDraw=0; candidateIndirectDraw=1; visibleEarthOwners=1
[native] Earth focus frame: frame=129; epoch=2; focusedBody=6; cameraTargetBody=6; radius=6371008.799999997; distance=6371043.498905328; altitude=19.563972473; surfaceMode=2; terrainVersion=5; regime=2; roots=0x3F; activePatches=7; distantOwner=0; globalOwner=0; dynamicOwner=0; candidateOwner=1; material=production-billboard; fingerprint=10/0.580000/0.160000/0.000000; center=(681124.375,5550646.5,-3052308.75); orientation=(0.699684024,-0.100386269,-0.102206536,0.699941933); presentationRadius=6371009.000000000; draws=0/0/0/1
[native] Earth Vulkan submission: terrainFrame=129; swapchainImage=2; recordSerial=129; submitSerial=129; presentSerial=129; serializedFence=true; globalDraw=0; dynamicHierarchyDraw=0; candidateIndirectDraw=1; visibleEarthOwners=1
[native] Earth focus frame: frame=130; epoch=2; focusedBody=6; cameraTargetBody=6; radius=6371008.799999997; distance=6371043.498905328; altitude=19.563972473; surfaceMode=2; terrainVersion=5; regime=2; roots=0x3F; activePatches=7; distantOwner=0; globalOwner=0; dynamicOwner=0; candidateOwner=1; material=production-billboard; fingerprint=10/0.580000/0.160000/0.000000; center=(681124.375,5550646.5,-3052308.75); orientation=(0.699684024,-0.100386269,-0.102206536,0.699941933); presentationRadius=6371009.000000000; draws=0/0/0/1
[native] Earth Vulkan submission: terrainFrame=130; swapchainImage=0; recordSerial=130; submitSerial=130; presentSerial=130; serializedFence=true; globalDraw=0; dynamicHierarchyDraw=0; candidateIndirectDraw=1; visibleEarthOwners=1
[native] Earth focus frame: frame=131; epoch=2; focusedBody=6; cameraTargetBody=6; radius=6371008.799999997; distance=6371043.498905328; altitude=19.563972473; surfaceMode=2; terrainVersion=5; regime=2; roots=0x3F; activePatches=7; distantOwner=0; globalOwner=0; dynamicOwner=0; candidateOwner=1; material=production-billboard; fingerprint=10/0.580000/0.160000/0.000000; center=(681124.375,5550646.5,-3052308.75); orientation=(0.699684024,-0.100386269,-0.102206536,0.699941933); presentationRadius=6371009.000000000; draws=0/0/0/1
[native] Earth Vulkan submission: terrainFrame=131; swapchainImage=1; recordSerial=131; submitSerial=131; presentSerial=131; serializedFence=true; globalDraw=0; dynamicHierarchyDraw=0; candidateIndirectDraw=1; visibleEarthOwners=1
[native] Earth focus frame: frame=132; epoch=2; focusedBody=6; cameraTargetBody=6; radius=6371008.799999997; distance=6371043.498905328; altitude=19.563972473; surfaceMode=2; terrainVersion=5; regime=2; roots=0x3F; activePatches=7; distantOwner=0; globalOwner=0; dynamicOwner=0; candidateOwner=1; material=production-billboard; fingerprint=10/0.580000/0.160000/0.000000; center=(681124.375,5550646.5,-3052308.75); orientation=(0.699684024,-0.100386269,-0.102206536,0.699941933); presentationRadius=6371009.000000000; draws=0/0/0/1
[native] Earth Vulkan submission: terrainFrame=132; swapchainImage=2; recordSerial=132; submitSerial=132; presentSerial=132; serializedFence=true; globalDraw=0; dynamicHierarchyDraw=0; candidateIndirectDraw=1; visibleEarthOwners=1
[native] Earth focus frame: frame=133; epoch=2; focusedBody=6; cameraTargetBody=6; radius=6371008.799999997; distance=6371043.498905328; altitude=19.563972473; surfaceMode=2; terrainVersion=5; regime=2; roots=0x3F; activePatches=7; distantOwner=0; globalOwner=0; dynamicOwner=0; candidateOwner=1; material=production-billboard; fingerprint=10/0.580000/0.160000/0.000000; center=(681124.375,5550646.5,-3052308.75); orientation=(0.699684024,-0.100386269,-0.102206536,0.699941933); presentationRadius=6371009.000000000; draws=0/0/0/1
[native] Earth Vulkan submission: terrainFrame=133; swapchainImage=0; recordSerial=133; submitSerial=133; presentSerial=133; serializedFence=true; globalDraw=0; dynamicHierarchyDraw=0; candidateIndirectDraw=1; visibleEarthOwners=1
[native] Earth focus frame: frame=134; epoch=2; focusedBody=6; cameraTargetBody=6; radius=6371008.799999997; distance=6371043.498905328; altitude=19.563972473; surfaceMode=2; terrainVersion=5; regime=2; roots=0x3F; activePatches=7; distantOwner=0; globalOwner=0; dynamicOwner=0; candidateOwner=1; material=production-billboard; fingerprint=10/0.580000/0.160000/0.000000; center=(681124.375,5550646.5,-3052308.75); orientation=(0.699684024,-0.100386269,-0.102206536,0.699941933); presentationRadius=6371009.000000000; draws=0/0/0/1
[native] Earth Vulkan submission: terrainFrame=134; swapchainImage=1; recordSerial=134; submitSerial=134; presentSerial=134; serializedFence=true; globalDraw=0; dynamicHierarchyDraw=0; candidateIndirectDraw=1; visibleEarthOwners=1
[native] Earth focus frame: frame=135; epoch=2; focusedBody=6; cameraTargetBody=6; radius=6371008.799999997; distance=6371043.498905328; altitude=19.563972473; surfaceMode=2; terrainVersion=5; regime=2; roots=0x3F; activePatches=7; distantOwner=0; globalOwner=0; dynamicOwner=0; candidateOwner=1; material=production-billboard; fingerprint=10/0.580000/0.160000/0.000000; center=(681124.375,5550646.5,-3052308.75); orientation=(0.699684024,-0.100386269,-0.102206536,0.699941933); presentationRadius=6371009.000000000; draws=0/0/0/1
[native] Earth Vulkan submission: terrainFrame=135; swapchainImage=2; recordSerial=135; submitSerial=135; presentSerial=135; serializedFence=true; globalDraw=0; dynamicHierarchyDraw=0; candidateIndirectDraw=1; visibleEarthOwners=1
[native] Earth focus frame: frame=136; epoch=2; focusedBody=6; cameraTargetBody=6; radius=6371008.799999997; distance=6371043.498905328; altitude=19.563972473; surfaceMode=2; terrainVersion=5; regime=2; roots=0x3F; activePatches=7; distantOwner=0; globalOwner=0; dynamicOwner=0; candidateOwner=1; material=production-billboard; fingerprint=10/0.580000/0.160000/0.000000; center=(681124.375,5550646.5,-3052308.75); orientation=(0.699684024,-0.100386269,-0.102206536,0.699941933); presentationRadius=6371009.000000000; draws=0/0/0/1
[native] Earth Vulkan submission: terrainFrame=136; swapchainImage=0; recordSerial=136; submitSerial=136; presentSerial=136; serializedFence=true; globalDraw=0; dynamicHierarchyDraw=0; candidateIndirectDraw=1; visibleEarthOwners=1
[native] Earth focus frame: frame=137; epoch=2; focusedBody=6; cameraTargetBody=6; radius=6371008.799999997; distance=6371043.498905328; altitude=19.563972473; surfaceMode=2; terrainVersion=5; regime=2; roots=0x3F; activePatches=7; distantOwner=0; globalOwner=0; dynamicOwner=0; candidateOwner=1; material=production-billboard; fingerprint=10/0.580000/0.160000/0.000000; center=(681124.375,5550646.5,-3052308.75); orientation=(0.699684024,-0.100386269,-0.102206536,0.699941933); presentationRadius=6371009.000000000; draws=0/0/0/1
[native] Earth Vulkan submission: terrainFrame=137; swapchainImage=1; recordSerial=137; submitSerial=137; presentSerial=137; serializedFence=true; globalDraw=0; dynamicHierarchyDraw=0; candidateIndirectDraw=1; visibleEarthOwners=1
[native] Earth focus frame: frame=138; epoch=2; focusedBody=6; cameraTargetBody=6; radius=6371008.799999997; distance=6371043.498905328; altitude=19.563972473; surfaceMode=2; terrainVersion=5; regime=2; roots=0x3F; activePatches=7; distantOwner=0; globalOwner=0; dynamicOwner=0; candidateOwner=1; material=production-billboard; fingerprint=10/0.580000/0.160000/0.000000; center=(681124.375,5550646.5,-3052308.75); orientation=(0.699684024,-0.100386269,-0.102206536,0.699941933); presentationRadius=6371009.000000000; draws=0/0/0/1
[native] Earth Vulkan submission: terrainFrame=138; swapchainImage=2; recordSerial=138; submitSerial=138; presentSerial=138; serializedFence=true; globalDraw=0; dynamicHierarchyDraw=0; candidateIndirectDraw=1; visibleEarthOwners=1
[native] Earth focus frame: frame=139; epoch=2; focusedBody=6; cameraTargetBody=6; radius=6371008.799999997; distance=6371043.498905328; altitude=19.563972473; surfaceMode=2; terrainVersion=5; regime=2; roots=0x3F; activePatches=7; distantOwner=0; globalOwner=0; dynamicOwner=0; candidateOwner=1; material=production-billboard; fingerprint=10/0.580000/0.160000/0.000000; center=(681124.375,5550646.5,-3052308.75); orientation=(0.699684024,-0.100386269,-0.102206536,0.699941933); presentationRadius=6371009.000000000; draws=0/0/0/1
[native] Earth Vulkan submission: terrainFrame=139; swapchainImage=0; recordSerial=139; submitSerial=139; presentSerial=139; serializedFence=true; globalDraw=0; dynamicHierarchyDraw=0; candidateIndirectDraw=1; visibleEarthOwners=1
[native] Earth focus frame: frame=140; epoch=2; focusedBody=6; cameraTargetBody=6; radius=6371008.799999997; distance=6371043.498905328; altitude=19.563972473; surfaceMode=2; terrainVersion=5; regime=2; roots=0x3F; activePatches=7; distantOwner=0; globalOwner=0; dynamicOwner=0; candidateOwner=1; material=production-billboard; fingerprint=10/0.580000/0.160000/0.000000; center=(681124.375,5550646.5,-3052308.75); orientation=(0.699684024,-0.100386269,-0.102206536,0.699941933); presentationRadius=6371009.000000000; draws=0/0/0/1
[native] Earth Vulkan submission: terrainFrame=140; swapchainImage=1; recordSerial=140; submitSerial=140; presentSerial=140; serializedFence=true; globalDraw=0; dynamicHierarchyDraw=0; candidateIndirectDraw=1; visibleEarthOwners=1
[native] Earth focus frame: frame=141; epoch=2; focusedBody=6; cameraTargetBody=6; radius=6371008.799999997; distance=6371043.498905328; altitude=19.563972473; surfaceMode=2; terrainVersion=5; regime=2; roots=0x3F; activePatches=7; distantOwner=0; globalOwner=0; dynamicOwner=0; candidateOwner=1; material=production-billboard; fingerprint=10/0.580000/0.160000/0.000000; center=(681124.375,5550646.5,-3052308.75); orientation=(0.699684024,-0.100386269,-0.102206536,0.699941933); presentationRadius=6371009.000000000; draws=0/0/0/1
[native] Earth Vulkan submission: terrainFrame=141; swapchainImage=2; recordSerial=141; submitSerial=141; presentSerial=141; serializedFence=true; globalDraw=0; dynamicHierarchyDraw=0; candidateIndirectDraw=1; visibleEarthOwners=1
[native] Earth focus frame: frame=142; epoch=2; focusedBody=6; cameraTargetBody=6; radius=6371008.799999997; distance=6371043.498905328; altitude=19.563972473; surfaceMode=2; terrainVersion=5; regime=2; roots=0x3F; activePatches=7; distantOwner=0; globalOwner=0; dynamicOwner=0; candidateOwner=1; material=production-billboard; fingerprint=10/0.580000/0.160000/0.000000; center=(681124.375,5550646.5,-3052308.75); orientation=(0.699684024,-0.100386269,-0.102206536,0.699941933); presentationRadius=6371009.000000000; draws=0/0/0/1
[native] Earth Vulkan submission: terrainFrame=142; swapchainImage=0; recordSerial=142; submitSerial=142; presentSerial=142; serializedFence=true; globalDraw=0; dynamicHierarchyDraw=0; candidateIndirectDraw=1; visibleEarthOwners=1
[native] Earth focus frame: frame=143; epoch=2; focusedBody=6; cameraTargetBody=6; radius=6371008.799999997; distance=6371043.498905328; altitude=19.563972473; surfaceMode=2; terrainVersion=5; regime=2; roots=0x3F; activePatches=7; distantOwner=0; globalOwner=0; dynamicOwner=0; candidateOwner=1; material=production-billboard; fingerprint=10/0.580000/0.160000/0.000000; center=(681124.375,5550646.5,-3052308.75); orientation=(0.699684024,-0.100386269,-0.102206536,0.699941933); presentationRadius=6371009.000000000; draws=0/0/0/1
[native] Earth Vulkan submission: terrainFrame=143; swapchainImage=1; recordSerial=143; submitSerial=143; presentSerial=143; serializedFence=true; globalDraw=0; dynamicHierarchyDraw=0; candidateIndirectDraw=1; visibleEarthOwners=1
[native] Earth focus frame: frame=144; epoch=2; focusedBody=6; cameraTargetBody=6; radius=6371008.799999997; distance=6371043.498905328; altitude=19.563972473; surfaceMode=2; terrainVersion=5; regime=2; roots=0x3F; activePatches=7; distantOwner=0; globalOwner=0; dynamicOwner=0; candidateOwner=1; material=production-billboard; fingerprint=10/0.580000/0.160000/0.000000; center=(681124.375,5550646.5,-3052308.75); orientation=(0.699684024,-0.100386269,-0.102206536,0.699941933); presentationRadius=6371009.000000000; draws=0/0/0/1
[native] Earth Vulkan submission: terrainFrame=144; swapchainImage=2; recordSerial=144; submitSerial=144; presentSerial=144; serializedFence=true; globalDraw=0; dynamicHierarchyDraw=0; candidateIndirectDraw=1; visibleEarthOwners=1
[native] Earth focus frame: frame=145; epoch=2; focusedBody=6; cameraTargetBody=6; radius=6371008.799999997; distance=6371043.498905328; altitude=19.563972473; surfaceMode=2; terrainVersion=5; regime=2; roots=0x3F; activePatches=7; distantOwner=0; globalOwner=0; dynamicOwner=0; candidateOwner=1; material=production-billboard; fingerprint=10/0.580000/0.160000/0.000000; center=(681124.375,5550646.5,-3052308.75); orientation=(0.699684024,-0.100386269,-0.102206536,0.699941933); presentationRadius=6371009.000000000; draws=0/0/0/1
[native] Earth Vulkan submission: terrainFrame=145; swapchainImage=0; recordSerial=145; submitSerial=145; presentSerial=145; serializedFence=true; globalDraw=0; dynamicHierarchyDraw=0; candidateIndirectDraw=1; visibleEarthOwners=1
[native] Earth focus frame: frame=146; epoch=2; focusedBody=6; cameraTargetBody=6; radius=6371008.799999997; distance=6371043.498905328; altitude=19.563972473; surfaceMode=2; terrainVersion=5; regime=2; roots=0x3F; activePatches=7; distantOwner=0; globalOwner=0; dynamicOwner=0; candidateOwner=1; material=production-billboard; fingerprint=10/0.580000/0.160000/0.000000; center=(681124.375,5550646.5,-3052308.75); orientation=(0.699684024,-0.100386269,-0.102206536,0.699941933); presentationRadius=6371009.000000000; draws=0/0/0/1
[native] Earth Vulkan submission: terrainFrame=146; swapchainImage=1; recordSerial=146; submitSerial=146; presentSerial=146; serializedFence=true; globalDraw=0; dynamicHierarchyDraw=0; candidateIndirectDraw=1; visibleEarthOwners=1
[native] Earth focus frame: frame=147; epoch=2; focusedBody=6; cameraTargetBody=6; radius=6371008.799999997; distance=6371043.498905328; altitude=19.563972473; surfaceMode=2; terrainVersion=5; regime=2; roots=0x3F; activePatches=7; distantOwner=0; globalOwner=0; dynamicOwner=0; candidateOwner=1; material=production-billboard; fingerprint=10/0.580000/0.160000/0.000000; center=(681124.375,5550646.5,-3052308.75); orientation=(0.699684024,-0.100386269,-0.102206536,0.699941933); presentationRadius=6371009.000000000; draws=0/0/0/1
[native] Earth Vulkan submission: terrainFrame=147; swapchainImage=2; recordSerial=147; submitSerial=147; presentSerial=147; serializedFence=true; globalDraw=0; dynamicHierarchyDraw=0; candidateIndirectDraw=1; visibleEarthOwners=1
[native] Earth focus frame: frame=148; epoch=2; focusedBody=6; cameraTargetBody=6; radius=6371008.799999997; distance=6371043.498905328; altitude=19.563972473; surfaceMode=2; terrainVersion=5; regime=2; roots=0x3F; activePatches=7; distantOwner=0; globalOwner=0; dynamicOwner=0; candidateOwner=1; material=production-billboard; fingerprint=10/0.580000/0.160000/0.000000; center=(681124.375,5550646.5,-3052308.75); orientation=(0.699684024,-0.100386269,-0.102206536,0.699941933); presentationRadius=6371009.000000000; draws=0/0/0/1
[native] Earth Vulkan submission: terrainFrame=148; swapchainImage=0; recordSerial=148; submitSerial=148; presentSerial=148; serializedFence=true; globalDraw=0; dynamicHierarchyDraw=0; candidateIndirectDraw=1; visibleEarthOwners=1
[native] Earth focus frame: frame=149; epoch=2; focusedBody=6; cameraTargetBody=6; radius=6371008.799999997; distance=6371043.498905328; altitude=19.563972473; surfaceMode=2; terrainVersion=5; regime=2; roots=0x3F; activePatches=7; distantOwner=0; globalOwner=0; dynamicOwner=0; candidateOwner=1; material=production-billboard; fingerprint=10/0.580000/0.160000/0.000000; center=(681124.375,5550646.5,-3052308.75); orientation=(0.699684024,-0.100386269,-0.102206536,0.699941933); presentationRadius=6371009.000000000; draws=0/0/0/1
[native] Earth Vulkan submission: terrainFrame=149; swapchainImage=1; recordSerial=149; submitSerial=149; presentSerial=149; serializedFence=true; globalDraw=0; dynamicHierarchyDraw=0; candidateIndirectDraw=1; visibleEarthOwners=1
[native] Earth focus frame: frame=150; epoch=2; focusedBody=6; cameraTargetBody=6; radius=6371008.799999997; distance=6371043.498905328; altitude=19.563972473; surfaceMode=2; terrainVersion=5; regime=2; roots=0x3F; activePatches=7; distantOwner=0; globalOwner=0; dynamicOwner=0; candidateOwner=1; material=production-billboard; fingerprint=10/0.580000/0.160000/0.000000; center=(681124.375,5550646.5,-3052308.75); orientation=(0.699684024,-0.100386269,-0.102206536,0.699941933); presentationRadius=6371009.000000000; draws=0/0/0/1
[native] Earth Vulkan submission: terrainFrame=150; swapchainImage=2; recordSerial=150; submitSerial=150; presentSerial=150; serializedFence=true; globalDraw=0; dynamicHierarchyDraw=0; candidateIndirectDraw=1; visibleEarthOwners=1
[native] Earth focus frame: frame=151; epoch=2; focusedBody=6; cameraTargetBody=6; radius=6371008.799999997; distance=6371043.498905328; altitude=19.563972473; surfaceMode=2; terrainVersion=5; regime=2; roots=0x3F; activePatches=7; distantOwner=0; globalOwner=0; dynamicOwner=0; candidateOwner=1; material=production-billboard; fingerprint=10/0.580000/0.160000/0.000000; center=(681124.375,5550646.5,-3052308.75); orientation=(0.699684024,-0.100386269,-0.102206536,0.699941933); presentationRadius=6371009.000000000; draws=0/0/0/1
[native] Earth Vulkan submission: terrainFrame=151; swapchainImage=0; recordSerial=151; submitSerial=151; presentSerial=151; serializedFence=true; globalDraw=0; dynamicHierarchyDraw=0; candidateIndirectDraw=1; visibleEarthOwners=1
[native] Earth focus frame: frame=152; epoch=2; focusedBody=6; cameraTargetBody=6; radius=6371008.799999997; distance=6371043.498905328; altitude=19.563972473; surfaceMode=2; terrainVersion=5; regime=2; roots=0x3F; activePatches=7; distantOwner=0; globalOwner=0; dynamicOwner=0; candidateOwner=1; material=production-billboard; fingerprint=10/0.580000/0.160000/0.000000; center=(681124.375,5550646.5,-3052308.75); orientation=(0.699684024,-0.100386269,-0.102206536,0.699941933); presentationRadius=6371009.000000000; draws=0/0/0/1
[native] Earth Vulkan submission: terrainFrame=152; swapchainImage=1; recordSerial=152; submitSerial=152; presentSerial=152; serializedFence=true; globalDraw=0; dynamicHierarchyDraw=0; candidateIndirectDraw=1; visibleEarthOwners=1
[native] Earth focus frame: frame=153; epoch=2; focusedBody=6; cameraTargetBody=6; radius=6371008.799999997; distance=6371043.498905328; altitude=19.563972473; surfaceMode=2; terrainVersion=5; regime=2; roots=0x3F; activePatches=7; distantOwner=0; globalOwner=0; dynamicOwner=0; candidateOwner=1; material=production-billboard; fingerprint=10/0.580000/0.160000/0.000000; center=(681124.375,5550646.5,-3052308.75); orientation=(0.699684024,-0.100386269,-0.102206536,0.699941933); presentationRadius=6371009.000000000; draws=0/0/0/1
[native] Earth Vulkan submission: terrainFrame=153; swapchainImage=2; recordSerial=153; submitSerial=153; presentSerial=153; serializedFence=true; globalDraw=0; dynamicHierarchyDraw=0; candidateIndirectDraw=1; visibleEarthOwners=1
[native] Earth focus frame: frame=154; epoch=2; focusedBody=6; cameraTargetBody=6; radius=6371008.799999997; distance=6371043.498905328; altitude=19.563972473; surfaceMode=2; terrainVersion=5; regime=2; roots=0x3F; activePatches=7; distantOwner=0; globalOwner=0; dynamicOwner=0; candidateOwner=1; material=production-billboard; fingerprint=10/0.580000/0.160000/0.000000; center=(681124.375,5550646.5,-3052308.75); orientation=(0.699684024,-0.100386269,-0.102206536,0.699941933); presentationRadius=6371009.000000000; draws=0/0/0/1
[native] Earth Vulkan submission: terrainFrame=154; swapchainImage=0; recordSerial=154; submitSerial=154; presentSerial=154; serializedFence=true; globalDraw=0; dynamicHierarchyDraw=0; candidateIndirectDraw=1; visibleEarthOwners=1
[native] Earth focus frame: frame=155; epoch=2; focusedBody=6; cameraTargetBody=6; radius=6371008.799999997; distance=6371043.498905328; altitude=19.563972473; surfaceMode=2; terrainVersion=5; regime=2; roots=0x3F; activePatches=7; distantOwner=0; globalOwner=0; dynamicOwner=0; candidateOwner=1; material=production-billboard; fingerprint=10/0.580000/0.160000/0.000000; center=(681124.375,5550646.5,-3052308.75); orientation=(0.699684024,-0.100386269,-0.102206536,0.699941933); presentationRadius=6371009.000000000; draws=0/0/0/1
[native] Earth Vulkan submission: terrainFrame=155; swapchainImage=1; recordSerial=155; submitSerial=155; presentSerial=155; serializedFence=true; globalDraw=0; dynamicHierarchyDraw=0; candidateIndirectDraw=1; visibleEarthOwners=1
[native] Earth focus frame: frame=156; epoch=2; focusedBody=6; cameraTargetBody=6; radius=6371008.799999997; distance=6371043.498905328; altitude=19.563972473; surfaceMode=2; terrainVersion=5; regime=2; roots=0x3F; activePatches=7; distantOwner=0; globalOwner=0; dynamicOwner=0; candidateOwner=1; material=production-billboard; fingerprint=10/0.580000/0.160000/0.000000; center=(681124.375,5550646.5,-3052308.75); orientation=(0.699684024,-0.100386269,-0.102206536,0.699941933); presentationRadius=6371009.000000000; draws=0/0/0/1
[native] Earth Vulkan submission: terrainFrame=156; swapchainImage=2; recordSerial=156; submitSerial=156; presentSerial=156; serializedFence=true; globalDraw=0; dynamicHierarchyDraw=0; candidateIndirectDraw=1; visibleEarthOwners=1
[native] Earth focus frame: frame=157; epoch=2; focusedBody=6; cameraTargetBody=6; radius=6371008.799999997; distance=6371043.498905328; altitude=19.563972473; surfaceMode=2; terrainVersion=5; regime=2; roots=0x3F; activePatches=7; distantOwner=0; globalOwner=0; dynamicOwner=0; candidateOwner=1; material=production-billboard; fingerprint=10/0.580000/0.160000/0.000000; center=(681124.375,5550646.5,-3052308.75); orientation=(0.699684024,-0.100386269,-0.102206536,0.699941933); presentationRadius=6371009.000000000; draws=0/0/0/1
[native] Earth Vulkan submission: terrainFrame=157; swapchainImage=0; recordSerial=157; submitSerial=157; presentSerial=157; serializedFence=true; globalDraw=0; dynamicHierarchyDraw=0; candidateIndirectDraw=1; visibleEarthOwners=1
[native] Earth focus frame: frame=158; epoch=2; focusedBody=6; cameraTargetBody=6; radius=6371008.799999997; distance=6371043.498905328; altitude=19.563972473; surfaceMode=2; terrainVersion=5; regime=2; roots=0x3F; activePatches=7; distantOwner=0; globalOwner=0; dynamicOwner=0; candidateOwner=1; material=production-billboard; fingerprint=10/0.580000/0.160000/0.000000; center=(681124.375,5550646.5,-3052308.75); orientation=(0.699684024,-0.100386269,-0.102206536,0.699941933); presentationRadius=6371009.000000000; draws=0/0/0/1
[native] Earth Vulkan submission: terrainFrame=158; swapchainImage=1; recordSerial=158; submitSerial=158; presentSerial=158; serializedFence=true; globalDraw=0; dynamicHierarchyDraw=0; candidateIndirectDraw=1; visibleEarthOwners=1
[native] Earth focus frame: frame=159; epoch=2; focusedBody=6; cameraTargetBody=6; radius=6371008.799999997; distance=6371043.498905328; altitude=19.563972473; surfaceMode=2; terrainVersion=5; regime=2; roots=0x3F; activePatches=7; distantOwner=0; globalOwner=0; dynamicOwner=0; candidateOwner=1; material=production-billboard; fingerprint=10/0.580000/0.160000/0.000000; center=(681124.375,5550646.5,-3052308.75); orientation=(0.699684024,-0.100386269,-0.102206536,0.699941933); presentationRadius=6371009.000000000; draws=0/0/0/1
[native] Earth Vulkan submission: terrainFrame=159; swapchainImage=2; recordSerial=159; submitSerial=159; presentSerial=159; serializedFence=true; globalDraw=0; dynamicHierarchyDraw=0; candidateIndirectDraw=1; visibleEarthOwners=1
[native] Earth focus frame: frame=160; epoch=2; focusedBody=6; cameraTargetBody=6; radius=6371008.799999997; distance=6371043.498905328; altitude=19.563972473; surfaceMode=2; terrainVersion=5; regime=2; roots=0x3F; activePatches=7; distantOwner=0; globalOwner=0; dynamicOwner=0; candidateOwner=1; material=production-billboard; fingerprint=10/0.580000/0.160000/0.000000; center=(681124.375,5550646.5,-3052308.75); orientation=(0.699684024,-0.100386269,-0.102206536,0.699941933); presentationRadius=6371009.000000000; draws=0/0/0/1
[native] Earth Vulkan submission: terrainFrame=160; swapchainImage=0; recordSerial=160; submitSerial=160; presentSerial=160; serializedFence=true; globalDraw=0; dynamicHierarchyDraw=0; candidateIndirectDraw=1; visibleEarthOwners=1
[native] Earth focus frame: frame=161; epoch=2; focusedBody=6; cameraTargetBody=6; radius=6371008.799999997; distance=6371043.498905328; altitude=19.563972473; surfaceMode=2; terrainVersion=5; regime=2; roots=0x3F; activePatches=7; distantOwner=0; globalOwner=0; dynamicOwner=0; candidateOwner=1; material=production-billboard; fingerprint=10/0.580000/0.160000/0.000000; center=(681124.375,5550646.5,-3052308.75); orientation=(0.699684024,-0.100386269,-0.102206536,0.699941933); presentationRadius=6371009.000000000; draws=0/0/0/1
[native] Earth Vulkan submission: terrainFrame=161; swapchainImage=1; recordSerial=161; submitSerial=161; presentSerial=161; serializedFence=true; globalDraw=0; dynamicHierarchyDraw=0; candidateIndirectDraw=1; visibleEarthOwners=1
[native] Earth focus frame: frame=162; epoch=2; focusedBody=6; cameraTargetBody=6; radius=6371008.799999997; distance=6371043.498905328; altitude=19.563972473; surfaceMode=2; terrainVersion=5; regime=2; roots=0x3F; activePatches=7; distantOwner=0; globalOwner=0; dynamicOwner=0; candidateOwner=1; material=production-billboard; fingerprint=10/0.580000/0.160000/0.000000; center=(681124.375,5550646.5,-3052308.75); orientation=(0.699684024,-0.100386269,-0.102206536,0.699941933); presentationRadius=6371009.000000000; draws=0/0/0/1
[native] Earth Vulkan submission: terrainFrame=162; swapchainImage=2; recordSerial=162; submitSerial=162; presentSerial=162; serializedFence=true; globalDraw=0; dynamicHierarchyDraw=0; candidateIndirectDraw=1; visibleEarthOwners=1
[native] Earth focus frame: frame=163; epoch=2; focusedBody=6; cameraTargetBody=6; radius=6371008.799999997; distance=6371043.498905328; altitude=19.563972473; surfaceMode=2; terrainVersion=5; regime=2; roots=0x3F; activePatches=7; distantOwner=0; globalOwner=0; dynamicOwner=0; candidateOwner=1; material=production-billboard; fingerprint=10/0.580000/0.160000/0.000000; center=(681124.375,5550646.5,-3052308.75); orientation=(0.699684024,-0.100386269,-0.102206536,0.699941933); presentationRadius=6371009.000000000; draws=0/0/0/1
[native] Earth Vulkan submission: terrainFrame=163; swapchainImage=0; recordSerial=163; submitSerial=163; presentSerial=163; serializedFence=true; globalDraw=0; dynamicHierarchyDraw=0; candidateIndirectDraw=1; visibleEarthOwners=1
[native] Earth focus frame: frame=164; epoch=2; focusedBody=6; cameraTargetBody=6; radius=6371008.799999997; distance=6371043.498905328; altitude=19.563972473; surfaceMode=2; terrainVersion=5; regime=2; roots=0x3F; activePatches=7; distantOwner=0; globalOwner=0; dynamicOwner=0; candidateOwner=1; material=production-billboard; fingerprint=10/0.580000/0.160000/0.000000; center=(681124.375,5550646.5,-3052308.75); orientation=(0.699684024,-0.100386269,-0.102206536,0.699941933); presentationRadius=6371009.000000000; draws=0/0/0/1
[native] Earth Vulkan submission: terrainFrame=164; swapchainImage=1; recordSerial=164; submitSerial=164; presentSerial=164; serializedFence=true; globalDraw=0; dynamicHierarchyDraw=0; candidateIndirectDraw=1; visibleEarthOwners=1
[native] Earth focus frame: frame=165; epoch=2; focusedBody=6; cameraTargetBody=6; radius=6371008.799999997; distance=6371043.498905328; altitude=19.563972473; surfaceMode=2; terrainVersion=5; regime=2; roots=0x3F; activePatches=7; distantOwner=0; globalOwner=0; dynamicOwner=0; candidateOwner=1; material=production-billboard; fingerprint=10/0.580000/0.160000/0.000000; center=(681124.375,5550646.5,-3052308.75); orientation=(0.699684024,-0.100386269,-0.102206536,0.699941933); presentationRadius=6371009.000000000; draws=0/0/0/1
[native] Earth Vulkan submission: terrainFrame=165; swapchainImage=2; recordSerial=165; submitSerial=165; presentSerial=165; serializedFence=true; globalDraw=0; dynamicHierarchyDraw=0; candidateIndirectDraw=1; visibleEarthOwners=1
[native] Earth focus frame: frame=166; epoch=2; focusedBody=6; cameraTargetBody=6; radius=6371008.799999997; distance=6371043.498905328; altitude=19.563972473; surfaceMode=2; terrainVersion=5; regime=2; roots=0x3F; activePatches=7; distantOwner=0; globalOwner=0; dynamicOwner=0; candidateOwner=1; material=production-billboard; fingerprint=10/0.580000/0.160000/0.000000; center=(681124.375,5550646.5,-3052308.75); orientation=(0.699684024,-0.100386269,-0.102206536,0.699941933); presentationRadius=6371009.000000000; draws=0/0/0/1
[native] Earth Vulkan submission: terrainFrame=166; swapchainImage=0; recordSerial=166; submitSerial=166; presentSerial=166; serializedFence=true; globalDraw=0; dynamicHierarchyDraw=0; candidateIndirectDraw=1; visibleEarthOwners=1
[native] Earth focus frame: frame=167; epoch=2; focusedBody=6; cameraTargetBody=6; radius=6371008.799999997; distance=6371043.498905328; altitude=19.563972473; surfaceMode=2; terrainVersion=5; regime=2; roots=0x3F; activePatches=7; distantOwner=0; globalOwner=0; dynamicOwner=0; candidateOwner=1; material=production-billboard; fingerprint=10/0.580000/0.160000/0.000000; center=(681124.375,5550646.5,-3052308.75); orientation=(0.699684024,-0.100386269,-0.102206536,0.699941933); presentationRadius=6371009.000000000; draws=0/0/0/1
[native] Earth Vulkan submission: terrainFrame=167; swapchainImage=1; recordSerial=167; submitSerial=167; presentSerial=167; serializedFence=true; globalDraw=0; dynamicHierarchyDraw=0; candidateIndirectDraw=1; visibleEarthOwners=1
GPU_MEMORY_UI phase=gameplay sequence=26 sampleQpc=1553251910227 uiQpc=1553251910614 utc=2026-09-29T22:21:08.2496228Z status=Ready usage=622632960 budget=12288049152 capacity=17163091968 queryNs=5100 adapter=AMD Radeon RX 6800 XT uuid=00000000030000000000000000000000 luid=D6C4010000000000 luidValid=True vendor=1002 device=73BF heapMask=2 copyAndUiUs=53.6
[native] Earth focus frame: frame=168; epoch=2; focusedBody=6; cameraTargetBody=6; radius=6371008.799999997; distance=6371043.498905328; altitude=19.563972473; surfaceMode=2; terrainVersion=5; regime=2; roots=0x3F; activePatches=7; distantOwner=0; globalOwner=0; dynamicOwner=0; candidateOwner=1; material=production-billboard; fingerprint=10/0.580000/0.160000/0.000000; center=(681124.375,5550646.5,-3052308.75); orientation=(0.699684024,-0.100386269,-0.102206536,0.699941933); presentationRadius=6371009.000000000; draws=0/0/0/1
[native] Earth Vulkan submission: terrainFrame=168; swapchainImage=2; recordSerial=168; submitSerial=168; presentSerial=168; serializedFence=true; globalDraw=0; dynamicHierarchyDraw=0; candidateIndirectDraw=1; visibleEarthOwners=1
[native] Earth focus frame: frame=169; epoch=2; focusedBody=6; cameraTargetBody=6; radius=6371008.799999997; distance=6371043.498905328; altitude=19.563972473; surfaceMode=2; terrainVersion=5; regime=2; roots=0x3F; activePatches=7; distantOwner=0; globalOwner=0; dynamicOwner=0; candidateOwner=1; material=production-billboard; fingerprint=10/0.580000/0.160000/0.000000; center=(681124.375,5550646.5,-3052308.75); orientation=(0.699684024,-0.100386269,-0.102206536,0.699941933); presentationRadius=6371009.000000000; draws=0/0/0/1
[native] Earth Vulkan submission: terrainFrame=169; swapchainImage=0; recordSerial=169; submitSerial=169; presentSerial=169; serializedFence=true; globalDraw=0; dynamicHierarchyDraw=0; candidateIndirectDraw=1; visibleEarthOwners=1
[native] Earth focus frame: frame=170; epoch=2; focusedBody=6; cameraTargetBody=6; radius=6371008.799999997; distance=6371043.498905328; altitude=19.563972473; surfaceMode=2; terrainVersion=5; regime=2; roots=0x3F; activePatches=7; distantOwner=0; globalOwner=0; dynamicOwner=0; candidateOwner=1; material=production-billboard; fingerprint=10/0.580000/0.160000/0.000000; center=(681124.375,5550646.5,-3052308.75); orientation=(0.699684024,-0.100386269,-0.102206536,0.699941933); presentationRadius=6371009.000000000; draws=0/0/0/1
[native] Earth Vulkan submission: terrainFrame=170; swapchainImage=1; recordSerial=170; submitSerial=170; presentSerial=170; serializedFence=true; globalDraw=0; dynamicHierarchyDraw=0; candidateIndirectDraw=1; visibleEarthOwners=1
[native] Earth focus frame: frame=171; epoch=2; focusedBody=6; cameraTargetBody=6; radius=6371008.799999997; distance=6371043.498905328; altitude=19.563972473; surfaceMode=2; terrainVersion=5; regime=2; roots=0x3F; activePatches=7; distantOwner=0; globalOwner=0; dynamicOwner=0; candidateOwner=1; material=production-billboard; fingerprint=10/0.580000/0.160000/0.000000; center=(681124.375,5550646.5,-3052308.75); orientation=(0.699684024,-0.100386269,-0.102206536,0.699941933); presentationRadius=6371009.000000000; draws=0/0/0/1
[native] Earth Vulkan submission: terrainFrame=171; swapchainImage=2; recordSerial=171; submitSerial=171; presentSerial=171; serializedFence=true; globalDraw=0; dynamicHierarchyDraw=0; candidateIndirectDraw=1; visibleEarthOwners=1
[native] Earth focus frame: frame=172; epoch=2; focusedBody=6; cameraTargetBody=6; radius=6371008.799999997; distance=6371043.498905328; altitude=19.563972473; surfaceMode=2; terrainVersion=5; regime=2; roots=0x3F; activePatches=7; distantOwner=0; globalOwner=0; dynamicOwner=0; candidateOwner=1; material=production-billboard; fingerprint=10/0.580000/0.160000/0.000000; center=(681124.375,5550646.5,-3052308.75); orientation=(0.699684024,-0.100386269,-0.102206536,0.699941933); presentationRadius=6371009.000000000; draws=0/0/0/1
[native] Earth Vulkan submission: terrainFrame=172; swapchainImage=0; recordSerial=172; submitSerial=172; presentSerial=172; serializedFence=true; globalDraw=0; dynamicHierarchyDraw=0; candidateIndirectDraw=1; visibleEarthOwners=1
[native] Earth focus frame: frame=173; epoch=2; focusedBody=6; cameraTargetBody=6; radius=6371008.799999997; distance=6371043.498905328; altitude=19.563972473; surfaceMode=2; terrainVersion=5; regime=2; roots=0x3F; activePatches=7; distantOwner=0; globalOwner=0; dynamicOwner=0; candidateOwner=1; material=production-billboard; fingerprint=10/0.580000/0.160000/0.000000; center=(681124.375,5550646.5,-3052308.75); orientation=(0.699684024,-0.100386269,-0.102206536,0.699941933); presentationRadius=6371009.000000000; draws=0/0/0/1
[native] Earth Vulkan submission: terrainFrame=173; swapchainImage=1; recordSerial=173; submitSerial=173; presentSerial=173; serializedFence=true; globalDraw=0; dynamicHierarchyDraw=0; candidateIndirectDraw=1; visibleEarthOwners=1
[native] Earth focus frame: frame=174; epoch=2; focusedBody=6; cameraTargetBody=6; radius=6371008.799999997; distance=6371043.498905328; altitude=19.563972473; surfaceMode=2; terrainVersion=5; regime=2; roots=0x3F; activePatches=7; distantOwner=0; globalOwner=0; dynamicOwner=0; candidateOwner=1; material=production-billboard; fingerprint=10/0.580000/0.160000/0.000000; center=(681124.375,5550646.5,-3052308.75); orientation=(0.699684024,-0.100386269,-0.102206536,0.699941933); presentationRadius=6371009.000000000; draws=0/0/0/1
[native] Earth Vulkan submission: terrainFrame=174; swapchainImage=2; recordSerial=174; submitSerial=174; presentSerial=174; serializedFence=true; globalDraw=0; dynamicHierarchyDraw=0; candidateIndirectDraw=1; visibleEarthOwners=1
[native] Earth focus frame: frame=175; epoch=2; focusedBody=6; cameraTargetBody=6; radius=6371008.799999997; distance=6371043.498905328; altitude=19.563972473; surfaceMode=2; terrainVersion=5; regime=2; roots=0x3F; activePatches=7; distantOwner=0; globalOwner=0; dynamicOwner=0; candidateOwner=1; material=production-billboard; fingerprint=10/0.580000/0.160000/0.000000; center=(681124.375,5550646.5,-3052308.75); orientation=(0.699684024,-0.100386269,-0.102206536,0.699941933); presentationRadius=6371009.000000000; draws=0/0/0/1
[native] Earth Vulkan submission: terrainFrame=175; swapchainImage=0; recordSerial=175; submitSerial=175; presentSerial=175; serializedFence=true; globalDraw=0; dynamicHierarchyDraw=0; candidateIndirectDraw=1; visibleEarthOwners=1
[native] Earth focus frame: frame=176; epoch=2; focusedBody=6; cameraTargetBody=6; radius=6371008.799999997; distance=6371043.498905328; altitude=19.563972473; surfaceMode=2; terrainVersion=5; regime=2; roots=0x3F; activePatches=7; distantOwner=0; globalOwner=0; dynamicOwner=0; candidateOwner=1; material=production-billboard; fingerprint=10/0.580000/0.160000/0.000000; center=(681124.375,5550646.5,-3052308.75); orientation=(0.699684024,-0.100386269,-0.102206536,0.699941933); presentationRadius=6371009.000000000; draws=0/0/0/1
[native] Earth Vulkan submission: terrainFrame=176; swapchainImage=1; recordSerial=176; submitSerial=176; presentSerial=176; serializedFence=true; globalDraw=0; dynamicHierarchyDraw=0; candidateIndirectDraw=1; visibleEarthOwners=1
[native] Earth focus frame: frame=177; epoch=2; focusedBody=6; cameraTargetBody=6; radius=6371008.799999997; distance=6371043.498905328; altitude=19.563972473; surfaceMode=2; terrainVersion=5; regime=2; roots=0x3F; activePatches=7; distantOwner=0; globalOwner=0; dynamicOwner=0; candidateOwner=1; material=production-billboard; fingerprint=10/0.580000/0.160000/0.000000; center=(681124.375,5550646.5,-3052308.75); orientation=(0.699684024,-0.100386269,-0.102206536,0.699941933); presentationRadius=6371009.000000000; draws=0/0/0/1
[native] Earth Vulkan submission: terrainFrame=177; swapchainImage=2; recordSerial=177; submitSerial=177; presentSerial=177; serializedFence=true; globalDraw=0; dynamicHierarchyDraw=0; candidateIndirectDraw=1; visibleEarthOwners=1
[native] Earth focus frame: frame=178; epoch=2; focusedBody=6; cameraTargetBody=6; radius=6371008.799999997; distance=6371043.498905328; altitude=19.563972473; surfaceMode=2; terrainVersion=5; regime=2; roots=0x3F; activePatches=7; distantOwner=0; globalOwner=0; dynamicOwner=0; candidateOwner=1; material=production-billboard; fingerprint=10/0.580000/0.160000/0.000000; center=(681124.375,5550646.5,-3052308.75); orientation=(0.699684024,-0.100386269,-0.102206536,0.699941933); presentationRadius=6371009.000000000; draws=0/0/0/1
[native] Earth Vulkan submission: terrainFrame=178; swapchainImage=0; recordSerial=178; submitSerial=178; presentSerial=178; serializedFence=true; globalDraw=0; dynamicHierarchyDraw=0; candidateIndirectDraw=1; visibleEarthOwners=1
[native] GPU anchored refinement: submittedFrame=178; generation=1; level=17; topologyFamily=1; inputTriangles=1424208; postHorizonTriangles=1184036; horizonRejected=240172; postScreenConeTriangles=341233; screenConeRejected=842803; tcsPatches=0; tcsScreenRejected=0; refinedVertices=0; clippingOutputPrimitives=92832; fragmentInvocations=1365415; compactedIndices=1023699; indirectDraws=1; maximumOuterTesFactor=0.000000; maximumInnerTesFactor=0.000000; maximumTesFactor=0; rasterDiagnostic=0x0; countersAndQueryFrameMatch=true; CPUFinalRaster=false; directPreparedRaster=true
[native] Earth focus frame: frame=179; epoch=2; focusedBody=6; cameraTargetBody=6; radius=6371008.799999997; distance=6371043.498905328; altitude=19.563972473; surfaceMode=2; terrainVersion=5; regime=2; roots=0x3F; activePatches=7; distantOwner=0; globalOwner=0; dynamicOwner=0; candidateOwner=1; material=production-billboard; fingerprint=10/0.580000/0.160000/0.000000; center=(681124.375,5550646.5,-3052308.75); orientation=(0.699684024,-0.100386269,-0.102206536,0.699941933); presentationRadius=6371009.000000000; draws=0/0/0/1
[native] Earth Vulkan submission: terrainFrame=179; swapchainImage=1; recordSerial=179; submitSerial=179; presentSerial=179; serializedFence=true; globalDraw=0; dynamicHierarchyDraw=0; candidateIndirectDraw=1; visibleEarthOwners=1
[native] Earth focus frame: frame=180; epoch=2; focusedBody=6; cameraTargetBody=6; radius=6371008.799999997; distance=6371043.498905328; altitude=19.563972473; surfaceMode=2; terrainVersion=5; regime=2; roots=0x3F; activePatches=7; distantOwner=0; globalOwner=0; dynamicOwner=0; candidateOwner=1; material=production-billboard; fingerprint=10/0.580000/0.160000/0.000000; center=(681124.375,5550646.5,-3052308.75); orientation=(0.699684024,-0.100386269,-0.102206536,0.699941933); presentationRadius=6371009.000000000; draws=0/0/0/1
[native] Earth Vulkan submission: terrainFrame=180; swapchainImage=2; recordSerial=180; submitSerial=180; presentSerial=180; serializedFence=true; globalDraw=0; dynamicHierarchyDraw=0; candidateIndirectDraw=1; visibleEarthOwners=1
[native] Earth focus frame: frame=181; epoch=2; focusedBody=6; cameraTargetBody=6; radius=6371008.799999997; distance=6371043.498905328; altitude=19.563972473; surfaceMode=2; terrainVersion=5; regime=2; roots=0x3F; activePatches=7; distantOwner=0; globalOwner=0; dynamicOwner=0; candidateOwner=1; material=production-billboard; fingerprint=10/0.580000/0.160000/0.000000; center=(681124.375,5550646.5,-3052308.75); orientation=(0.699684024,-0.100386269,-0.102206536,0.699941933); presentationRadius=6371009.000000000; draws=0/0/0/1
[native] Earth Vulkan submission: terrainFrame=181; swapchainImage=0; recordSerial=181; submitSerial=181; presentSerial=181; serializedFence=true; globalDraw=0; dynamicHierarchyDraw=0; candidateIndirectDraw=1; visibleEarthOwners=1
[native] GPU timings: total=4.589 ms; backgroundDepth=0.000; anchoredDraw=2.505; background=0.661; preSurface=0.000; scene=4.532; toneMap=0.057; regionalCompute=0.773; materialsOverlays=2.602
[native] GPU anchored refinement: submittedFrame=298; generation=1; level=17; topologyFamily=1; inputTriangles=1424208; postHorizonTriangles=1184036; horizonRejected=240172; postScreenConeTriangles=341233; screenConeRejected=842803; tcsPatches=0; tcsScreenRejected=0; refinedVertices=0; clippingOutputPrimitives=92816; fragmentInvocations=1365474; compactedIndices=1023699; indirectDraws=1; maximumOuterTesFactor=0.000000; maximumInnerTesFactor=0.000000; maximumTesFactor=0; rasterDiagnostic=0x0; countersAndQueryFrameMatch=true; CPUFinalRaster=false; directPreparedRaster=true
GPU_MEMORY_UI phase=gameplay sequence=27 sampleQpc=1553261824370 uiQpc=1553261824872 utc=2026-09-29T22:21:09.2410372Z status=Ready usage=622632960 budget=12288049152 capacity=17163091968 queryNs=5300 adapter=AMD Radeon RX 6800 XT uuid=00000000030000000000000000000000 luid=D6C4010000000000 luidValid=True vendor=1002 device=73BF heapMask=2 copyAndUiUs=86.1
[native] GPU timings: total=4.747 ms; backgroundDepth=0.000; anchoredDraw=2.506; background=0.661; preSurface=0.000; scene=4.690; toneMap=0.057; regionalCompute=0.762; materialsOverlays=2.637
[native] GPU anchored refinement: submittedFrame=418; generation=1; level=17; topologyFamily=1; inputTriangles=1424208; postHorizonTriangles=1184036; horizonRejected=240172; postScreenConeTriangles=341237; screenConeRejected=842799; tcsPatches=0; tcsScreenRejected=0; refinedVertices=0; clippingOutputPrimitives=93228; fragmentInvocations=1378942; compactedIndices=1023711; indirectDraws=1; maximumOuterTesFactor=0.000000; maximumInnerTesFactor=0.000000; maximumTesFactor=0; rasterDiagnostic=0x0; countersAndQueryFrameMatch=true; CPUFinalRaster=false; directPreparedRaster=true
[native] GPU timings: total=5.015 ms; backgroundDepth=0.000; anchoredDraw=2.757; background=0.662; preSurface=0.000; scene=4.928; toneMap=0.087; regionalCompute=0.768; materialsOverlays=3.190
GPU_MEMORY_UI phase=gameplay sequence=28 sampleQpc=1553271802217 uiQpc=1553271802655 utc=2026-09-29T22:21:10.2388218Z status=Ready usage=622632960 budget=12288049152 capacity=17163091968 queryNs=4900 adapter=AMD Radeon RX 6800 XT uuid=00000000030000000000000000000000 luid=D6C4010000000000 luidValid=True vendor=1002 device=73BF heapMask=2 copyAndUiUs=65.0
[native] GPU anchored refinement: submittedFrame=538; generation=1; level=17; topologyFamily=1; inputTriangles=1424208; postHorizonTriangles=1184048; horizonRejected=240160; postScreenConeTriangles=341422; screenConeRejected=842626; tcsPatches=0; tcsScreenRejected=0; refinedVertices=0; clippingOutputPrimitives=99093; fragmentInvocations=1882850; compactedIndices=1024266; indirectDraws=1; maximumOuterTesFactor=0.000000; maximumInnerTesFactor=0.000000; maximumTesFactor=0; rasterDiagnostic=0x0; countersAndQueryFrameMatch=true; CPUFinalRaster=false; directPreparedRaster=true
[native] GPU timings: total=5.880 ms; backgroundDepth=0.000; anchoredDraw=3.464; background=0.663; preSurface=0.000; scene=5.311; toneMap=0.569; regionalCompute=0.770; materialsOverlays=3.566
[native] GPU anchored refinement: submittedFrame=658; generation=1; level=17; topologyFamily=1; inputTriangles=1424208; postHorizonTriangles=1184053; horizonRejected=240155; postScreenConeTriangles=341555; screenConeRejected=842498; tcsPatches=0; tcsScreenRejected=0; refinedVertices=0; clippingOutputPrimitives=102077; fragmentInvocations=2111246; compactedIndices=1024665; indirectDraws=1; maximumOuterTesFactor=0.000000; maximumInnerTesFactor=0.000000; maximumTesFactor=0; rasterDiagnostic=0x0; countersAndQueryFrameMatch=true; CPUFinalRaster=false; directPreparedRaster=true
GPU_MEMORY_UI phase=gameplay sequence=29 sampleQpc=1553282307494 uiQpc=1553282307869 utc=2026-09-29T22:21:11.2893495Z status=Ready usage=622632960 budget=12288049152 capacity=17163091968 queryNs=5200 adapter=AMD Radeon RX 6800 XT uuid=00000000030000000000000000000000 luid=D6C4010000000000 luidValid=True vendor=1002 device=73BF heapMask=2 copyAndUiUs=51.1
[native] Renderer health: completedFrame=705; extent=3440x1440; applicationMode=2; surfaceMode=2; patches=0; billboardOwner=1; camera=(0,0,0); fenceMs=5.231
[native] GPU timings: total=5.886 ms; backgroundDepth=0.000; anchoredDraw=3.499; background=0.661; preSurface=0.000; scene=5.694; toneMap=0.193; regionalCompute=0.768; materialsOverlays=3.865
[native] GPU anchored refinement: submittedFrame=778; generation=1; level=17; topologyFamily=1; inputTriangles=1424208; postHorizonTriangles=1184070; horizonRejected=240138; postScreenConeTriangles=341576; screenConeRejected=842494; tcsPatches=0; tcsScreenRejected=0; refinedVertices=0; clippingOutputPrimitives=107887; fragmentInvocations=2784241; compactedIndices=1024728; indirectDraws=1; maximumOuterTesFactor=0.000000; maximumInnerTesFactor=0.000000; maximumTesFactor=0; rasterDiagnostic=0x0; countersAndQueryFrameMatch=true; CPUFinalRaster=false; directPreparedRaster=true
GPU_MEMORY_UI phase=gameplay sequence=30 sampleQpc=1553292629555 uiQpc=1553292629955 utc=2026-09-29T22:21:12.3215555Z status=Ready usage=622632960 budget=12288049152 capacity=17163091968 queryNs=4900 adapter=AMD Radeon RX 6800 XT uuid=00000000030000000000000000000000 luid=D6C4010000000000 luidValid=True vendor=1002 device=73BF heapMask=2 copyAndUiUs=59.1
[native] GPU timings: total=7.201 ms; backgroundDepth=0.000; anchoredDraw=5.248; background=0.660; preSurface=0.000; scene=6.686; toneMap=0.515; regionalCompute=0.769; materialsOverlays=5.248
[native] Average frame time: 7.124 ms (855 frames)
[native] Frame pacing: p50=5.986 ms; p95=8.272 ms; p99=13.516 ms; max=618.411 ms; samples=855
[native] Fence wait pacing: average=4.653 ms; p95=6.630 ms; max=7.825 ms; samples=855
[native] CPU timings: update=6.249 ms; fence=4.653; inspection=0.053; hostCallback=1.362; validationUpload=0.182; record=0.058; submit=0.023; present=0.201
[native] GPU anchored refinement averages: tcsPatches=0.0; refinedVertices=0.0; clippingOutputPrimitives=98147.3; fragmentInvocations=1819610.5; samples=796; CPUFinalRaster=false
[native] GPU timing averages: total=5.133 ms; backgroundDepth=0.000; anchoredDraw=2.887; background=0.662; preSurface=0.000; toneMap=0.315
[native] NCSM1 regional physical totals: requests=670; hits=1756; misses=670; loaded=670; readBytes=163158696; uploadedBytes=93392640; residentHighWater=670; allocatedBytes=119737728; maximumBytes=124895232; queueHighWater=610; completionCapacity=896; payloadWriter=workerWriteOnce; publicationBatches=38; maximumPublicationRecords=22; workerCopyMs=2.887; demandDispatches=22; dependencyDelayMsMax=313.825; recordReadDecodeVerifyMs=201.979; contributingRecords=670; anchoredDemandRequired=false
MODULAR_FLIGHT_END failed=False reason=none source=2626a49f5233df25fb50019c791203389fdb2aa8f53f321ee3290c23401fd07b compiled=2e06de6c03c957cffa38ca9e34bfc5f102e1acdb1ebf294305136fe4c8bb8b00 epoch=843992536358588 sequence=191 mass=1284 position=Double3 { X = -0.002364928019175361, Y = 27.771446064358, Z = 0.028488824653014812, LengthSquared = 771.25403371156, IsFinite = True } velocity=Double3 { X = -0.0035561051690831385, Y = 27.893508821914878, Z = 0.028487559887282233, LengthSquared = 778.0486585851954, IsFinite = True }
MODULAR_FRAME samples=465 median=6.0002 p95=8.5577 p99=13.8261 max=40.0818 serviceMedian=0.0042 serviceP95=3.1491 serviceP99=3.6076 serviceMax=34.1582
MODULAR_INTEGRATED_MEASURE {"warmupPerPhase":64,"sampling":"first three 256-frame windows within each phase; normal GC; phase re-entry retains that phase\u0027s sequence","boundary":"callback input, bounded physical service, celestial publication, camera and render preparation; frame interval also includes native presentation/scheduling","windows":2}
MODULAR_INTEGRATED_WINDOW {"phase":"supported","window":0,"samples":99,"complete":false,"rcsFrames":0,"frameMs":{"median":5.185000132769346,"p95":7.391300052404404,"p99":12.422599829733372,"max":12.422599829733372,"maximumConsecutiveP95":2},"callbackMs":{"median":0.1074,"p95":2.449,"p99":8.0245,"max":8.0245,"maximumConsecutiveP95":2},"allocatedBytes":{"median":0,"p95":65680,"p99":81960,"max":81960,"maximumConsecutiveP95":2},"collections":[0,0,0]}
MODULAR_INTEGRATED_WINDOW {"phase":"powered","window":0,"samples":240,"complete":false,"rcsFrames":0,"frameMs":{"median":6.496100220829248,"p95":8.135699667036533,"p99":8.69940035045147,"max":14.287600293755531,"maximumConsecutiveP95":2},"callbackMs":{"median":0.1143,"p95":0.6033,"p99":1.2403,"max":7.5722,"maximumConsecutiveP95":2},"allocatedBytes":{"median":0,"p95":49440,"p99":49728,"max":319120,"maximumConsecutiveP95":1},"collections":[0,0,0]}
GPU_MEMORY_CLOSED timer=stopped renderer=retired sharedInstance=destroyed
Session ended; exitCode=0
